id,alliance_tech,attribute_Id,diy_show,effect_march_type,effect_side,fight_force_ratio,fight_force_type,fight_type,fightType,icon,icon_big,max,name,power_ratio_hero,power_ratio_troop,report_show,team_show,type
1,-1,-1,-1,-1,-1,-1,,,[],,,-1,attribute_name_1,0,0,-1,-1,1
2,-1,-1,-1,-1,-1,-1,,,[],,,-1,attribute_name_2,0,0,-1,-1,1
3,-1,-1,1,-1,-1,-1,,,[],attr_01,,-1,attribute_name_103,0,0,-1,-1,1
4,-1,-1,1,-1,-1,-1,,,[],attr_02,,-1,attribute_name_104,0,0,-1,-1,1
5,-1,-1,-1,-1,-1,-1,,,[],attr_speed,,-1,attribute_name_5,0,0,-1,-1,1
6,-1,-1,-1,-1,-1,-1,,,[],,,-1,attribute_name_6,0,0,-1,-1,2
7,-1,-1,-1,-1,-1,-1,,,[],,,-1,attribute_name_7,0,0,-1,-1,2
8,-1,-1,-1,-1,-1,-1,,,[],attr_crit,,-1,attribute_name_8,0,0,-1,1,2
9,-1,-1,-1,-1,-1,-1,,,[],attr_riot,,-1,attribute_name_9,0,0,-1,1,2
10,-1,-1,-1,-1,-1,-1,,,[],attr_critical-damage,,-1,attribute_name_10,0,0,-1,-1,2
11,-1,-1,-1,-1,-1,-1,,,[],attr_damage-reduction,,-1,attribute_name_11,0,0,-1,-1,2
12,-1,-1,-1,-1,-1,-1,,,[],attr_hit,,-1,attribute_name_12,0,0,-1,1,2
13,-1,-1,-1,-1,-1,-1,,,[],attr_dodge,,-1,attribute_name_13,0,0,-1,1,2
14,-1,-1,-1,-1,-1,-1,,,[],,,-1,attribute_name_14,0,0,-1,-1,1
15,-1,-1,-1,-1,-1,-1,,,[],,,-1,attribute_name_15,0,0,-1,-1,2
16,-1,-1,-1,-1,-1,-1,,,[],attr_parry,,-1,attribute_name_16,0,0,-1,-1,2
17,-1,-1,-1,-1,-1,-1,,,[],,,-1,attribute_name_17,0,0,-1,-1,2
18,-1,-1,1,-1,-1,-1,,,[],attr_damage,,-1,attribute_name_18,0,0,1,1,2
19,-1,-1,1,-1,-1,-1,,,[],attr_damage-reduction,,-1,attribute_name_19,0,0,1,1,2
20,-1,-1,-1,-1,-1,-1,,,[],,,-1,attribute_name_20,0,0,-1,1,2
21,-1,-1,-1,-1,-1,-1,,,[],,,-1,attribute_name_21,0,0,-1,1,2
22,1,-1,-1,-1,-1,-1,,,[],attr_defence,,-1,attribute_name_22,0,0,1,-1,1
23,-1,-1,-1,-1,-1,-1,,,[],,,-1,attribute_name_23,0,0,-1,-1,1
24,-1,-1,-1,-1,-1,-1,,,[],,,-1,attribute_name_24,0,0,-1,-1,1
25,-1,-1,-1,-1,-1,-1,,,[],attr_damage,,-1,attribute_name_25,0,0,-1,1,2
26,-1,-1,-1,-1,-1,-1,,,[],attr_damage-reduction,,-1,attribute_name_26,0,0,-1,1,2
27,-1,-1,-1,-1,-1,-1,,,[],tech_2029,,-1,attribute_name_27,0,0,-1,-1,2
28,-1,-1,-1,-1,-1,-1,,,[],tech_2032,,-1,attribute_name_28,0,0,-1,-1,2
29,-1,-1,-1,-1,-1,-1,,,[],tech_2028,,-1,attribute_name_29,0,0,-1,-1,2
30,-1,-1,-1,-1,-1,-1,,,[],tech_2031,,-1,attribute_name_30,0,0,-1,-1,2
31,-1,-1,-1,-1,-1,-1,,,[],tech_2027,,-1,attribute_name_31,0,0,-1,-1,2
32,-1,-1,-1,-1,-1,-1,,,[],tech_2030,,-1,attribute_name_32,0,0,-1,-1,2
33,-1,-1,-1,-1,-1,-1,,,[],attr_healing-rate,,-1,attribute_name_33,0,0,-1,1,2
34,-1,-1,1,-1,-1,-1,,,[],attr_be-healing-rate,,-1,attribute_name_34,0,0,-1,1,2
35,-1,-1,-1,-1,-1,-1,,,[],attr_damage,,-1,attribute_name_37,0,0,1,-1,2
36,-1,-1,-1,-1,-1,-1,,,[],attr_damage-reduction,,-1,attribute_name_38,0,0,1,-1,2
37,-1,-1,-1,-1,-1,-1,,,[],,,-1,attribute_name_37,0,0,-1,-1,2
38,-1,-1,-1,-1,-1,-1,,,[],,,-1,attribute_name_38,0,0,-1,-1,2
39,-1,-1,-1,-1,-1,-1,,,[],,,-1,attribute_name_39,0,0,-1,-1,2
40,-1,-1,-1,-1,-1,-1,,,[],,,-1,attribute_name_40,0,0,-1,-1,2
41,-1,-1,-1,-1,-1,-1,,,[],,,-1,attribute_name_41,0,0,-1,-1,2
42,-1,-1,-1,-1,-1,-1,,,[],,,-1,attribute_name_42,0,0,-1,-1,2
43,-1,-1,-1,-1,-1,-1,,,[],icon_Decorationslv,,-1,attribute_name_43,0,0,-1,-1,1
44,1,-1,-1,-1,-1,-1,,,[],attr_damage-reduction,,-1,attribute_name_44,0,0,-1,-1,2
45,-1,-1,-1,-1,-1,-1,,,[],attr_damage,,-1,attribute_name_45,0,0,1,-1,2
46,-1,-1,-1,-1,-1,-1,,,[],attr_damage-reduction,,-1,attribute_name_46,0,0,-1,-1,2
47,-1,-1,-1,-1,-1,-1,,,[],attr_damage,,-1,attribute_name_47,0,0,-1,-1,2
48,-1,-1,-1,-1,-1,-1,,,[],attr_damage-reduction,,-1,attribute_name_48,0,0,1,-1,2
49,-1,-1,-1,-1,-1,-1,,,[],attr_damage,,-1,attribute_name_49,0,0,-1,-1,2
50,-1,-1,-1,-1,-1,-1,,,[],attr_damage-reduction,,-1,attribute_name_50,0,0,-1,-1,2
51,-1,-1,-1,-1,-1,-1,,,[],,,-1,attribute_name_51,0,0,-1,-1,2
52,-1,-1,-1,-1,-1,-1,,,[],tech_2003,,-1,attribute_name_52,0,0,-1,-1,2
53,-1,-1,-1,-1,-1,-1,,,[],,,-1,attribute_name_53,0,0,-1,-1,2
54,-1,-1,-1,-1,-1,-1,,,[],tech_2003,,-1,attribute_name_54,0,0,-1,-1,2
55,-1,-1,-1,-1,-1,-1,,,[],,,-1,attribute_name_55,0,0,-1,-1,2
56,-1,-1,-1,-1,-1,-1,,,[],,,-1,attribute_name_56,0,0,-1,-1,2
57,-1,-1,-1,-1,-1,-1,,,[],,,-1,attribute_name_57,0,0,-1,-1,1
58,-1,-1,1,-1,-1,-1,,,[],attr_01,,-1,attribute_name_58,0,0,-1,-1,1
59,-1,-1,1,-1,-1,-1,,,[],attr_02,,-1,attribute_name_59,0,0,-1,-1,1
60,-1,-1,-1,-1,-1,-1,,,[],,,-1,attribute_name_60,0,0,-1,-1,2
61,-1,-1,-1,-1,-1,-1,,,[],,,-1,attribute_name_61,0,0,-1,-1,2
62,-1,-1,1,-1,-1,-1,,,[],attr_01,,-1,attribute_name_62,0,0,1,-1,2
63,-1,-1,1,-1,-1,-1,,,[],attr_02,,-1,attribute_name_63,0,0,1,-1,2
64,-1,-1,-1,-1,-1,-1,,,[],attr_antidefence,,-1,attribute_name_64,0,0,1,-1,1
65,-1,-1,1,-1,-1,-1,,,[],attr_01,,-1,attribute_name_165,0,0,-1,-1,1
66,-1,-1,1,-1,-1,-1,,,[],attr_02,,-1,attribute_name_166,0,0,-1,-1,1
67,-1,-1,-1,-1,-1,-1,,,[],,,-1,attribute_name_67,0,0,-1,-1,2
68,-1,-1,-1,-1,-1,-1,,,[],attr_damage,,-1,attribute_name_68,0,0,-1,-1,2
69,-1,-1,-1,-1,-1,-1,,,[],attr_damage-reduction,,-1,attribute_name_69,0,0,-1,-1,2
71,-1,-1,-1,-1,-1,-1,,,[],,,-1,,0,0,-1,-1,-1
72,-1,-1,-1,-1,-1,-1,,,[],attr_crit,,-1,attribute_name_8,0,0,-1,-1,2
73,-1,-1,-1,-1,-1,-1,,,[],attr_riot,,-1,attribute_name_9,0,0,-1,-1,2
74,-1,-1,-1,-1,-1,-1,,,[],attr_hit,,-1,attribute_name_12,0,0,-1,-1,2
75,-1,-1,-1,-1,-1,-1,,,[],attr_dodge,,-1,attribute_name_13,0,0,-1,-1,2
76,-1,-1,-1,-1,-1,-1,,,[],attr_parry,,-1,attribute_name_16,0,0,-1,-1,2
77,-1,-1,-1,-1,-1,-1,,,[],,,-1,attribute_name_17,0,0,-1,-1,2
78,-1,-1,-1,-1,-1,-1,,,[],,,-1,attribute_name_78,0,0,-1,-1,2
79,-1,-1,-1,-1,-1,-1,,,[],,,-1,attribute_name_79,0,0,-1,-1,2
80,-1,-1,-1,-1,-1,-1,,,[],,,-1,attribute_name_20,0,0,-1,-1,2
81,-1,-1,-1,-1,-1,-1,,,[],,,-1,attribute_name_21,0,0,-1,-1,2
82,-1,-1,-1,-1,-1,-1,,,[],,,-1,attribute_name_25,0,0,-1,-1,2
83,-1,-1,-1,-1,-1,-1,,,[],,,-1,attribute_name_26,0,0,-1,-1,2
84,-1,-1,-1,-1,-1,-1,,,[],attr_crit,,-1,attribute_name_84,0,0,-1,1,2
85,-1,-1,-1,-1,-1,-1,,,[],attr_crit,,-1,attribute_name_85,0,0,-1,1,2
86,-1,-1,-1,-1,-1,-1,,,[],attr_critical-damage,,-1,attribute_name_86,0,0,-1,1,2
87,-1,-1,-1,-1,-1,-1,,,[],attr_critical-damage,,-1,attribute_name_87,0,0,-1,1,2
88,-1,-1,-1,-1,-1,-1,,,[],,,-1,attribute_name_88,0,0,-1,-1,1
89,-1,-1,-1,-1,-1,-1,,,[],,,-1,attribute_name_89,0,0,-1,-1,2
90,-1,-1,-1,-1,-1,-1,,,[],tech_2029,,-1,attribute_name_27,0,0,-1,-1,2
91,-1,-1,-1,-1,-1,-1,,,[],tech_2032,,-1,attribute_name_28,0,0,-1,-1,2
92,-1,-1,-1,-1,-1,-1,,,[],tech_2028,,-1,attribute_name_29,0,0,-1,-1,2
93,-1,-1,-1,-1,-1,-1,,,[],tech_2031,,-1,attribute_name_30,0,0,-1,-1,2
94,-1,-1,-1,-1,-1,-1,,,[],tech_2027,,-1,attribute_name_31,0,0,-1,-1,2
95,-1,-1,-1,-1,-1,-1,,,[],tech_2030,,-1,attribute_name_32,0,0,-1,-1,2
96,-1,-1,-1,-1,-1,-1,,,[],attr_damage,,-1,attribute_name_96,0,0,-1,1,2
97,-1,-1,-1,-1,-1,-1,,,[],attr_damage-reduction,,-1,attribute_name_97,0,0,-1,1,2
101,-1,-1,-1,-1,-1,-1,,,[],,,-1,attribute_name_101,0,0,-1,-1,2
102,-1,-1,-1,-1,-1,-1,,,[],,,-1,attribute_name_102,0,0,-1,-1,2
103,1,-1,1,-1,-1,-1,,,[],attr_01,,-1,attribute_name_103,0,0,1,-1,2
104,1,-1,1,-1,-1,-1,,,[],attr_02,,-1,attribute_name_104,0,0,1,-1,2
105,-1,-1,-1,-1,-1,-1,,,[],,,-1,attribute_name_105,0,0,-1,-1,2
106,-1,-1,-1,-1,-1,-1,,,[],,,-1,attribute_name_106,0,0,-1,-1,2
107,-1,-1,-1,-1,-1,-1,,,[],,,-1,attribute_name_107,0,0,-1,-1,2
108,-1,-1,-1,-1,-1,-1,,,[],,,-1,attribute_name_108,0,0,-1,-1,2
109,-1,-1,-1,-1,-1,-1,,,[],,,-1,attribute_name_109,0,0,-1,-1,2
110,-1,-1,-1,-1,-1,-1,,,[],,,-1,attribute_name_110,0,0,-1,-1,2
111,-1,-1,-1,-1,-1,-1,,,[],,,-1,attribute_name_111,0,0,-1,-1,2
112,-1,-1,-1,-1,-1,-1,,,[],,,-1,attribute_name_112,0,0,-1,-1,2
113,-1,-1,-1,-1,-1,-1,,,[],,,-1,attribute_name_113,0,0,-1,-1,2
114,-1,-1,-1,-1,-1,-1,,,[],,,-1,attribute_name_114,0,0,-1,-1,2
115,-1,-1,-1,-1,-1,-1,,,[],,,-1,attribute_name_115,0,0,-1,-1,2
116,-1,-1,-1,-1,-1,-1,,,[],,,-1,attribute_name_116,0,0,-1,-1,2
117,-1,-1,-1,-1,-1,-1,,,[],,,-1,attribute_name_117,0,0,-1,-1,2
118,-1,-1,-1,-1,-1,-1,,,[],,,-1,attribute_name_118,0,0,-1,-1,2
119,-1,-1,-1,-1,-1,-1,,,[],,,-1,attribute_name_119,0,0,-1,-1,2
120,-1,-1,-1,-1,-1,-1,,,[],,,-1,attribute_name_120,0,0,-1,-1,2
121,-1,-1,-1,-1,-1,-1,,,[],,,-1,attribute_name_121,0,0,-1,-1,2
122,-1,-1,-1,-1,-1,-1,,,[],,,-1,attribute_name_122,0,0,-1,-1,2
157,-1,-1,-1,-1,-1,-1,,,[],,,-1,attribute_name_157,0,0,-1,-1,2
158,-1,-1,1,-1,-1,-1,,,[],attr_01,,-1,attribute_name_58,0,0,-1,-1,2
159,-1,-1,1,-1,-1,-1,,,[],attr_02,,-1,attribute_name_59,0,0,-1,-1,2
162,-1,-1,1,-1,-1,-1,,,[],attr_01,,-1,attribute_name_62,0,0,1,-1,2
163,-1,-1,1,-1,-1,-1,,,[],attr_02,,-1,attribute_name_63,0,0,1,-1,2
165,-1,-1,-1,-1,-1,-1,,,[],attr_01,,-1,attribute_name_165,0,0,-1,-1,2
166,-1,-1,-1,-1,-1,-1,,,[],attr_02,,-1,attribute_name_166,0,0,-1,-1,2
188,-1,-1,-1,-1,-1,-1,,,[],,,-1,attribute_name_88,0,0,-1,-1,2
1001,-1,-1,-1,-1,-1,-1,,,[],,,-1,attribute_name_1001,0,0,-1,-1,2
1002,-1,-1,-1,-1,-1,-1,,,[],,,-1,attribute_name_1002,0,0,-1,-1,2
1003,-1,-1,-1,-1,-1,-1,,,[],,,-1,attribute_name_1003,0,0,-1,-1,2
1004,1,-1,-1,-1,-1,-1,,,[],,,-1,attribute_name_1004,0,0,-1,-1,2
1005,1,-1,-1,-1,-1,-1,,,[],,,-1,attribute_name_1005,0,0,-1,-1,2
1006,1,-1,-1,-1,-1,-1,,,[],,,-1,attribute_name_1006,0,0,-1,-1,2
1007,-1,-1,-1,-1,-1,-1,,,[],,,-1,attribute_name_1007,0,0,-1,-1,2
1008,-1,-1,-1,-1,-1,-1,,,[],,,-1,attribute_name_1008,0,0,-1,-1,2
1009,-1,-1,-1,-1,-1,-1,,,[],,,-1,attribute_name_1009,0,0,-1,-1,2
1010,-1,-1,-1,-1,-1,-1,,,[],,,-1,attribute_name_1010,0,0,-1,-1,1
1011,-1,-1,-1,-1,-1,-1,,,[],,,-1,attribute_name_1011,0,0,-1,-1,1
1012,-1,-1,-1,-1,-1,-1,,,[],icon_20007,,-1,attribute_name_1012,0,0,-1,-1,2
1013,-1,-1,-1,-1,-1,-1,,,[],icon_20001,,-1,attribute_name_1013,0,0,-1,-1,2
1014,-1,-1,-1,-1,-1,-1,,,[],icon_20004,,-1,attribute_name_1014,0,0,-1,-1,2
1015,-1,-1,-1,-1,-1,-1,,,[],,,-1,attribute_name_1015,0,0,-1,-1,1
1016,-1,-1,-1,-1,-1,-1,,,[],icon_50011,,-1,attribute_name_1016,0,0,-1,-1,2
1017,-1,-1,-1,-1,-1,-1,,,[],icon_50010,,-1,attribute_name_1017,0,0,-1,-1,1
1018,-1,-1,-1,-1,-1,-1,,,[],icon_50012,,-1,attribute_name_1018,0,0,-1,-1,1
1019,-1,-1,-1,-1,-1,-1,,,[],attr_be-zongbingli,,-1,attribute_name_1019,0,0,-1,-1,1
1020,-1,-1,-1,-1,-1,-1,,,[],attr_be-sudu,,-1,attribute_name_1020,0,0,-1,-1,1
1021,-1,-1,-1,-1,-1,-1,,,[],attr_be-fuzhong,,-1,attribute_name_1021,0,0,-1,-1,1
1022,-1,-1,-1,-1,-1,-1,,,[],attr_treatspeed,,-1,attribute_name_1022,0,0,-1,-1,2
1023,-1,-1,-1,-1,-1,-1,,,[],icon_50010,,-1,attribute_name_1023,0,0,-1,-1,1
1024,-1,-1,-1,-1,-1,-1,,,[],icon_50010,,-1,attribute_name_1024,0,0,-1,-1,1
1025,-1,-1,-1,-1,-1,-1,,,[],icon_50010,,-1,attribute_name_1025,0,0,-1,-1,1
1026,-1,-1,-1,-1,-1,-1,,,[],icon_50011,,-1,attribute_name_1026,0,0,-1,-1,2
1027,-1,-1,-1,-1,-1,-1,,,[],icon_50011,,-1,attribute_name_1027,0,0,-1,-1,2
1028,-1,-1,-1,-1,-1,-1,,,[],icon_50011,,-1,attribute_name_1028,0,0,-1,-1,2
1029,-1,-1,-1,-1,-1,-1,,,[],icon_50012,,-1,attribute_name_1029,0,0,-1,-1,1
1030,-1,-1,-1,-1,-1,-1,,,[],icon_50012,,-1,attribute_name_1030,0,0,-1,-1,1
1031,-1,-1,-1,-1,-1,-1,,,[],icon_50012,,-1,attribute_name_1031,0,0,-1,-1,1
1032,-1,-1,-1,-1,-1,-1,,,[],icon_50012,,-1,attribute_name_1032,0,0,-1,-1,1
1033,-1,-1,-1,-1,-1,-1,,,[],tech_102,,-1,attribute_name_1033,0,0,-1,-1,2
1034,-1,-1,-1,-1,-1,-1,,,[],,,-1,attribute_name_1034,0,0,-1,-1,2
1035,-1,-1,-1,-1,-1,-1,,,[],,,-1,attribute_name_1035,0,0,-1,-1,2
1036,-1,-1,-1,-1,-1,-1,,,[],,,-1,attribute_name_1036,0,0,-1,-1,2
1037,-1,-1,-1,-1,-1,-1,,,[],,,-1,attribute_name_1037,0,0,-1,-1,1
1038,-1,-1,-1,-1,-1,-1,,,[],,,-1,attribute_name_1038,0,0,-1,-1,2
1039,-1,-1,-1,-1,-1,-1,,,[],,,9900,attribute_name_1039,0,0,-1,-1,2
1056,-1,-1,-1,-1,-1,-1,,,[],,,9900,attribute_name_1056,0,0,-1,-1,2
1059,-1,-1,-1,-1,-1,-1,,,[],,,-1,attribute_name_1059,0,0,-1,-1,2
1040,-1,-1,-1,-1,-1,-1,,,[],,,-1,attribute_name_1040,0,0,-1,-1,2
1042,-1,-1,-1,-1,-1,-1,,,[],,,-1,attribute_name_1042,0,0,-1,-1,1
1043,-1,-1,-1,-1,-1,-1,,,[],icon_50025,,5000,attribute_name_1043,0,0,-1,-1,2
1044,-1,-1,-1,-1,-1,-1,,,[],,,2,attribute_name_1044,0,0,-1,-1,1
1045,-1,-1,-1,-1,-1,-1,,,[],,,-1,attribute_name_1045,0,0,-1,-1,1
1046,-1,-1,-1,-1,-1,-1,,,[],,,100,attribute_name_1046,0,0,-1,-1,1
1047,-1,-1,-1,-1,-1,-1,,,[],icon_50013,,-1,attribute_name_1047,0,0,-1,-1,1
1048,-1,-1,-1,-1,-1,-1,,,[],icon_50014,,-1,attribute_name_1048,0,0,-1,-1,1
1049,-1,-1,-1,-1,-1,-1,,,[],icon_50015,,-1,attribute_name_1049,0,0,-1,-1,1
1050,-1,-1,-1,-1,-1,-1,,,[],tech_2015,,-1,attribute_name_1050,0,0,-1,-1,1
1051,-1,-1,-1,-1,-1,-1,,,[],icon_50001,,-1,attribute_name_1051,0,0,-1,-1,1
1052,-1,-1,-1,-1,-1,-1,,,[],attr_be-fuzhong,,-1,attribute_name_1052,0,0,-1,-1,2
1053,-1,-1,-1,-1,-1,-1,,,[],icon_50016,,-1,attribute_name_1053,0,0,-1,-1,1
1054,-1,-1,-1,-1,-1,-1,,,[],icon_50017,,-1,attribute_name_1054,0,0,-1,-1,1
1055,-1,-1,-1,-1,-1,-1,,,[],icon_50018,,-1,attribute_name_1055,0,0,-1,-1,1
1057,-1,-1,-1,-1,-1,-1,,,[],,,-1,attribute_name_1057,0,0,-1,-1,2
1058,-1,-1,-1,-1,-1,-1,,,[],,,-1,attribute_name_1058,0,0,-1,-1,2
1060,-1,-1,-1,-1,-1,-1,,,[],,,-1,attribute_name_1060,0,0,-1,-1,1
1061,-1,-1,-1,-1,-1,-1,,,[],icon_10004,,-1,attribute_name_1061,0,0,-1,-1,1
1062,-1,-1,-1,-1,-1,-1,,,[],,,-1,attribute_name_1062,0,0,-1,-1,2
1063,-1,-1,-1,-1,-1,-1,,,[],,,-1,attribute_name_1063,0,0,-1,-1,2
1064,-1,-1,-1,-1,-1,-1,,,[],,,-1,attribute_name_1064,0,0,-1,-1,2
1065,-1,-1,-1,-1,-1,-1,,,[],,,-1,attribute_name_1065,0,0,-1,-1,1
1066,-1,-1,-1,-1,-1,-1,,,[],,,-1,attribute_name_1066,0,0,-1,-1,1
1067,-1,-1,-1,-1,-1,-1,,,[],,,-1,attribute_name_1067,0,0,-1,-1,1
1068,-1,-1,-1,-1,-1,-1,,,[],,,-1,attribute_name_1068,0,0,-1,-1,1
1069,-1,-1,-1,-1,-1,-1,,,[],icon_50020,,-1,attribute_name_1069,0,0,-1,-1,1
1070,-1,-1,-1,-1,-1,-1,,,[],icon_50019,,-1,attribute_name_1070,0,0,-1,-1,1
1071,-1,-1,-1,-1,-1,-1,,,[],icon_50012,,-1,attribute_name_1071,0,0,-1,-1,1
1072,-1,-1,-1,-1,-1,-1,,,[],attr_resadd,,-1,attribute_name_1072,0,0,-1,-1,2
1073,-1,-1,-1,-1,-1,-1,,,[],icon_50021,,-1,attribute_name_1073,0,0,-1,-1,2
1074,-1,-1,-1,-1,-1,-1,,,[],,,-1,attribute_name_1074,0,0,-1,-1,2
1075,-1,-1,-1,-1,-1,-1,,,[],,,-1,attribute_name_1075,0,0,-1,-1,1
1076,-1,-1,-1,-1,-1,-1,,,[],,,-1,attribute_name_1076,0,0,-1,-1,2
1077,-1,-1,-1,-1,-1,-1,,,[],,,-1,attribute_name_1077,0,0,-1,-1,2
1078,-1,-1,-1,-1,-1,-1,,,[],,,-1,attribute_name_1078,0,0,-1,-1,2
1079,-1,-1,-1,-1,-1,-1,,,[],,,-1,attribute_name_1079,0,0,-1,-1,2
1080,-1,-1,-1,-1,-1,-1,,,[],,,-1,attribute_name_1080,0,0,-1,-1,2
1081,-1,-1,-1,-1,-1,-1,,,[],,,-1,attribute_name_1081,0,0,-1,-1,2
1082,-1,-1,-1,-1,-1,-1,,,[],,,-1,attribute_name_1082,0,0,-1,-1,2
1083,-1,-1,-1,-1,-1,-1,,,[],,,-1,attribute_name_1083,0,0,-1,-1,2
1084,-1,-1,-1,-1,-1,-1,,,[],,,-1,attribute_name_1084,0,0,-1,-1,2
1085,-1,-1,-1,-1,-1,-1,,,[],,,-1,attribute_name_1085,0,0,-1,-1,2
1086,-1,-1,-1,-1,-1,-1,,,[],tech_2015,,3,attribute_name_1086,0,0,-1,-1,1
1087,-1,-1,-1,-1,-1,-1,,,[],tech_2015,,3,attribute_name_1087,0,0,-1,-1,1
1088,-1,-1,-1,-1,-1,-1,,,[],tech_2015,,3,attribute_name_1088,0,0,-1,-1,1
1089,-1,-1,-1,-1,-1,-1,,,[],,,-1,attribute_name_1089,0,0,-1,-1,1
1090,1,-1,-1,-1,-1,-1,,,[],,,-1,attribute_name_1090,0,0,-1,-1,1
1091,-1,-1,-1,-1,-1,-1,,,[],,,-1,attribute_name_1091,0,0,-1,-1,2
1092,-1,-1,-1,-1,-1,-1,,,[],,,-1,attribute_name_1092,0,0,-1,-1,2
1093,-1,-1,-1,-1,-1,-1,,,[],attr_plunder,,-1,attribute_name_1093,0,0,-1,-1,1
1094,-1,-1,-1,-1,-1,-1,,,[],,,-1,attribute_name_1094,0,0,-1,-1,1
1095,-1,-1,-1,-1,-1,-1,,,[],,,-1,attribute_name_1095,0,0,-1,-1,2
1096,-1,-1,-1,-1,-1,-1,,,[],,,-1,attribute_name_1096,0,0,-1,-1,2
1097,-1,-1,-1,-1,-1,-1,,,[],icon_50024,,-1,attribute_name_1097,0,0,-1,-1,1
1098,-1,-1,-1,-1,-1,-1,,,[],icon_herolv,,-1,attribute_name_1098,0,0,-1,-1,1
1099,-1,-1,-1,-1,-1,-1,,,[],icon_herolv,,-1,attribute_name_1099,0,0,-1,-1,1
1100,-1,-1,-1,-1,-1,-1,,,[],icon_herolv,,-1,attribute_name_1100,0,0,-1,-1,1
1101,-1,-1,-1,-1,-1,-1,,,[],icon_herolv,,-1,attribute_name_1101,0,0,-1,-1,1
1102,-1,-1,-1,-1,-1,-1,,,[],,,-1,attribute_name_1102,0,0,-1,-1,2
1103,-1,-1,-1,-1,-1,-1,,,[],,,-1,attribute_name_1103,0,0,-1,-1,2
1104,-1,-1,-1,-1,-1,-1,,,[],,,-1,attribute_name_1104,0,0,-1,-1,2
1105,-1,-1,-1,-1,-1,-1,,,[],,,-1,attribute_name_1105,0,0,-1,-1,1
1106,-1,-1,-1,-1,-1,-1,,,[],,,-1,attribute_name_1106,0,0,-1,-1,1
1107,-1,-1,-1,-1,-1,-1,,,[],,,-1,attribute_name_1107,0,0,-1,-1,1
1108,-1,-1,-1,-1,-1,-1,,,[],,,-1,attribute_name_1108,0,0,-1,-1,2
1109,-1,-1,-1,-1,-1,-1,,,[],,,-1,attribute_name_1109,0,0,-1,-1,2
1110,-1,-1,-1,-1,-1,-1,,,[],,,-1,attribute_name_1110,0,0,-1,-1,2
1111,-1,-1,-1,-1,-1,-1,,,[],,,-1,attribute_name_1111,0,0,-1,-1,1
1112,-1,-1,-1,-1,-1,-1,,,[],,,-1,attribute_name_1112,0,0,-1,-1,1
1113,-1,-1,-1,-1,-1,-1,,,[],icon_50026,,-1,attribute_name_1113,0,0,-1,-1,1
1114,-1,-1,-1,-1,-1,-1,,,[],,,-1,attribute_name_1114,0,0,-1,-1,2
1115,-1,-1,-1,-1,-1,-1,,,[],,,-1,attribute_name_1115,0,0,-1,-1,2
1116,-1,-1,-1,-1,-1,-1,,,[],,,-1,attribute_name_1116,0,0,-1,-1,2
1117,-1,-1,-1,-1,-1,-1,,,[],,,-1,attribute_name_1117,0,0,-1,-1,2
1118,-1,-1,-1,-1,-1,-1,,,[],,,-1,attribute_name_1118,0,0,-1,-1,2
1119,-1,-1,-1,-1,-1,-1,,,[],,,-1,attribute_name_1119,0,0,-1,-1,2
1120,-1,-1,-1,-1,-1,-1,,,[],,,-1,attribute_name_1120,0,0,-1,-1,2
1121,-1,-1,-1,-1,-1,-1,,,[],,,-1,attribute_name_1121,0,0,-1,-1,2
1122,-1,-1,-1,-1,-1,-1,,,[],,,-1,attribute_name_1122,0,0,-1,-1,2
1123,-1,-1,-1,-1,-1,-1,,,[],icon_10004,,-1,attribute_name_1123,0,0,-1,-1,2
1124,-1,-1,-1,-1,-1,-1,,,[],attr_recruit,,-1,attribute_name_1124,0,0,-1,-1,1
1125,-1,-1,-1,-1,-1,-1,,,[],,,-1,attribute_name_1125,0,0,-1,-1,2
1126,-1,-1,-1,-1,-1,-1,,,[],,,-1,attribute_name_1126,0,0,-1,-1,2
1127,-1,-1,-1,-1,-1,-1,,,[],,,-1,attribute_name_1127,0,0,-1,-1,1
1128,-1,-1,-1,-1,-1,-1,,,[],tech_103,,-1,attribute_name_1128,0,0,-1,-1,2
1129,-1,-1,-1,-1,-1,-1,,,[],,,-1,attribute_name_1129,0,0,-1,-1,1
1130,-1,-1,-1,-1,-1,-1,,,[],,,-1,attribute_name_1130,0,0,-1,-1,2
1131,-1,-1,-1,-1,-1,-1,,,[],attr_morale,,-1,attribute_name_1131,0,0,-1,-1,2
1133,-1,-1,-1,-1,-1,-1,,,[],icon_time,,-1,pet_building_attr_cd,0,0,-1,-1,1
1134,-1,-1,-1,-1,-1,-1,,,[],icon_WaterDrop1,,-1,attribute_name_1134,0,0,-1,-1,1
1135,-1,-1,-1,-1,-1,-1,,,[],,,-1,attribute_name_1135,0,0,-1,-1,-1
1136,-1,-1,-1,-1,-1,-1,,,[],,,-1,attribute_name_1136,0,0,-1,-1,2
1137,-1,-1,-1,-1,-1,-1,,,[],,,-1,attribute_name_1137,0,0,-1,-1,2
1138,-1,-1,-1,-1,-1,-1,,,[],,,-1,attribute_name_1138,0,0,-1,-1,2
1139,-1,-1,-1,-1,-1,-1,,,[],,,-1,attribute_name_1139,0,0,-1,-1,2
1140,-1,-1,-1,-1,-1,-1,,,[],,,-1,attribute_name_1140,0,0,-1,-1,1
1141,-1,-1,-1,-1,-1,-1,,,[],,,-1,attribute_name_1141,0,0,-1,-1,1
1142,-1,-1,-1,-1,-1,-1,,,[],,,-1,attribute_name_1142,0,0,-1,-1,1
1143,-1,-1,-1,-1,-1,-1,,,[],,,-1,attribute_name_1143,0,0,-1,-1,1
1144,-1,-1,-1,-1,-1,-1,,,[],,,-1,attribute_name_1144,0,0,-1,-1,1
1146,-1,-1,-1,-1,-1,-1,,,[],,,100,attribute_name_1146,0,0,-1,-1,1
1145,-1,-1,-1,-1,-1,-1,,,[],,,-1,attribute_name_1145,0,0,-1,-1,2
1147,-1,-1,-1,-1,-1,-1,,,[],icon_50012,,-1,attribute_name_1147,0,0,-1,-1,2
1148,-1,-1,-1,-1,-1,-1,,,[],,,-1,attribute_name_1148,0,0,-1,-1,2
1149,-1,-1,-1,-1,-1,-1,,,[],,,-1,attribute_name_1149,0,0,-1,-1,2
1150,-1,-1,-1,-1,-1,-1,,,[],,,-1,attribute_name_1150,0,0,-1,-1,2
1151,-1,-1,-1,-1,-1,-1,,,[],,,-1,technology_adv_desc_5010102_2,0,0,-1,-1,2
1152,-1,-1,-1,-1,-1,-1,,,[],,,-1,attribute_name_1152,0,0,-1,-1,2
1153,-1,-1,-1,-1,-1,-1,,,[],,,-1,attribute_name_1153,0,0,-1,-1,2
1154,-1,-1,-1,-1,-1,-1,,,[],,,-1,attribute_name_1154,0,0,-1,-1,2
1155,-1,-1,-1,-1,-1,-1,,,[],,,-1,attribute_name_1155,0,0,-1,-1,2
1156,-1,-1,-1,-1,-1,-1,,,[],,,-1,attribute_name_1156,0,0,-1,-1,1
1157,-1,-1,-1,-1,-1,-1,,,[],,,-1,attribute_name_1157,0,0,-1,-1,1
1158,-1,-1,-1,-1,-1,-1,,,[],,,-1,attribute_name_1158,0,0,-1,-1,1
1159,-1,-1,-1,-1,-1,-1,,,[],,,-1,attribute_name_1159,0,0,-1,-1,1
1161,-1,-1,-1,-1,-1,-1,,,[],icon_30095,,-1,attribute_name_1161,0,0,-1,-1,2
1162,-1,-1,-1,-1,-1,-1,,,[],icon_30361,,-1,attribute_name_1162,0,0,-1,-1,2
1163,-1,-1,-1,-1,-1,-1,,,[],icon_30366,,-1,attribute_name_1163,0,0,-1,-1,2
1164,-1,-1,-1,-1,-1,-1,,,[],,,-1,attribute_name_1164,0,0,-1,-1,2
1165,-1,-1,-1,-1,-1,-1,,,[],,,-1,attribute_name_1165,0,0,-1,-1,1
1167,-1,-1,-1,-1,-1,-1,,,[],,,-1,attribute_name_1167,0,0,-1,-1,1
1168,-1,-1,-1,-1,-1,-1,,,[],icon_30394,,-1,attribute_name_1168,0,0,-1,-1,2
1169,-1,-1,-1,-1,-1,-1,,,[],,,-1,attribute_name_1169,0,0,-1,-1,1
1170,-1,-1,-1,-1,-1,-1,,,[],,,-1,attribute_name_1170,0,0,-1,-1,2
1171,-1,-1,-1,-1,-1,-1,,,[],,,-1,attribute_name_1171,0,0,-1,-1,1
1172,-1,-1,-1,-1,-1,-1,,,[],icon_30468,,-1,attribute_name_1172,0,0,-1,-1,2
1173,-1,-1,-1,-1,-1,-1,,,[],,,-1,attribute_name_1173,0,0,-1,-1,1
1174,-1,-1,-1,-1,-1,-1,,,[],,,-1,attribute_name_1174,0,0,-1,-1,1
1175,-1,-1,-1,-1,-1,-1,,,[],icon_temp1,,-1,temperature_detail_title,0,0,-1,-1,1
1176,-1,-1,-1,-1,-1,-1,,,[],,,-1,attribute_name_1176,0,0,-1,-1,1
1177,-1,-1,-1,-1,-1,-1,,,[],,,-1,attribute_name_1177,0,0,-1,-1,2
1178,-1,-1,-1,-1,-1,-1,,,[],,,-1,attribute_name_1178,0,0,-1,-1,1
1179,-1,-1,-1,-1,-1,-1,,,[],,,-1,attribute_name_1179,0,0,-1,-1,1
1180,-1,-1,-1,-1,-1,-1,,,[],,,-1,attribute_name_1180,0,0,-1,-1,1
1181,-1,-1,-1,-1,-1,-1,,,[],,,-1,attribute_name_1181,0,0,-1,-1,2
1182,-1,-1,-1,-1,-1,-1,,,[],,,-1,attribute_name_1182,0,0,-1,-1,2
1183,-1,-1,-1,-1,-1,-1,,,[],,,-1,attribute_name_1183,0,0,-1,-1,1
1184,-1,-1,-1,-1,-1,-1,,,[],,,-1,attribute_name_1184,0,0,-1,-1,1
1185,-1,-1,-1,-1,-1,-1,,,[],,,-1,attribute_name_1185,0,0,-1,-1,1
1186,-1,-1,-1,-1,-1,-1,,,[],func_57,,-1,attribute_name_1186,0,0,-1,-1,1
1187,-1,-1,-1,-1,-1,-1,,,[],,,-1,attribute_name_1187,0,0,-1,-1,2
1188,-1,-1,-1,-1,-1,-1,,,[],,,-1,attribute_name_1188,0,0,-1,-1,2
1189,-1,-1,-1,-1,-1,-1,,,[],,,-1,attribute_name_1189,0,0,-1,-1,1
1190,-1,-1,-1,-1,-1,-1,,,[],,,-1,attribute_name_1190,0,0,-1,-1,2
1191,-1,-1,-1,-1,-1,-1,,,[],attr_petsearch_free,,-1,attribute_name_1191,0,0,-1,-1,1
1192,-1,-1,-1,-1,-1,-1,,,[],attr_petsearch_pay,,-1,attribute_name_1192,0,0,-1,-1,1
1193,-1,-1,-1,-1,-1,-1,,,[],icon_avatartech_xiao,,-1,attribute_name_1193,0,0,-1,-1,2
1194,-1,-1,-1,-1,-1,-1,,,[],,,-1,attribute_name_1046,0,0,-1,-1,1
1195,-1,-1,-1,-1,-1,-1,,,[],attr_damage,,-1,attribute_name_1195,0,0,1,-1,2
1196,-1,-1,-1,-1,-1,-1,,,[],,,-1,attribute_name_1196,0,0,-1,-1,1
1197,-1,-1,-1,-1,-1,-1,,,[],,,-1,attribute_name_1197,0,0,-1,-1,1
1198,-1,-1,-1,-1,-1,-1,,,[],,,-1,attribute_name_1198,0,0,-1,-1,1
1199,-1,-1,-1,-1,-1,-1,,,[],icon_light1,,-1,light_detail_title,0,0,-1,-1,1
1200,-1,-1,-1,-1,-1,-1,,,[],,,-1,attribute_name_1200,0,0,-1,-1,1
1201,-1,-1,-1,-1,-1,-1,,,[],,,-1,attribute_name_1201,0,0,-1,-1,1
1202,-1,-1,-1,-1,-1,-1,,,[],,,-1,attribute_name_1202,0,0,-1,-1,2
1203,-1,-1,-1,-1,-1,-1,,,[],,,-1,attribute_name_1203,0,0,-1,-1,2
1204,-1,-1,-1,-1,-1,-1,,,[],,,-1,attribute_name_1204,0,0,-1,-1,1
1205,-1,-1,-1,-1,-1,-1,,,[],,,-1,attribute_name_1205,0,0,-1,-1,2
1206,-1,-1,-1,-1,-1,-1,,,[],,,-1,attribute_name_1206,0,0,-1,-1,1
1207,-1,-1,-1,-1,-1,-1,,,[],,,-1,attribute_name_1207,0,0,-1,-1,1
1208,-1,-1,-1,-1,-1,-1,,,[],,,-1,attribute_name_1208,0,0,-1,-1,1
1209,-1,-1,-1,-1,-1,-1,,,[],,,-1,attribute_name_1209,0,0,-1,-1,2
1210,-1,-1,-1,-1,-1,-1,,,[],,,-1,attribute_name_1210,0,0,-1,-1,2
1211,-1,-1,-1,-1,-1,-1,,,[],,,-1,attribute_name_1211,0,0,-1,-1,2
1212,-1,-1,-1,-1,-1,-1,,,[],,,-1,attribute_name_1212,0,0,-1,-1,2
1213,-1,-1,-1,-1,-1,-1,,,[],,,-1,attribute_name_1213,0,0,-1,-1,1
1214,-1,-1,-1,-1,-1,-1,,,[],,,-1,attribute_name_1214,0,0,-1,-1,1
1215,-1,-1,-1,-1,-1,-1,,,[],,,-1,attribute_name_1215,0,0,-1,-1,1
1216,-1,-1,-1,-1,-1,-1,,,[],,,-1,attribute_name_1216,0,0,-1,-1,2
1217,-1,-1,-1,-1,-1,-1,,,[],,,-1,attribute_name_1217,0,0,-1,-1,1
1218,-1,-1,-1,-1,-1,-1,,,[],icon_Decorationslv,,-1,building_lvup_des_117002,0,0,-1,-1,1
1219,-1,-1,-1,-1,-1,-1,,,[],,,-1,attribute_name_1219,0,0,-1,-1,2
1220,-1,-1,-1,-1,-1,-1,,,[],,,-1,attribute_name_1220,0,0,-1,-1,1
1221,-1,-1,-1,-1,-1,-1,,,[],,,-1,attribute_name_1221,0,0,-1,-1,1
1222,-1,-1,-1,-1,-1,-1,,,[],,,-1,attribute_name_1222,0,0,-1,-1,1
1223,-1,-1,-1,-1,-1,-1,,,[],,,-1,attribute_name_1223,0,0,-1,-1,2
1224,-1,-1,-1,-1,-1,-1,,,[],,,-1,attribute_name_1224,0,0,-1,-1,1
1225,-1,-1,-1,-1,-1,-1,,,[],,,-1,attribute_name_1225,0,0,-1,-1,1
1226,-1,-1,-1,-1,-1,-1,,,[],,,-1,attribute_name_1226,0,0,-1,-1,1
1227,-1,-1,-1,-1,-1,-1,,,[],,,-1,attribute_name_1200117,0,0,-1,-1,2
1228,-1,-1,-1,-1,-1,-1,,,[],ui_sc_chengfang,,-1,attribute_name_1228,0,0,-1,-1,2
1229,-1,-1,-1,-1,-1,-1,,,[],,,-1,attribute_name_1229,0,0,-1,-1,2
1230,-1,-1,-1,-1,-1,-1,,,[],,,-1,attribute_name_1230,0,0,-1,-1,2
1231,-1,-1,-1,-1,-1,-1,,,[],,,-1,attribute_name_1231,0,0,-1,-1,2
1232,-1,-1,-1,-1,-1,-1,,,[],,,-1,attribute_name_1232,0,0,-1,-1,2
1233,-1,-1,-1,-1,-1,-1,,,[],,,-1,attribute_name_1233,0,0,-1,-1,1
1234,-1,-1,-1,-1,-1,-1,,,[],icon_10004,,-1,attribute_name_1234,0,0,-1,-1,2
1235,-1,-1,-1,-1,-1,-1,,,[],,,-1,technology_adv_name_1235,0,0,-1,-1,1
1236,-1,-1,-1,-1,-1,-1,,,[],,,-1,attribute_name_1236,0,0,-1,-1,1
1237,-1,-1,-1,-1,-1,-1,,,[],,,-1,attribute_name_1237,0,0,-1,-1,1
1238,-1,-1,-1,-1,-1,-1,,,[],,,-1,attribute_name_1238,0,0,-1,-1,1
1242,-1,-1,-1,-1,-1,-1,,,[],icon_Season4_oxygen,,-1,oxygen_detail_title,0,0,-1,-1,1
1243,-1,-1,-1,-1,-1,-1,,,[],,,-1,attribute_name_1243,0,0,-1,-1,1
1244,-1,-1,-1,-1,-1,-1,,,[],,,-1,attribute_name_1244,0,0,-1,-1,2
1245,-1,-1,-1,-1,-1,-1,,,[],,,-1,,0,0,-1,-1,1
1246,-1,-1,-1,-1,-1,-1,,,[],icon_31094,,-1,attribute_name_1246,0,0,-1,-1,2
1247,-1,-1,-1,-1,-1,-1,,,[],,,-1,attribute_name_1247,0,0,-1,-1,2
1248,-1,-1,-1,-1,-1,-1,,,[],,,-1,attribute_name_1248,0,0,-1,-1,1
1249,-1,-1,-1,-1,-1,-1,,,[],icon_RareBeast_probability,,-1,attribute_name_1249,0,0,-1,-1,2
1250,-1,-1,-1,-1,-1,-1,,,[],,,-1,attribute_name_1250,0,0,-1,-1,1
1252,-1,-1,-1,-1,-1,-1,,,[],,,-1,attribute_name_1252,0,0,-1,-1,1
1253,-1,-1,-1,-1,-1,-1,,,[],,,-1,attribute_name_1253,0,0,-1,-1,1
1254,-1,-1,-1,-1,-1,-1,,,[],,,-1,attribute_name_1254,0,0,-1,-1,1
1255,-1,-1,-1,-1,-1,-1,,,[],,,-1,attribute_name_1255,0,0,-1,-1,2
1256,-1,-1,-1,-1,-1,-1,,,[],,,-1,attribute_name_1256,0,0,-1,-1,2
1257,-1,-1,-1,-1,-1,-1,,,[],,,-1,attribute_name_1257,0,0,-1,-1,2
1258,-1,-1,-1,-1,-1,-1,,,[],,,-1,attribute_name_1258,0,0,-1,-1,1
1259,-1,-1,-1,-1,-1,-1,,,[],,,-1,attribute_name_1259,0,0,-1,-1,1
1260,-1,-1,-1,-1,-1,-1,,,[],,,-1,attribute_name_1260,0,0,-1,-1,2
1261,-1,-1,-1,-1,-1,-1,,,[],,,-1,attribute_name_1261,0,0,-1,-1,2
1262,-1,-1,-1,-1,-1,-1,,,[],,,-1,attribute_name_1262,0,0,-1,-1,2
1301,-1,-1,-1,-1,-1,-1,,,[],icon_50016,,-1,attribute_name_1301,0,0,-1,-1,1
1401,-1,-1,-1,-1,-1,-1,,,[],icon_50017,,-1,attribute_name_1301,0,0,-1,-1,1
1501,-1,-1,-1,-1,-1,-1,,,[],icon_50018,,-1,attribute_name_1301,0,0,-1,-1,1
1502,-1,-1,-1,-1,-1,-1,,,[],,,-1,attribute_name_1502,0,0,-1,-1,2
2001,-1,-1,-1,-1,-1,-1,,,[],,,-1,attribute_name_1001,0,0,-1,-1,2
2002,-1,-1,-1,-1,-1,-1,,,[],,,-1,attribute_name_1002,0,0,-1,-1,2
2003,-1,-1,-1,-1,-1,-1,,,[],,,-1,attribute_name_1003,0,0,-1,-1,2
2004,-1,-1,-1,-1,-1,-1,,,[],,,-1,attribute_name_2004,0,0,-1,-1,1
2005,-1,-1,-1,-1,-1,-1,,,[],,,-1,attribute_name_1004,0,0,-1,-1,2
2006,-1,-1,-1,-1,-1,-1,,,[],,,-1,attribute_name_1005,0,0,-1,-1,2
2007,-1,-1,-1,-1,-1,-1,,,[],,,-1,attribute_name_1006,0,0,-1,-1,2
2012,-1,-1,-1,-1,-1,-1,,,[],,,-1,attribute_name_2012,0,0,-1,-1,1
2013,-1,-1,-1,-1,-1,-1,,,[],,,-1,attribute_name_2013,0,0,-1,-1,1
2014,-1,-1,-1,-1,-1,-1,,,[],,,-1,attribute_name_2014,0,0,-1,-1,1
2015,-1,-1,-1,-1,-1,-1,,,[],,,-1,,0,0,-1,-1,2
2016,-1,-1,-1,-1,-1,-1,,,[],,,-1,,0,0,-1,-1,1
3003,-1,-1,-1,-1,-1,-1,,,[],attr_01,,-1,attribute_name_3003,0,0,-1,-1,1
3004,-1,-1,-1,-1,-1,-1,,,[],attr_02,,-1,attribute_name_3004,0,0,-1,-1,1
3006,-1,-1,-1,-1,-1,-1,,,[],,,-1,attribute_name_3006,0,0,-1,-1,2
3008,-1,-1,1,-1,-1,-1,,,[],attr_crit,,-1,attribute_name_3008,0,0,-1,-1,2
3009,-1,-1,1,-1,-1,-1,,,[],attr_riot,,-1,attribute_name_3009,0,0,-1,-1,2
3010,-1,-1,-1,-1,-1,-1,,,[],attr_critical-damage,,-1,attribute_name_3010,0,0,-1,-1,2
3011,-1,-1,-1,-1,-1,-1,,,[],attr_damage-reduction,,-1,attribute_name_3011,0,0,-1,-1,2
3012,-1,-1,-1,-1,-1,-1,,,[],attr_hit,,-1,attribute_name_3012,0,0,-1,-1,2
3013,-1,-1,-1,-1,-1,-1,,,[],attr_dodge,,-1,attribute_name_3013,0,0,-1,-1,2
3014,-1,-1,-1,-1,-1,-1,,,[],,,-1,attribute_name_3014,0,0,-1,-1,1
3015,-1,-1,-1,-1,-1,-1,,,[],,,-1,attribute_name_3015,0,0,-1,-1,2
3016,-1,-1,-1,-1,-1,-1,,,[],attr_parry,,-1,attribute_name_3016,0,0,-1,-1,2
3017,-1,-1,-1,-1,-1,-1,,,[],,,-1,attribute_name_3017,0,0,-1,-1,2
3018,-1,-1,1,-1,-1,-1,,,[],attr_damage,,-1,attribute_name_3018,0,0,1,-1,2
3019,-1,-1,1,-1,-1,-1,,,[],attr_damage-reduction,,-1,attribute_name_3019,0,0,1,-1,2
3020,-1,-1,-1,-1,-1,-1,,,[],,,-1,attribute_name_20,0,0,-1,1,2
3021,-1,-1,-1,-1,-1,-1,,,[],,,-1,attribute_name_21,0,0,-1,1,2
3025,-1,-1,-1,-1,-1,-1,,,[],attr_damage,,-1,attribute_name_25,0,0,-1,1,2
3026,-1,-1,-1,-1,-1,-1,,,[],attr_damage-reduction,,-1,attribute_name_26,0,0,-1,1,2
3103,1,-1,1,-1,-1,-1,,,[],attr_01,,-1,attribute_name_3103,0,0,1,-1,2
3104,1,-1,1,-1,-1,-1,,,[],attr_02,,-1,attribute_name_3104,0,0,1,-1,2
3027,-1,-1,-1,-1,-1,-1,,,[],tech_2029,,-1,attribute_name_27,0,0,-1,-1,2
3028,-1,-1,-1,-1,-1,-1,,,[],tech_2032,,-1,attribute_name_28,0,0,-1,-1,2
3029,-1,-1,-1,-1,-1,-1,,,[],tech_2028,,-1,attribute_name_3029,0,0,-1,-1,2
3030,-1,-1,-1,-1,-1,-1,,,[],tech_2031,,-1,attribute_name_30,0,0,-1,-1,2
3031,-1,-1,-1,-1,-1,-1,,,[],tech_2027,,-1,building_lvup_des_122003,0,0,-1,-1,2
3032,-1,-1,-1,-1,-1,-1,,,[],tech_2030,,-1,building_lvup_des_122004,0,0,-1,-1,2
3062,-1,-1,1,-1,-1,-1,,,[],attr_01,,-1,attribute_name_3062,0,0,1,-1,2
3063,-1,-1,1,-1,-1,-1,,,[],attr_02,,-1,attribute_name_3063,0,0,1,-1,2
3022,-1,-1,-1,-1,-1,-1,,,[],attr_defence,,-1,attribute_name_3022,0,0,1,-1,1
3064,-1,-1,-1,-1,-1,-1,,,[],attr_antidefence,,-1,attribute_name_3064,0,0,1,-1,1
3067,-1,-1,-1,-1,-1,-1,,,[],,,-1,attribute_name_3067,0,0,-1,-1,2
3090,-1,-1,-1,-1,-1,-1,,,[],tech_2029,,-1,attribute_name_27,0,0,-1,-1,2
3091,-1,-1,-1,-1,-1,-1,,,[],tech_2032,,-1,attribute_name_28,0,0,-1,-1,2
3092,-1,-1,-1,-1,-1,-1,,,[],tech_2028,,-1,attribute_name_29,0,0,-1,-1,2
3093,-1,-1,-1,-1,-1,-1,,,[],tech_2031,,-1,attribute_name_30,0,0,-1,-1,2
3094,-1,-1,-1,-1,-1,-1,,,[],tech_2027,,-1,building_lvup_des_122003,0,0,-1,-1,2
3095,-1,-1,-1,-1,-1,-1,,,[],tech_2030,,-1,building_lvup_des_122004,0,0,-1,-1,2
3096,-1,-1,-1,-1,-1,-1,,,[],attr_damage,,-1,attribute_name_3096,0,0,-1,1,2
3097,-1,-1,-1,-1,-1,-1,,,[],attr_damage-reduction,,-1,attribute_name_3097,0,0,-1,1,2
4003,-1,-1,-1,-1,-1,-1,,,[],attr_01,,-1,attribute_name_4003,0,0,-1,-1,1
4004,-1,-1,-1,-1,-1,-1,,,[],attr_02,,-1,attribute_name_4004,0,0,-1,-1,1
4006,-1,-1,-1,-1,-1,-1,,,[],,,-1,attribute_name_4006,0,0,-1,-1,2
4008,-1,-1,1,-1,-1,-1,,,[],attr_crit,,-1,attribute_name_4008,0,0,-1,-1,2
4009,-1,-1,1,-1,-1,-1,,,[],attr_riot,,-1,attribute_name_4009,0,0,-1,-1,2
4010,-1,-1,-1,-1,-1,-1,,,[],attr_critical-damage,,-1,attribute_name_4010,0,0,-1,-1,2
4011,-1,-1,-1,-1,-1,-1,,,[],attr_damage-reduction,,-1,attribute_name_4011,0,0,-1,-1,2
4012,-1,-1,-1,-1,-1,-1,,,[],attr_hit,,-1,attribute_name_4012,0,0,-1,-1,2
4013,-1,-1,-1,-1,-1,-1,,,[],attr_dodge,,-1,attribute_name_4013,0,0,-1,-1,2
4014,-1,-1,-1,-1,-1,-1,,,[],,,-1,attribute_name_4014,0,0,-1,-1,1
4015,-1,-1,-1,-1,-1,-1,,,[],,,-1,attribute_name_4015,0,0,-1,-1,2
4016,-1,-1,-1,-1,-1,-1,,,[],attr_parry,,-1,attribute_name_4016,0,0,-1,-1,2
4017,-1,-1,-1,-1,-1,-1,,,[],,,-1,attribute_name_4017,0,0,-1,-1,2
4018,-1,-1,1,-1,-1,-1,,,[],attr_damage,,-1,attribute_name_4018,0,0,1,-1,2
4019,-1,-1,1,-1,-1,-1,,,[],attr_damage-reduction,,-1,attribute_name_4019,0,0,1,-1,2
4020,-1,-1,-1,-1,-1,-1,,,[],,,-1,attribute_name_20,0,0,-1,1,2
4021,-1,-1,-1,-1,-1,-1,,,[],,,-1,attribute_name_21,0,0,-1,1,2
4025,-1,-1,-1,-1,-1,-1,,,[],attr_damage,,-1,attribute_name_25,0,0,-1,1,2
4026,-1,-1,-1,-1,-1,-1,,,[],attr_damage-reduction,,-1,attribute_name_26,0,0,-1,1,2
4103,1,-1,1,-1,-1,-1,,,[],attr_01,,-1,attribute_name_4103,0,0,1,-1,2
4104,1,-1,1,-1,-1,-1,,,[],attr_02,,-1,attribute_name_4104,0,0,1,-1,2
4027,-1,-1,-1,-1,-1,-1,,,[],tech_2029,,-1,building_lvup_des_123003,0,0,-1,-1,2
4028,-1,-1,-1,-1,-1,-1,,,[],tech_2032,,-1,building_lvup_des_123004,0,0,-1,-1,2
4029,-1,-1,-1,-1,-1,-1,,,[],tech_2028,,-1,attribute_name_29,0,0,-1,-1,2
4030,-1,-1,-1,-1,-1,-1,,,[],tech_2031,,-1,attribute_name_30,0,0,-1,-1,2
4031,-1,-1,-1,-1,-1,-1,,,[],tech_2027,,-1,attribute_name_4031,0,0,-1,-1,2
4032,-1,-1,-1,-1,-1,-1,,,[],tech_2030,,-1,attribute_name_32,0,0,-1,-1,2
4062,-1,-1,1,-1,-1,-1,,,[],attr_01,,-1,attribute_name_4062,0,0,1,-1,2
4063,-1,-1,1,-1,-1,-1,,,[],attr_02,,-1,attribute_name_4063,0,0,1,-1,2
4022,-1,-1,-1,-1,-1,-1,,,[],attr_defence,,-1,attribute_name_4022,0,0,1,-1,1
4064,-1,-1,-1,-1,-1,-1,,,[],attr_antidefence,,-1,attribute_name_4064,0,0,1,-1,1
4067,-1,-1,-1,-1,-1,-1,,,[],,,-1,attribute_name_4067,0,0,-1,-1,2
4090,-1,-1,-1,-1,-1,-1,,,[],tech_2029,,-1,building_lvup_des_123003,0,0,-1,-1,2
4091,-1,-1,-1,-1,-1,-1,,,[],tech_2032,,-1,building_lvup_des_123004,0,0,-1,-1,2
4092,-1,-1,-1,-1,-1,-1,,,[],tech_2028,,-1,attribute_name_29,0,0,-1,-1,2
4093,-1,-1,-1,-1,-1,-1,,,[],tech_2031,,-1,attribute_name_30,0,0,-1,-1,2
4094,-1,-1,-1,-1,-1,-1,,,[],tech_2027,,-1,attribute_name_31,0,0,-1,-1,2
4095,-1,-1,-1,-1,-1,-1,,,[],tech_2030,,-1,attribute_name_32,0,0,-1,-1,2
4096,-1,-1,-1,-1,-1,-1,,,[],attr_damage,,-1,attribute_name_4096,0,0,-1,1,2
4097,-1,-1,-1,-1,-1,-1,,,[],attr_damage-reduction,,-1,attribute_name_4097,0,0,-1,1,2
5003,-1,-1,-1,-1,-1,-1,,,[],attr_01,,-1,attribute_name_5003,0,0,-1,-1,1
5004,-1,-1,-1,-1,-1,-1,,,[],attr_02,,-1,attribute_name_5004,0,0,-1,-1,1
5006,-1,-1,-1,-1,-1,-1,,,[],,,-1,attribute_name_5006,0,0,-1,-1,2
5008,-1,-1,1,-1,-1,-1,,,[],attr_crit,,-1,attribute_name_5008,0,0,-1,-1,2
5009,-1,-1,1,-1,-1,-1,,,[],attr_riot,,-1,attribute_name_5009,0,0,-1,-1,2
5010,-1,-1,-1,-1,-1,-1,,,[],attr_critical-damage,,-1,attribute_name_5010,0,0,-1,-1,2
5011,-1,-1,-1,-1,-1,-1,,,[],attr_damage-reduction,,-1,attribute_name_5011,0,0,-1,-1,2
5012,-1,-1,-1,-1,-1,-1,,,[],attr_hit,,-1,attribute_name_5012,0,0,-1,-1,2
5013,-1,-1,-1,-1,-1,-1,,,[],attr_dodge,,-1,attribute_name_5013,0,0,-1,-1,2
5014,-1,-1,-1,-1,-1,-1,,,[],,,-1,attribute_name_5014,0,0,-1,-1,1
5015,-1,-1,-1,-1,-1,-1,,,[],,,-1,attribute_name_5015,0,0,-1,-1,2
5016,-1,-1,-1,-1,-1,-1,,,[],attr_parry,,-1,attribute_name_5016,0,0,-1,-1,2
5017,-1,-1,-1,-1,-1,-1,,,[],,,-1,attribute_name_5017,0,0,-1,-1,2
5018,-1,-1,1,-1,-1,-1,,,[],attr_damage,,-1,attribute_name_5018,0,0,1,-1,2
5019,-1,-1,1,-1,-1,-1,,,[],attr_damage-reduction,,-1,attribute_name_5019,0,0,1,-1,2
5020,-1,-1,-1,-1,-1,-1,,,[],,,-1,attribute_name_20,0,0,-1,1,2
5021,-1,-1,-1,-1,-1,-1,,,[],,,-1,attribute_name_21,0,0,-1,1,2
5025,-1,-1,-1,-1,-1,-1,,,[],attr_damage,,-1,attribute_name_25,0,0,-1,1,2
5026,-1,-1,-1,-1,-1,-1,,,[],attr_damage-reduction,,-1,attribute_name_26,0,0,-1,1,2
5103,1,-1,1,-1,-1,-1,,,[],attr_01,,-1,attribute_name_5103,0,0,1,-1,2
5104,1,-1,1,-1,-1,-1,,,[],attr_02,,-1,attribute_name_5104,0,0,1,-1,2
5027,-1,-1,-1,-1,-1,-1,,,[],tech_2029,,-1,attribute_name_5027,0,0,-1,-1,2
5028,-1,-1,-1,-1,-1,-1,,,[],tech_2032,,-1,attribute_name_28,0,0,-1,-1,2
5029,-1,-1,-1,-1,-1,-1,,,[],tech_2028,,-1,building_lvup_des_124003,0,0,-1,-1,2
5030,-1,-1,-1,-1,-1,-1,,,[],tech_2031,,-1,building_lvup_des_124004,0,0,-1,-1,2
5031,-1,-1,-1,-1,-1,-1,,,[],tech_2027,,-1,attribute_name_31,0,0,-1,-1,2
5032,-1,-1,-1,-1,-1,-1,,,[],tech_2030,,-1,attribute_name_32,0,0,-1,-1,2
5062,-1,-1,1,-1,-1,-1,,,[],attr_01,,-1,attribute_name_5062,0,0,1,-1,2
5063,-1,-1,1,-1,-1,-1,,,[],attr_02,,-1,attribute_name_5063,0,0,1,-1,2
5022,-1,-1,-1,-1,-1,-1,,,[],attr_defence,,-1,attribute_name_5022,0,0,1,-1,1
5064,-1,-1,-1,-1,-1,-1,,,[],attr_antidefence,,-1,attribute_name_5064,0,0,1,-1,1
5067,-1,-1,-1,-1,-1,-1,,,[],,,-1,attribute_name_5067,0,0,-1,-1,2
5090,-1,-1,-1,-1,-1,-1,,,[],tech_2029,,-1,attribute_name_27,0,0,-1,-1,2
5091,-1,-1,-1,-1,-1,-1,,,[],tech_2032,,-1,attribute_name_28,0,0,-1,-1,2
5092,-1,-1,-1,-1,-1,-1,,,[],tech_2028,,-1,building_lvup_des_124003,0,0,-1,-1,2
5093,-1,-1,-1,-1,-1,-1,,,[],tech_2031,,-1,building_lvup_des_124004,0,0,-1,-1,2
5094,-1,-1,-1,-1,-1,-1,,,[],tech_2027,,-1,attribute_name_31,0,0,-1,-1,2
5095,-1,-1,-1,-1,-1,-1,,,[],tech_2030,,-1,attribute_name_32,0,0,-1,-1,2
5096,-1,-1,-1,-1,-1,-1,,,[],attr_damage,,-1,attribute_name_5096,0,0,-1,1,2
5097,-1,-1,-1,-1,-1,-1,,,[],attr_damage-reduction,,-1,attribute_name_5097,0,0,-1,1,2
6001,-1,-1,-1,-1,-1,-1,,,[],,,-1,attribute_name_6001,0,0,-1,-1,2
6002,-1,-1,-1,-1,-1,-1,,,[],,,-1,attribute_name_6002,0,0,-1,-1,2
6003,-1,-1,-1,-1,-1,-1,,,[],,,-1,attribute_name_6003,0,0,-1,-1,2
6004,-1,-1,-1,-1,-1,-1,,,[],,,-1,,0,0,-1,-1,2
6005,-1,-1,-1,-1,-1,-1,,,[],,,-1,,0,0,-1,-1,2
6006,-1,-1,-1,-1,-1,-1,,,[],,,-1,,0,0,-1,-1,2
6007,-1,-1,-1,-1,-1,-1,,,[],,,-1,attribute_name_6007,0,0,-1,-1,2
6008,-1,-1,-1,-1,-1,-1,,,[],,,-1,,0,0,-1,-1,2
6009,-1,-1,-1,-1,-1,-1,,,[],,,-1,,0,0,-1,-1,2
6010,-1,-1,-1,-1,-1,-1,,,[],,,-1,,0,0,-1,-1,2
6011,-1,-1,-1,-1,-1,-1,,,[],,,-1,,0,0,-1,-1,2
6012,-1,-1,-1,-1,-1,-1,,,[],,,-1,,0,0,-1,-1,2
6500,-1,-1,-1,-1,-1,-1,,,[],,,-1,attribute_name_6500,0,0,-1,-1,2
6501,-1,-1,-1,-1,-1,-1,,,[],,,-1,attribute_name_6501,0,0,-1,-1,2
6502,-1,-1,-1,-1,-1,-1,,,[],,,-1,attribute_name_6502,0,0,-1,-1,2
6503,-1,-1,-1,-1,-1,-1,,,[],,,-1,attribute_name_6503,0,0,-1,-1,2
6504,-1,-1,-1,-1,-1,-1,,,[],,,-1,attribute_name_6504,0,0,-1,-1,1
6505,-1,-1,-1,-1,-1,-1,,,[],,,-1,attribute_name_6505,0,0,-1,-1,2
6506,-1,-1,-1,-1,-1,-1,,,[],icon_property_ToxicAntibody,,-1,attribute_name_6506,0,0,-1,-1,1
10003,-1,-1,-1,-1,-1,-1,,,[],attr_01,,-1,attribute_name_10003,0,0,1,-1,1
10004,-1,-1,-1,-1,-1,-1,,,[],attr_02,,-1,attribute_name_10004,0,0,1,-1,1
10057,-1,-1,-1,-1,-1,-1,,,[],attr_hit,,-1,attribute_name_10057,0,0,-1,-1,1
10103,-1,-1,1,-1,-1,-1,,,[],attr_01,,-1,attribute_name_10103,0,0,1,-1,2
10104,-1,-1,1,-1,-1,-1,,,[],attr_02,,-1,attribute_name_10104,0,0,1,-1,2
10105,-1,-1,-1,-1,-1,-1,,,[],tech_1001,,-1,attribute_name_1040,0,0,-1,-1,2
10106,-1,-1,-1,-1,-1,-1,,,[],tech_1002,,-1,attribute_name_1041,0,0,-1,-1,2
10058,-1,-1,-1,-1,-1,-1,,,[],attr_01,,-1,attribute_name_10003,0,0,-1,-1,1
10059,-1,-1,-1,-1,-1,-1,,,[],attr_02,,-1,attribute_name_10004,0,0,-1,-1,1
10157,-1,-1,-1,-1,-1,-1,,,[],,,-1,attribute_name_10157,0,0,-1,-1,1
10158,-1,-1,-1,-1,-1,-1,,,[],attr_01,,-1,attribute_name_10103,0,0,-1,-1,2
10159,-1,-1,-1,-1,-1,-1,,,[],attr_02,,-1,attribute_name_10104,0,0,-1,-1,2
13003,-1,-1,-1,-1,-1,-1,,,[],attr_01,,-1,attribute_name_13103,0,0,1,-1,1
13004,-1,-1,-1,-1,-1,-1,,,[],attr_02,,-1,attribute_name_13104,0,0,1,-1,1
13103,-1,-1,1,-1,-1,-1,,,[],attr_01,,-1,attribute_name_13103,0,0,1,-1,2
13104,-1,-1,-1,-1,-1,-1,,,[],attr_02,,-1,attribute_name_13104,0,0,1,-1,2
14003,-1,-1,-1,-1,-1,-1,,,[],attr_01,,-1,attribute_name_14103,0,0,1,-1,1
14004,-1,-1,-1,-1,-1,-1,,,[],attr_02,,-1,attribute_name_14104,0,0,1,-1,1
14103,-1,-1,1,-1,-1,-1,,,[],attr_01,,-1,attribute_name_14103,0,0,1,-1,2
14104,-1,-1,-1,-1,-1,-1,,,[],attr_02,,-1,attribute_name_14104,0,0,1,-1,2
15003,-1,-1,-1,-1,-1,-1,,,[],attr_01,,-1,attribute_name_15103,0,0,1,-1,1
15004,-1,-1,-1,-1,-1,-1,,,[],attr_02,,-1,attribute_name_15104,0,0,1,-1,1
15103,-1,-1,1,-1,-1,-1,,,[],attr_01,,-1,attribute_name_15103,0,0,1,-1,2
15104,-1,-1,-1,-1,-1,-1,,,[],attr_02,,-1,attribute_name_15104,0,0,1,-1,2
16000,-1,-1,-1,-1,-1,-1,,,[],attr_morale,,-1,attribute_name_16000,0,0,-1,-1,1
16001,-1,-1,-1,-1,-1,-1,,,[],,,-1,attribute_name_16001,0,0,1,-1,2
10088,-1,-1,-1,-1,-1,-1,,,[],attr_morale,,-1,attribute_name_10088,0,0,-1,-1,1
10188,-1,-1,-1,-1,-1,-1,,,[],,,-1,attribute_name_10088,0,0,1,-1,2
10189,-1,-1,-1,-1,-1,-1,,,[],,,-1,attribute_name_10189,0,0,-1,-1,2
20003,-1,-1,-1,-1,-1,-1,,,[],attr_01,,-1,attribute_name_20003,0,0,-1,-1,1
20004,-1,-1,-1,-1,-1,-1,,,[],attr_02,,-1,attribute_name_20004,0,0,-1,-1,1
20005,-1,-1,-1,-1,-1,-1,,,[],attr_01,,-1,attribute_name_20003,0,0,1,-1,1
20006,-1,-1,-1,-1,-1,-1,,,[],attr_02,,-1,attribute_name_20004,0,0,1,-1,1
20103,-1,-1,-1,-1,-1,-1,,,[],attr_01,,-1,attribute_name_20103,0,0,1,-1,2
20104,-1,-1,-1,-1,-1,-1,,,[],attr_02,,-1,attribute_name_20104,0,0,1,-1,2
21007,-1,10103,-1,-1,-1,-1,,,[],,,-1,attribute_name_20007,0,0,1,-1,2
21008,-1,10104,-1,-1,-1,-1,,,[],,,-1,attribute_name_20008,0,0,1,-1,2
21009,-1,103,-1,-1,-1,-1,,,[],,,-1,attribute_name_20009,0,0,1,-1,2
21010,-1,104,-1,-1,-1,-1,,,[],,,-1,attribute_name_20010,0,0,1,-1,2
21011,-1,122,-1,-1,-1,-1,,,[],,,-1,attribute_name_20011,0,0,-1,-1,2
21012,-1,18,-1,-1,-1,-1,,,[],,,-1,attribute_name_20012,0,0,1,-1,2
21013,-1,19,-1,-1,-1,-1,,,[],,,-1,attribute_name_20013,0,0,1,-1,2
21014,-1,64,-1,-1,-1,-1,,,[],,,-1,attribute_name_20014,0,0,1,-1,1
21015,-1,3,-1,-1,-1,-1,,,[],,,-1,attribute_name_20015,0,0,1,-1,1
21016,-1,4,-1,-1,-1,-1,,,[],,,-1,attribute_name_20016,0,0,1,-1,1
21017,-1,3003,-1,-1,-1,-1,,,[],,,-1,attribute_name_20017,0,0,1,-1,1
21018,-1,3004,-1,-1,-1,-1,,,[],,,-1,attribute_name_20018,0,0,1,-1,1
21019,-1,4003,-1,-1,-1,-1,,,[],,,-1,attribute_name_20019,0,0,1,-1,1
21020,-1,4004,-1,-1,-1,-1,,,[],,,-1,attribute_name_20020,0,0,1,-1,1
21021,-1,5003,-1,-1,-1,-1,,,[],,,-1,attribute_name_20021,0,0,1,-1,1
21022,-1,5004,-1,-1,-1,-1,,,[],,,-1,attribute_name_20022,0,0,1,-1,1
21023,-1,13103,-1,-1,-1,-1,,,[],,,-1,attribute_name_21023,0,0,1,-1,2
21024,-1,13104,-1,-1,-1,-1,,,[],,,-1,attribute_name_21024,0,0,1,-1,2
21025,-1,14103,-1,-1,-1,-1,,,[],,,-1,attribute_name_21025,0,0,1,-1,2
21026,-1,14104,-1,-1,-1,-1,,,[],,,-1,attribute_name_21026,0,0,1,-1,2
21027,-1,15103,-1,-1,-1,-1,,,[],,,-1,attribute_name_21027,0,0,1,-1,2
21028,-1,15104,-1,-1,-1,-1,,,[],,,-1,attribute_name_21028,0,0,1,-1,2
21029,-1,3103,-1,-1,-1,-1,,,[],,,-1,attribute_name_20017,0,0,1,-1,2
21030,-1,3104,-1,-1,-1,-1,,,[],,,-1,attribute_name_20018,0,0,1,-1,2
21031,-1,4103,-1,-1,-1,-1,,,[],,,-1,attribute_name_20019,0,0,1,-1,2
21032,-1,4104,-1,-1,-1,-1,,,[],,,-1,attribute_name_20020,0,0,1,-1,2
21033,-1,5103,-1,-1,-1,-1,,,[],,,-1,attribute_name_20021,0,0,1,-1,2
21034,-1,5104,-1,-1,-1,-1,,,[],,,-1,attribute_name_20022,0,0,1,-1,2
21035,-1,1053,-1,-1,-1,-1,,,[],icon_50016,,-1,attribute_name_1053,0,0,-1,-1,1
21036,-1,1054,-1,-1,-1,-1,,,[],icon_50017,,-1,attribute_name_1054,0,0,-1,-1,1
21037,-1,1055,-1,-1,-1,-1,,,[],icon_50018,,-1,attribute_name_1055,0,0,-1,-1,1
21038,-1,62,-1,-1,-1,-1,,,[],,,-1,attribute_name_21038,0,0,1,-1,2
21039,-1,63,-1,-1,-1,-1,,,[],icon_21039,,-1,attribute_name_21039,0,0,1,-1,2
21040,-1,62,-1,-1,-1,-1,,,[],,,-1,attribute_name_21040,0,0,1,-1,2
21041,-1,63,-1,-1,-1,-1,,,[],icon_21041,,-1,attribute_name_21041,0,0,1,-1,2
21042,-1,62,-1,-1,-1,-1,,,[],,,-1,attribute_name_21042,0,0,1,-1,2
21043,-1,63,-1,-1,-1,-1,,,[],icon_21043,,-1,attribute_name_21043,0,0,1,-1,2
21044,-1,10103,-1,-1,-1,-1,,,[],,,-1,attribute_name_21044,0,0,1,-1,2
21045,-1,10104,-1,-1,-1,-1,,,[],,,-1,attribute_name_21045,0,0,1,-1,2
21046,-1,103,-1,-1,-1,-1,,,[],,,-1,attribute_name_21046,0,0,1,-1,2
21047,-1,104,-1,-1,-1,-1,,,[],,,-1,attribute_name_21047,0,0,1,-1,2
21048,-1,10103,-1,-1,-1,-1,,,[],,,-1,attribute_name_21048,0,0,1,-1,2
21049,-1,10104,-1,-1,-1,-1,,,[],,,-1,attribute_name_21049,0,0,1,-1,2
21050,-1,103,-1,-1,-1,-1,,,[],,,-1,attribute_name_21050,0,0,1,-1,2
21051,-1,104,-1,-1,-1,-1,,,[],,,-1,attribute_name_21051,0,0,1,-1,2
21052,-1,13103,-1,-1,-1,-1,,,[],,,-1,attribute_name_21052,0,0,1,-1,2
21053,-1,13104,-1,-1,-1,-1,,,[],,,-1,attribute_name_21053,0,0,1,-1,2
21054,-1,3103,-1,-1,-1,-1,,,[],,,-1,attribute_name_21054,0,0,1,-1,2
21055,-1,3104,-1,-1,-1,-1,,,[],,,-1,attribute_name_21055,0,0,1,-1,2
21056,-1,13103,-1,-1,-1,-1,,,[],,,-1,attribute_name_21056,0,0,1,-1,2
21057,-1,13104,-1,-1,-1,-1,,,[],,,-1,attribute_name_21057,0,0,1,-1,2
21058,-1,3103,-1,-1,-1,-1,,,[],,,-1,attribute_name_21058,0,0,1,-1,2
21059,-1,3104,-1,-1,-1,-1,,,[],,,-1,attribute_name_21059,0,0,1,-1,2
21060,-1,14103,-1,-1,-1,-1,,,[],,,-1,attribute_name_21060,0,0,1,-1,2
21061,-1,14104,-1,-1,-1,-1,,,[],,,-1,attribute_name_21061,0,0,1,-1,2
21062,-1,4103,-1,-1,-1,-1,,,[],,,-1,attribute_name_21062,0,0,1,-1,2
21063,-1,4104,-1,-1,-1,-1,,,[],,,-1,attribute_name_21063,0,0,1,-1,2
21064,-1,14103,-1,-1,-1,-1,,,[],,,-1,attribute_name_21064,0,0,1,-1,2
21065,-1,14104,-1,-1,-1,-1,,,[],,,-1,attribute_name_21065,0,0,1,-1,2
21066,-1,4103,-1,-1,-1,-1,,,[],,,-1,attribute_name_21066,0,0,1,-1,2
21067,-1,4104,-1,-1,-1,-1,,,[],,,-1,attribute_name_21067,0,0,1,-1,2
21068,-1,15103,-1,-1,-1,-1,,,[],,,-1,attribute_name_21068,0,0,1,-1,2
21069,-1,15104,-1,-1,-1,-1,,,[],,,-1,attribute_name_21069,0,0,1,-1,2
21070,-1,5103,-1,-1,-1,-1,,,[],,,-1,attribute_name_21070,0,0,1,-1,2
21071,-1,5104,-1,-1,-1,-1,,,[],,,-1,attribute_name_21071,0,0,1,-1,2
21072,-1,15103,-1,-1,-1,-1,,,[],,,-1,attribute_name_21072,0,0,1,-1,2
21073,-1,15104,-1,-1,-1,-1,,,[],,,-1,attribute_name_21073,0,0,1,-1,2
21074,-1,5103,-1,-1,-1,-1,,,[],,,-1,attribute_name_21074,0,0,1,-1,2
21075,-1,5104,-1,-1,-1,-1,,,[],,,-1,attribute_name_21075,0,0,1,-1,2
21076,-1,165,-1,-1,-1,-1,,,[],,,-1,attribute_name_21076,0,0,1,-1,2
21077,-1,166,-1,-1,-1,-1,,,[],,,-1,attribute_name_21077,0,0,1,-1,2
30003,-1,3,-1,-1,-1,-1,,,[],attr_01,,-1,attribute_name_30003,0,0,1,-1,1
30004,-1,4,-1,-1,-1,-1,,,[],attr_02,,-1,attribute_name_30004,0,0,1,-1,1
201,-1,-1,-1,-1,-1,-1,,,[],,,-1,attribute_name_201,0,0,-1,-1,1
202,-1,-1,-1,-1,-1,-1,,,[],,,-1,attribute_name_202,0,0,-1,-1,1
203,-1,-1,-1,-1,-1,-1,,,[],,,-1,attribute_name_203,0,0,-1,-1,1
204,-1,-1,-1,-1,-1,-1,,,[],,,-1,attribute_name_204,0,0,-1,-1,1
205,-1,-1,-1,-1,-1,-1,,,[],,,-1,attribute_name_205,0,0,-1,-1,1
206,-1,-1,-1,-1,-1,-1,,,[],,,-1,attribute_name_206,0,0,-1,-1,2
207,-1,-1,-1,-1,-1,-1,,,[],,,-1,attribute_name_207,0,0,-1,-1,2
208,-1,-1,-1,-1,-1,-1,,,[],,,-1,attribute_name_208,0,0,-1,-1,2
209,-1,-1,-1,-1,-1,-1,,,[],,,-1,attribute_name_209,0,0,-1,-1,2
210,-1,-1,-1,-1,-1,-1,,,[],,,-1,attribute_name_210,0,0,-1,-1,2
211,-1,-1,-1,-1,-1,-1,,,[],,,-1,attribute_name_211,0,0,-1,-1,2
212,-1,-1,-1,-1,-1,-1,,,[],,,-1,attribute_name_212,0,0,-1,-1,2
213,-1,-1,-1,-1,-1,-1,,,[],,,-1,attribute_name_213,0,0,-1,-1,2
214,-1,-1,-1,-1,-1,-1,,,[],,,-1,attribute_name_214,0,0,-1,-1,1
215,-1,-1,-1,-1,-1,-1,,,[],,,-1,attribute_name_215,0,0,-1,-1,2
216,-1,-1,-1,-1,-1,-1,,,[],,,-1,attribute_name_216,0,0,-1,-1,2
217,-1,-1,-1,-1,-1,-1,,,[],,,-1,attribute_name_217,0,0,-1,-1,2
218,-1,-1,-1,-1,-1,-1,,,[],,,-1,attribute_name_218,0,0,-1,-1,2
219,-1,-1,-1,-1,-1,-1,,,[],,,-1,attribute_name_219,0,0,-1,-1,2
220,-1,-1,-1,-1,-1,-1,,,[],,,-1,attribute_name_220,0,0,-1,-1,2
221,-1,-1,-1,-1,-1,-1,,,[],,,-1,attribute_name_221,0,0,-1,-1,2
1000103,-1,10103,-1,-1,2,-1,,205|501|503|504|505|506|603,[205|501|503|504|505|506|603],attr_01,,-1,attribute_name_1010103,0,0,1,-1,2
1000104,-1,10104,-1,-1,2,-1,,205|501|503|504|505|506|603,[205|501|503|504|505|506|603],attr_02,,-1,attribute_name_1010104,0,0,1,-1,2
1010103,-1,103,-1,-1,-1,-1,,205|501|503|504|505|506|603,[205|501|503|504|505|506|603],attr_01,,-1,attribute_name_1000103,0,0,-1,-1,2
1010104,-1,104,-1,-1,-1,-1,,205|501|503|504|505|506|603,[205|501|503|504|505|506|603],attr_02,,-1,attribute_name_1000104,0,0,-1,-1,2
1000105,-1,10103,-1,-1,1,-1,,205|501|503|504|505|506|603,[205|501|503|504|505|506|603],attr_01,,-1,attribute_name_1000105,0,0,2,-1,2
1000106,-1,18,-1,-1,-1,-1,,104,[104],attr_damage,,-1,attribute_name_1000106,0,0,2,-1,2
1000107,-1,103,-1,-1,2,-1,,205|207,[205|207],attr_01,,-1,attribute_name_1010103,0,0,2,-1,2
1000108,-1,104,-1,-1,2,-1,,205|207,[205|207],attr_02,,-1,attribute_name_1010104,0,0,2,-1,2
1000119,-1,19,1,-1,2,-1,,205|501|503|504|505|506|603,[205|501|503|504|505|506|603],attr_damage-reduction,,-1,attribute_name_1000119,0,0,1,1,2
1000201,-1,10103,1,-1,-1,-1,,605,[605],attr_01,,-1,attribute_name_1000201,0,0,1,-1,2
1000202,-1,10103,1,-1,-1,-1,,605,[605],attr_01,,-1,attribute_name_1000202,0,0,1,-1,2
1000203,-1,10103,1,-1,-1,-1,,605,[605],attr_01,,-1,attribute_name_1000203,0,0,1,-1,2
1100003,-1,10103,-1,-1,-1,-1,,101|102|103|104|204|208|604|608|613|614,[101|102|103|104|204|208|604|608|613|614],attr_01,,-1,attribute_name_1100003,0,0,1,-1,2
1100004,-1,10104,-1,-1,-1,-1,,101|102|103|104|204|208|604|608|613|614,[101|102|103|104|204|208|604|608|613|614],attr_02,,-1,attribute_name_1100004,0,0,1,-1,2
1100103,-1,103,-1,-1,-1,-1,,301,[301],attr_01,,-1,attribute_name_1100103,0,0,-1,-1,2
1100104,-1,104,-1,-1,-1,-1,,301,[301],attr_02,,-1,attribute_name_1100104,0,0,-1,-1,2
1200103,-1,103,-1,76,-1,-1,,,[],attr_01,,-1,attribute_name_1200103,0,0,1,-1,2
1200104,-1,104,-1,76,-1,-1,,,[],attr_02,,-1,attribute_name_1200104,0,0,1,-1,2
1200105,-1,18,-1,-1,-1,-1,,,[],,,-1,alliance_tech_desc_1010504,0,0,1,-1,2
1200106,-1,13103,-1,76,-1,-1,,,[],attr_01,,-1,attribute_name_1200106,0,0,1,-1,2
1200107,-1,13104,-1,76,-1,-1,,,[],attr_02,,-1,attribute_name_1200107,0,0,1,-1,2
1200108,-1,14103,-1,76,-1,-1,,,[],attr_01,,-1,attribute_name_1200108,0,0,1,-1,2
1200109,-1,14104,-1,76,-1,-1,,,[],attr_02,,-1,attribute_name_1200109,0,0,1,-1,2
1200110,-1,15103,-1,76,-1,-1,,,[],attr_01,,-1,attribute_name_1200110,0,0,1,-1,2
1200111,-1,15104,-1,76,-1,-1,,,[],attr_02,,-1,attribute_name_1200111,0,0,1,-1,2
1200112,-1,18,-1,-1,-1,-1,,,[],,,-1,attribute_name_1200112,0,0,1,-1,2
1200113,-1,18,-1,8,-1,-1,,,[],tech_1001,,-1,attribute_name_1200113,0,0,1,-1,2
1200114,-1,19,-1,8,-1,-1,,,[],tech_2003,,-1,attribute_name_1200114,0,0,1,-1,2
1200115,1,18,-1,-1,-1,-1,,101|102|103|104|105|208|601|602|604|607|608|609|610|613|614,[101|102|103|104|105|208|601|602|604|607|608|609|610|613|614],attr_damage,,-1,attribute_name_1200115,0,0,-1,-1,2
1200116,1,19,-1,-1,-1,-1,,101|102|103|104|105|208|601|602|604|607|608|609|610|613|614,[101|102|103|104|105|208|601|602|604|607|608|609|610|613|614],attr_damage-reduction,,-1,attribute_name_1200116,0,0,-1,-1,2
1200117,-1,18,-1,-1,-1,-1,,,[],,,-1,attribute_name_1200117,0,0,1,-1,2
1200118,-1,18,-1,-1,-1,-1,,,[],,,-1,attribute_name_1200118,0,0,1,-1,2
1200119,-1,18,-1,-1,-1,-1,,,[],,,-1,attribute_name_1200119,0,0,1,-1,2
1200120,-1,18,-1,-1,-1,-1,,,[],,,-1,attribute_name_1200120,0,0,1,-1,2
1200121,-1,18,-1,-1,-1,-1,,303,[303],,,-1,attribute_name_1200121,0,0,1,-1,2
1200122,-1,18,-1,-1,-1,-1,,,[],,,-1,attribute_name_1200122,0,0,1,-1,2
1300103,-1,103,-1,-1,-1,-1,,,[],attr_01,,5000,attribute_name_1300103,0,0,-1,-1,2
1300104,-1,104,-1,-1,-1,-1,,,[],attr_02,,5000,attribute_name_1300104,0,0,-1,-1,2
1300105,-1,10104,-1,-1,-1,-1,,,[],,,20000,attribute_name_1300105,0,0,-1,-1,2
1300106,-1,10188,-1,-1,-1,-1,,,[],,,5000,attribute_name_1300106,0,0,-1,-1,2
1300107,-1,1136,-1,-1,-1,-1,,,[],,,10000,attribute_name_1300107,0,0,-1,-1,2
1300108,-1,1137,-1,-1,-1,-1,,,[],,,10000,attribute_name_1300108,0,0,-1,-1,2
1400101,-1,-1,-1,-1,-1,-1,,,[],,,10,attribute_name_1400101,0,0,1,-1,1
1400102,-1,-1,-1,-1,-1,-1,,,[],,,10000,attribute_name_1400102,0,0,1,-1,2
1400103,-1,-1,-1,-1,-1,-1,,,[],,,43200,attribute_name_1400103,0,0,1,-1,1
1400104,-1,-1,-1,-1,-1,-1,,,[],,,10000,attribute_name_1400104,0,0,1,-1,2
1400105,-1,18,-1,-1,-1,-1,,104,[104],,,10000,attribute_name_1400105,0,0,1,-1,2
1400106,-1,-1,-1,-1,-1,-1,,,[],,,10000,attribute_name_1400106,0,0,1,-1,2
1400107,-1,-1,-1,-1,-1,-1,,,[],,,10000,attribute_name_1400107,0,0,1,-1,2
1400201,-1,-1,-1,-1,-1,-1,,,[],,,10000,attribute_name_1400201,0,0,1,-1,2
1400202,-1,10103,-1,-1,-1,-1,,,[],,,10000,attribute_name_1400202,0,0,1,-1,2
1400203,-1,-1,-1,-1,-1,-1,,,[],,,10000,attribute_name_1400203,0,0,1,-1,2
1400204,-1,-1,-1,-1,-1,-1,,,[],,,10000,attribute_name_1400204,0,0,1,-1,2
1400301,-1,-1,-1,-1,-1,-1,,,[],,,10000,attribute_name_1400301,0,0,1,-1,1
1400302,-1,-1,-1,-1,-1,-1,,,[],,,10000,attribute_name_1400302,0,0,1,-1,1
1400303,-1,-1,-1,-1,-1,-1,,,[],,,10000,attribute_name_1400303,0,0,1,-1,1
1400304,-1,-1,-1,-1,-1,-1,,,[],,,10000,attribute_name_1400304,0,0,1,-1,1
1400305,-1,-1,-1,-1,-1,-1,,,[],,,10000,attribute_name_1400305,0,0,1,-1,1
1400306,-1,-1,-1,-1,-1,-1,,,[],,,10000,attribute_name_1400306,0,0,1,-1,1
1400307,-1,-1,-1,-1,-1,-1,,,[],,,10000000,attribute_name_1400307,0,0,1,-1,2
1400308,-1,-1,-1,-1,-1,-1,,,[],,,10000000,attribute_name_1400308,0,0,1,-1,2
1400309,-1,-1,-1,-1,-1,-1,,,[],,,10000000,attribute_name_1400309,0,0,1,-1,2
1400310,-1,-1,-1,-1,-1,-1,,,[],,,10000000,attribute_name_1400310,0,0,1,-1,2
1400311,-1,-1,-1,-1,-1,-1,,,[],,,10000000,attribute_name_1400311,0,0,1,-1,2
1400312,-1,-1,-1,-1,-1,-1,,,[],,,10000000,attribute_name_1400312,0,0,1,-1,1
1400313,-1,-1,-1,-1,-1,-1,,,[],,,10000000,attribute_name_1400313,0,0,1,-1,2
1400314,-1,-1,-1,-1,-1,-1,,,[],,,100,attribute_name_1400314,0,0,1,-1,1
1400315,-1,-1,-1,-1,-1,-1,,,[],,,10000000,attribute_name_1400315,0,0,1,-1,2
1400316,-1,-1,-1,-1,-1,-1,,,[],,,10000000,attribute_name_1400316,0,0,1,-1,1
1400401,-1,-1,-1,-1,-1,-1,,,[],,,10000000,attribute_name_1400401,0,0,1,-1,1
1400402,-1,-1,-1,-1,-1,-1,,,[],,,10000000,attribute_name_1400402,0,0,1,-1,1
1400403,-1,-1,-1,-1,-1,-1,,,[],,,10000000,attribute_name_1400403,0,0,1,-1,1
1400404,-1,-1,-1,-1,-1,-1,,,[],,,10000000,attribute_name_1400404,0,0,1,-1,1
1500101,-1,18,-1,-1,-1,-1,,615,[615],,,-1,attribute_name_1500101,0,0,1,-1,2
1500102,-1,-1,-1,-1,-1,-1,,615,[615],,,-1,attribute_name_1500102,0,0,1,-1,2
1500103,-1,18,-1,-1,-1,-1,,616,[616],,,-1,attribute_name_1500103,0,0,1,-1,2
1500104,-1,18,-1,-1,-1,-1,,617,[617],,,-1,attribute_name_1500104,0,0,1,-1,2
1500105,-1,-1,-1,-1,-1,-1,,,[],,,-1,attribute_name_1500105,0,0,-1,-1,2
1500106,-1,-1,-1,-1,-1,-1,,,[],,,-1,attribute_name_1500106,0,0,-1,-1,1
