id,battle_time,buffs,defend_unit,defend_unit_position,first_reward,group_id,Initially_buff,map,monster_id,need_day,own_buffs,pre_level,use_own_hero
1,300,10004|10005|10008|10011|10013|10014|10015|10020|10021|10022|10024|10025|10027|10028|10030|10035|10036|10038|10040|1001|1002|1003|1004,-1,,405282001,1,10004|10005|10011|10013|10014|10015|10020|10021|10022|10024|10025|10030|10035|10036|10038|10040,803,101|102|103|104|105|106|107|108|109|110,0,1|2|3,-1,-1
2,300,10004|10005|10008|10011|10013|10014|10015|10020|10021|10022|10024|10025|10027|10028|10030|10035|10036|10038|10040|1001|1002|1003|1004,-1,,405282002,1,10004|10005|10011|10013|10014|10015|10020|10021|10022|10024|10025|10030|10035|10036|10038|10040,803,201|202|203|204|205|206|207|208|209|210,0,1|2|3,1,-1
3,300,10004|10005|10008|10011|10013|10014|10015|10020|10021|10022|10024|10025|10027|10028|10030|10035|10036|10038|10040|1001|1002|1003|1004,-1,,405282003,1,10004|10005|10011|10013|10014|10015|10020|10021|10022|10024|10025|10030|10035|10036|10038|10040,803,301|302|303|304|305|306|307|308|309|310,0,1|2|3,2,-1
4,300,10004|10005|10008|10011|10013|10014|10015|10020|10021|10022|10024|10025|10027|10028|10030|10035|10036|10038|10040|1001|1002|1003|1004,-1,,405282004,1,10004|10005|10011|10013|10014|10015|10020|10021|10022|10024|10025|10030|10035|10036|10038|10040,803,401|402|403|404|405|406|407|408|409|410,0,1|2|3,3,-1
5,480,10004|10005|10008|10011|10013|10014|10015|10020|10021|10022|10024|10025|10027|10028|10030|10035|10036|10038|10040|1001|1002|1003|1004,-1,,405282005,1,10004|10005|10011|10013|10014|10015|10020|10021|10022|10024|10025|10030|10035|10036|10038|10040,803,501|502|503|504|505|506|507|508|509|510,0,1|2|3,4,-1
6,300,10004|10005|10008|10011|10013|10014|10015|10020|10021|10022|10024|10025|10027|10028|10030|10035|10036|10038|10040|1001|1002|1003|1004,-1,,405282006,1,10004|10005|10011|10013|10014|10015|10020|10021|10022|10024|10025|10030|10035|10036|10038|10040,803,601|602|603|604|605|606|607|608|609|610,1,1|2|3,5,-1
7,300,10004|10005|10008|10011|10013|10014|10015|10020|10021|10022|10024|10025|10027|10028|10030|10035|10036|10038|10040|1001|1002|1003|1004,-1,,405282007,1,10004|10005|10011|10013|10014|10015|10020|10021|10022|10024|10025|10030|10035|10036|10038|10040,803,701|702|703|704|705|706|707|708|709|710,1,1|2|3,6,-1
8,300,10004|10005|10008|10011|10013|10014|10015|10020|10021|10022|10024|10025|10027|10028|10030|10035|10036|10038|10040|1001|1002|1003|1004,-1,,405282008,1,10004|10005|10011|10013|10014|10015|10020|10021|10022|10024|10025|10030|10035|10036|10038|10040,803,801|802|803|804|805|806|807|808|809|810,1,1|2|3,7,-1
9,300,10004|10005|10008|10011|10013|10014|10015|10020|10021|10022|10024|10025|10027|10028|10030|10035|10036|10038|10040|1001|1002|1003|1004,-1,,405282009,1,10004|10005|10011|10013|10014|10015|10020|10021|10022|10024|10025|10030|10035|10036|10038|10040,803,901|902|903|904|905|906|907|908|909|910,1,1|2|3,8,-1
10,480,10004|10005|10008|10011|10013|10014|10015|10020|10021|10022|10024|10025|10027|10028|10030|10035|10036|10038|10040|1001|1002|1003|1004,-1,,405282010,1,10004|10005|10011|10013|10014|10015|10020|10021|10022|10024|10025|10030|10035|10036|10038|10040,803,1001|1002|1003|1004|1005|1006|1007|1008|1009|1010,1,1|2|3,9,-1
11,300,10004|10005|10008|10011|10013|10014|10015|10020|10021|10022|10024|10025|10027|10028|10030|10035|10036|10038|10040|1001|1002|1003|1004,-1,,405282011,1,10004|10005|10011|10013|10014|10015|10020|10021|10022|10024|10025|10030|10035|10036|10038|10040,803,1101|1102|1103|1104|1105|1106|1107|1108|1109|1110,2,1|2|3,10,-1
12,300,10004|10005|10008|10011|10013|10014|10015|10020|10021|10022|10024|10025|10027|10028|10030|10035|10036|10038|10040|1001|1002|1003|1004,-1,,405282012,1,10004|10005|10011|10013|10014|10015|10020|10021|10022|10024|10025|10030|10035|10036|10038|10040,803,1201|1202|1203|1204|1205|1206|1207|1208|1209|1210,2,1|2|3,11,-1
13,300,10004|10005|10008|10011|10013|10014|10015|10020|10021|10022|10024|10025|10027|10028|10030|10035|10036|10038|10040|1001|1002|1003|1004,-1,,405282013,1,10004|10005|10011|10013|10014|10015|10020|10021|10022|10024|10025|10030|10035|10036|10038|10040,803,1301|1302|1303|1304|1305|1306|1307|1308|1309|1310,2,1|2|3,12,-1
14,300,10004|10005|10008|10011|10013|10014|10015|10020|10021|10022|10024|10025|10027|10028|10030|10035|10036|10038|10040|1001|1002|1003|1004,-1,,405282014,1,10004|10005|10011|10013|10014|10015|10020|10021|10022|10024|10025|10030|10035|10036|10038|10040,803,1401|1402|1403|1404|1405|1406|1407|1408|1409|1410,2,1|2|3,13,-1
15,480,10004|10005|10008|10011|10013|10014|10015|10020|10021|10022|10024|10025|10027|10028|10030|10035|10036|10038|10040|1001|1002|1003|1004,-1,,405282015,1,10004|10005|10011|10013|10014|10015|10020|10021|10022|10024|10025|10030|10035|10036|10038|10040,803,1501|1502|1503|1504|1505|1506|1507|1508|1509|1510,2,1|2|3,14,-1
16,300,10004|10005|10008|10011|10013|10014|10015|10020|10021|10022|10024|10025|10027|10028|10030|10035|10036|10038|10040|1001|1002|1003|1004,-1,,405282016,1,10004|10005|10011|10013|10014|10015|10020|10021|10022|10024|10025|10030|10035|10036|10038|10040,803,1601|1602|1603|1604|1605|1606|1607|1608|1609|1610,3,1|2|3,15,-1
17,300,10004|10005|10008|10011|10013|10014|10015|10020|10021|10022|10024|10025|10027|10028|10030|10035|10036|10038|10040|1001|1002|1003|1004,-1,,405282017,1,10004|10005|10011|10013|10014|10015|10020|10021|10022|10024|10025|10030|10035|10036|10038|10040,803,1701|1702|1703|1704|1705|1706|1707|1708|1709|1710,3,1|2|3,16,-1
18,300,10004|10005|10008|10011|10013|10014|10015|10020|10021|10022|10024|10025|10027|10028|10030|10035|10036|10038|10040|1001|1002|1003|1004,-1,,405282018,1,10004|10005|10011|10013|10014|10015|10020|10021|10022|10024|10025|10030|10035|10036|10038|10040,803,1801|1802|1803|1804|1805|1806|1807|1808|1809|1810,3,1|2|3,17,-1
19,300,10004|10005|10008|10011|10013|10014|10015|10020|10021|10022|10024|10025|10027|10028|10030|10035|10036|10038|10040|1001|1002|1003|1004,-1,,405282019,1,10004|10005|10011|10013|10014|10015|10020|10021|10022|10024|10025|10030|10035|10036|10038|10040,803,1901|1902|1903|1904|1905|1906|1907|1908|1909|1910,3,1|2|3,18,-1
20,480,10004|10005|10008|10011|10013|10014|10015|10020|10021|10022|10024|10025|10027|10028|10030|10035|10036|10038|10040|1001|1002|1003|1004,-1,,405282020,1,10004|10005|10011|10013|10014|10015|10020|10021|10022|10024|10025|10030|10035|10036|10038|10040,803,2001|2002|2003|2004|2005|2006|2007|2008|2009|2010,3,1|2|3,19,-1
21,300,10004|10005|10008|10011|10013|10014|10015|10020|10021|10022|10024|10025|10027|10028|10030|10035|10036|10038|10040|1001|1002|1003|1004,-1,,405282021,1,10004|10005|10011|10013|10014|10015|10020|10021|10022|10024|10025|10030|10035|10036|10038|10040,803,2101|2102|2103|2104|2105|2106|2107|2108|2109|2110,4,1|2|3,20,-1
22,300,10004|10005|10008|10011|10013|10014|10015|10020|10021|10022|10024|10025|10027|10028|10030|10035|10036|10038|10040|1001|1002|1003|1004,-1,,405282022,1,10004|10005|10011|10013|10014|10015|10020|10021|10022|10024|10025|10030|10035|10036|10038|10040,803,2201|2202|2203|2204|2205|2206|2207|2208|2209|2210,4,1|2|3,21,-1
23,300,10004|10005|10008|10011|10013|10014|10015|10020|10021|10022|10024|10025|10027|10028|10030|10035|10036|10038|10040|1001|1002|1003|1004,-1,,405282023,1,10004|10005|10011|10013|10014|10015|10020|10021|10022|10024|10025|10030|10035|10036|10038|10040,803,2301|2302|2303|2304|2305|2306|2307|2308|2309|2310,4,1|2|3,22,-1
24,300,10004|10005|10008|10011|10013|10014|10015|10020|10021|10022|10024|10025|10027|10028|10030|10035|10036|10038|10040|1001|1002|1003|1004,-1,,405282024,1,10004|10005|10011|10013|10014|10015|10020|10021|10022|10024|10025|10030|10035|10036|10038|10040,803,2401|2402|2403|2404|2405|2406|2407|2408|2409|2410,4,1|2|3,23,-1
25,480,10004|10005|10008|10011|10013|10014|10015|10020|10021|10022|10024|10025|10027|10028|10030|10035|10036|10038|10040|1001|1002|1003|1004,-1,,405282025,1,10004|10005|10011|10013|10014|10015|10020|10021|10022|10024|10025|10030|10035|10036|10038|10040,803,2501|2502|2503|2504|2505|2506|2507|2508|2509|2510,4,1|2|3,24,-1
26,300,10004|10005|10008|10011|10013|10014|10015|10020|10021|10022|10024|10025|10027|10028|10030|10035|10036|10038|10040|1001|1002|1003|1004,-1,,405282026,1,10004|10005|10011|10013|10014|10015|10020|10021|10022|10024|10025|10030|10035|10036|10038|10040,803,2601|2602|2603|2604|2605|2606|2607|2608|2609|2610,5,1|2|3,25,-1
27,300,10004|10005|10008|10011|10013|10014|10015|10020|10021|10022|10024|10025|10027|10028|10030|10035|10036|10038|10040|1001|1002|1003|1004,-1,,405282027,1,10004|10005|10011|10013|10014|10015|10020|10021|10022|10024|10025|10030|10035|10036|10038|10040,803,2701|2702|2703|2704|2705|2706|2707|2708|2709|2710,5,1|2|3,26,-1
28,300,10004|10005|10008|10011|10013|10014|10015|10020|10021|10022|10024|10025|10027|10028|10030|10035|10036|10038|10040|1001|1002|1003|1004,-1,,405282028,1,10004|10005|10011|10013|10014|10015|10020|10021|10022|10024|10025|10030|10035|10036|10038|10040,803,2801|2802|2803|2804|2805|2806|2807|2808|2809|2810,5,1|2|3,27,-1
29,300,10004|10005|10008|10011|10013|10014|10015|10020|10021|10022|10024|10025|10027|10028|10030|10035|10036|10038|10040|1001|1002|1003|1004,-1,,405282029,1,10004|10005|10011|10013|10014|10015|10020|10021|10022|10024|10025|10030|10035|10036|10038|10040,803,2901|2902|2903|2904|2905|2906|2907|2908|2909|2910,5,1|2|3,28,-1
30,480,10004|10005|10008|10011|10013|10014|10015|10020|10021|10022|10024|10025|10027|10028|10030|10035|10036|10038|10040|1001|1002|1003|1004,-1,,405282030,1,10004|10005|10011|10013|10014|10015|10020|10021|10022|10024|10025|10030|10035|10036|10038|10040,803,3001|3002|3003|3004|3005|3006|3007|3008|3009|3010,5,1|2|3,29,-1
101,180,-1,-1,-1,-1,2,-1,804,510101|510102|510103|510104|510105|510106|510107|510108|510109|510110|510113,-1,-1,-1,1
102,180,-1,-1,-1,-1,2,-1,804,510201|510202|510203|510204|510205|510206|510207|510208|510209|510210|510213,-1,-1,-1,1
103,180,-1,-1,-1,-1,2,-1,805,510301|510302|510303|510304|510305|510306|510307|510308|510309|510310|510313,-1,-1,-1,1
104,180,-1,-1,-1,-1,2,-1,805,510401|510402|510403|510404|510405|510406|510407|510408|510409|510410|510413,-1,-1,-1,1
105,180,-1,-1,-1,-1,2,-1,806,510501|510502|510503|510504|510505|510506|510507|510508|510509|510510|510513,-1,-1,-1,1
106,60,-1,-1,-1,-1,2,-1,804,580101,-1,-1,-1,1
107,60,-1,-1,-1,-1,2,-1,804,580102,-1,-1,-1,1
108,60,-1,-1,-1,-1,2,-1,805,580103,-1,-1,-1,1
109,60,-1,-1,-1,-1,2,-1,805,580104,-1,-1,-1,1
110,60,-1,-1,-1,-1,2,-1,806,580105,-1,-1,-1,1
111,60,-1,-1,-1,-1,2,-1,806,580106,-1,-1,-1,1
201,180,-1,-1,-1,-1,2,-1,804,520101|520102|520103|520104|520105|520106|520107|520108|520109|520110|520113,-1,-1,-1,1
202,180,-1,-1,-1,-1,2,-1,804,520201|520202|520203|520204|520205|520206|520207|520208|520209|520210|520213,-1,-1,-1,1
203,180,-1,-1,-1,-1,2,-1,805,520301|520302|520303|520304|520305|520306|520307|520308|520309|520310|520313,-1,-1,-1,1
204,180,-1,-1,-1,-1,2,-1,805,520401|520402|520403|520404|520405|520406|520407|520408|520409|520410|520413,-1,-1,-1,1
205,180,-1,-1,-1,-1,2,-1,806,520501|520502|520503|520504|520505|520506|520507|520508|520509|520510|520513,-1,-1,-1,1
206,60,-1,-1,-1,-1,2,-1,804,580201,-1,-1,-1,1
207,60,-1,-1,-1,-1,2,-1,804,580202,-1,-1,-1,1
208,60,-1,-1,-1,-1,2,-1,805,580203,-1,-1,-1,1
209,60,-1,-1,-1,-1,2,-1,805,580204,-1,-1,-1,1
210,60,-1,-1,-1,-1,2,-1,806,580205,-1,-1,-1,1
211,60,-1,-1,-1,-1,2,-1,806,580206,-1,-1,-1,1
301,180,-1,-1,-1,-1,2,-1,804,530101|530102|530103|530104|530105|530106|530107|530108|530109|530110|530113,-1,-1,-1,1
302,180,-1,-1,-1,-1,2,-1,804,530201|530202|530203|530204|530205|530206|530207|530208|530209|530210|530213,-1,-1,-1,1
303,180,-1,-1,-1,-1,2,-1,805,530301|530302|530303|530304|530305|530306|530307|530308|530309|530310|530313,-1,-1,-1,1
304,180,-1,-1,-1,-1,2,-1,805,530401|530402|530403|530404|530405|530406|530407|530408|530409|530410|530413,-1,-1,-1,1
305,180,-1,-1,-1,-1,2,-1,806,530501|530502|530503|530504|530505|530506|530507|530508|530509|530510|530513,-1,-1,-1,1
306,60,-1,-1,-1,-1,2,-1,804,580301,-1,-1,-1,1
307,60,-1,-1,-1,-1,2,-1,804,580302,-1,-1,-1,1
308,60,-1,-1,-1,-1,2,-1,805,580303,-1,-1,-1,1
309,60,-1,-1,-1,-1,2,-1,805,580304,-1,-1,-1,1
310,60,-1,-1,-1,-1,2,-1,806,580305,-1,-1,-1,1
311,60,-1,-1,-1,-1,2,-1,806,580306,-1,-1,-1,1
401,180,-1,-1,-1,-1,2,-1,804,540101|540102|540103|540104|540105|540106|540107|540108|540109|540110|540113,-1,-1,-1,1
402,180,-1,-1,-1,-1,2,-1,804,540201|540202|540203|540204|540205|540206|540207|540208|540209|540210|540213,-1,-1,-1,1
403,180,-1,-1,-1,-1,2,-1,805,540301|540302|540303|540304|540305|540306|540307|540308|540309|540310|540313,-1,-1,-1,1
404,180,-1,-1,-1,-1,2,-1,805,540401|540402|540403|540404|540405|540406|540407|540408|540409|540410|540413,-1,-1,-1,1
405,180,-1,-1,-1,-1,2,-1,806,540501|540502|540503|540504|540505|540506|540507|540508|540509|540510|540513,-1,-1,-1,1
406,60,-1,-1,-1,-1,2,-1,804,580401,-1,-1,-1,1
407,60,-1,-1,-1,-1,2,-1,804,580402,-1,-1,-1,1
408,60,-1,-1,-1,-1,2,-1,805,580403,-1,-1,-1,1
409,60,-1,-1,-1,-1,2,-1,805,580404,-1,-1,-1,1
410,60,-1,-1,-1,-1,2,-1,806,580405,-1,-1,-1,1
411,60,-1,-1,-1,-1,2,-1,806,580406,-1,-1,-1,1
501,180,-1,-1,-1,-1,2,-1,804,550101|550102|550103|550104|550105|550106|550107|550108|550109|550110|550113,-1,-1,-1,1
502,180,-1,-1,-1,-1,2,-1,804,550201|550202|550203|550204|550205|550206|550207|550208|550209|550210|550213,-1,-1,-1,1
503,180,-1,-1,-1,-1,2,-1,805,550301|550302|550303|550304|550305|550306|550307|550308|550309|550310|550313,-1,-1,-1,1
504,180,-1,-1,-1,-1,2,-1,805,550401|550402|550403|550404|550405|550406|550407|550408|550409|550410|550413,-1,-1,-1,1
505,180,-1,-1,-1,-1,2,-1,806,550501|550502|550503|550504|550505|550506|550507|550508|550509|550510|550513,-1,-1,-1,1
506,60,-1,-1,-1,-1,2,-1,804,580501,-1,-1,-1,1
507,60,-1,-1,-1,-1,2,-1,804,580502,-1,-1,-1,1
508,60,-1,-1,-1,-1,2,-1,805,580503,-1,-1,-1,1
509,60,-1,-1,-1,-1,2,-1,805,580504,-1,-1,-1,1
510,60,-1,-1,-1,-1,2,-1,806,580505,-1,-1,-1,1
511,60,-1,-1,-1,-1,2,-1,806,580506,-1,-1,-1,1
601,180,-1,-1,-1,-1,2,-1,804,560101|560102|560103|560104|560105|560106|560107|560108|560109|560110|560113,-1,-1,-1,1
602,180,-1,-1,-1,-1,2,-1,804,560201|560202|560203|560204|560205|560206|560207|560208|560209|560210|560213,-1,-1,-1,1
603,180,-1,-1,-1,-1,2,-1,805,560301|560302|560303|560304|560305|560306|560307|560308|560309|560310|560313,-1,-1,-1,1
604,180,-1,-1,-1,-1,2,-1,805,560401|560402|560403|560404|560405|560406|560407|560408|560409|560410|560413,-1,-1,-1,1
605,180,-1,-1,-1,-1,2,-1,806,560501|560502|560503|560504|560505|560506|560507|560508|560509|560510|560513,-1,-1,-1,1
606,60,-1,-1,-1,-1,2,-1,804,580601,-1,-1,-1,1
607,60,-1,-1,-1,-1,2,-1,804,580602,-1,-1,-1,1
608,60,-1,-1,-1,-1,2,-1,805,580603,-1,-1,-1,1
609,60,-1,-1,-1,-1,2,-1,805,580604,-1,-1,-1,1
610,60,-1,-1,-1,-1,2,-1,806,580605,-1,-1,-1,1
611,60,-1,-1,-1,-1,2,-1,806,580606,-1,-1,-1,1
701,180,-1,-1,-1,-1,2,-1,804,570101|570102|570103|570104|570105|570106|570107|570108|570109|570110|570113,-1,-1,-1,1
702,180,-1,-1,-1,-1,2,-1,804,570201|570202|570203|570204|570205|570206|570207|570208|570209|570210|570213,-1,-1,-1,1
703,180,-1,-1,-1,-1,2,-1,805,570301|570302|570303|570304|570305|570306|570307|570308|570309|570310|570313,-1,-1,-1,1
704,180,-1,-1,-1,-1,2,-1,805,570401|570402|570403|570404|570405|570406|570407|570408|570409|570410|570413,-1,-1,-1,1
705,180,-1,-1,-1,-1,2,-1,806,570501|570502|570503|570504|570505|570506|570507|570508|570509|570510|570513,-1,-1,-1,1
706,60,-1,-1,-1,-1,2,-1,804,580701,-1,-1,-1,1
707,60,-1,-1,-1,-1,2,-1,804,580702,-1,-1,-1,1
708,60,-1,-1,-1,-1,2,-1,805,580703,-1,-1,-1,1
709,60,-1,-1,-1,-1,2,-1,805,580704,-1,-1,-1,1
710,60,-1,-1,-1,-1,2,-1,806,580705,-1,-1,-1,1
711,60,-1,-1,-1,-1,2,-1,806,580706,-1,-1,-1,1
801,180,-1,-1,-1,-1,2,-1,804,571101|571102|571103|571104|571105|571106|571107|571108|571109|571110|571113,-1,-1,-1,1
802,180,-1,-1,-1,-1,2,-1,804,571201|571202|571203|571204|571205|571206|571207|571208|571209|571210|571213,-1,-1,-1,1
803,180,-1,-1,-1,-1,2,-1,805,571301|571302|571303|571304|571305|571306|571307|571308|571309|571310|571313,-1,-1,-1,1
804,180,-1,-1,-1,-1,2,-1,805,571401|571402|571403|571404|571405|571406|571407|571408|571409|571410|571413,-1,-1,-1,1
805,180,-1,-1,-1,-1,2,-1,806,571501|571502|571503|571504|571505|571506|571507|571508|571509|571510|571513,-1,-1,-1,1
806,60,-1,-1,-1,-1,2,-1,804,580801,-1,-1,-1,1
807,60,-1,-1,-1,-1,2,-1,804,580802,-1,-1,-1,1
808,60,-1,-1,-1,-1,2,-1,805,580803,-1,-1,-1,1
809,60,-1,-1,-1,-1,2,-1,805,580804,-1,-1,-1,1
810,60,-1,-1,-1,-1,2,-1,806,580805,-1,-1,-1,1
811,60,-1,-1,-1,-1,2,-1,806,580806,-1,-1,-1,1
901,180,-1,-1,-1,-1,2,-1,804,572101|572102|572103|572104|572105|572106|572107|572108|572109|572110|572113,-1,-1,-1,1
902,180,-1,-1,-1,-1,2,-1,804,572201|572202|572203|572204|572205|572206|572207|572208|572209|572210|572213,-1,-1,-1,1
903,180,-1,-1,-1,-1,2,-1,805,572301|572302|572303|572304|572305|572306|572307|572308|572309|572310|572313,-1,-1,-1,1
904,180,-1,-1,-1,-1,2,-1,805,572401|572402|572403|572404|572405|572406|572407|572408|572409|572410|572413,-1,-1,-1,1
905,180,-1,-1,-1,-1,2,-1,806,572501|572502|572503|572504|572505|572506|572507|572508|572509|572510|572513,-1,-1,-1,1
906,60,-1,-1,-1,-1,2,-1,804,580901,-1,-1,-1,1
907,60,-1,-1,-1,-1,2,-1,804,580902,-1,-1,-1,1
908,60,-1,-1,-1,-1,2,-1,805,580903,-1,-1,-1,1
909,60,-1,-1,-1,-1,2,-1,805,580904,-1,-1,-1,1
910,60,-1,-1,-1,-1,2,-1,806,580905,-1,-1,-1,1
911,60,-1,-1,-1,-1,2,-1,806,580906,-1,-1,-1,1
1001,180,-1,-1,-1,-1,2,-1,804,573101|573102|573103|573104|573105|573106|573107|573108|573109|573110|573113,-1,-1,-1,1
1002,180,-1,-1,-1,-1,2,-1,804,573201|573202|573203|573204|573205|573206|573207|573208|573209|573210|573213,-1,-1,-1,1
1003,180,-1,-1,-1,-1,2,-1,805,573301|573302|573303|573304|573305|573306|573307|573308|573309|573310|573313,-1,-1,-1,1
1004,180,-1,-1,-1,-1,2,-1,805,573401|573402|573403|573404|573405|573406|573407|573408|573409|573410|573413,-1,-1,-1,1
1005,180,-1,-1,-1,-1,2,-1,806,573501|573502|573503|573504|573505|573506|573507|573508|573509|573510|573513,-1,-1,-1,1
1006,60,-1,-1,-1,-1,2,-1,804,581001,-1,-1,-1,1
1007,60,-1,-1,-1,-1,2,-1,804,581002,-1,-1,-1,1
1008,60,-1,-1,-1,-1,2,-1,805,581003,-1,-1,-1,1
1009,60,-1,-1,-1,-1,2,-1,805,581004,-1,-1,-1,1
1010,60,-1,-1,-1,-1,2,-1,806,581005,-1,-1,-1,1
1011,60,-1,-1,-1,-1,2,-1,806,581006,-1,-1,-1,1
1101,180,-1,-1,-1,-1,2,-1,804,574101|574102|574103|574104|574105|574106|574107|574108|574109|574110|574113,-1,-1,-1,1
1102,180,-1,-1,-1,-1,2,-1,804,574201|574202|574203|574204|574205|574206|574207|574208|574209|574210|574213,-1,-1,-1,1
1103,180,-1,-1,-1,-1,2,-1,805,574301|574302|574303|574304|574305|574306|574307|574308|574309|574310|574313,-1,-1,-1,1
1104,180,-1,-1,-1,-1,2,-1,805,574401|574402|574403|574404|574405|574406|574407|574408|574409|574410|574413,-1,-1,-1,1
1105,180,-1,-1,-1,-1,2,-1,806,574501|574502|574503|574504|574505|574506|574507|574508|574509|574510|574513,-1,-1,-1,1
1106,60,-1,-1,-1,-1,2,-1,804,581101,-1,-1,-1,1
1107,60,-1,-1,-1,-1,2,-1,804,581102,-1,-1,-1,1
1108,60,-1,-1,-1,-1,2,-1,805,581103,-1,-1,-1,1
1109,60,-1,-1,-1,-1,2,-1,805,581104,-1,-1,-1,1
1110,60,-1,-1,-1,-1,2,-1,806,581105,-1,-1,-1,1
1111,60,-1,-1,-1,-1,2,-1,806,581106,-1,-1,-1,1
1201,180,-1,-1,-1,-1,2,-1,804,575101|575102|575103|575104|575105|575106|575107|575108|575109|575110|575113,-1,-1,-1,1
1202,180,-1,-1,-1,-1,2,-1,804,575201|575202|575203|575204|575205|575206|575207|575208|575209|575210|575213,-1,-1,-1,1
1203,180,-1,-1,-1,-1,2,-1,805,575301|575302|575303|575304|575305|575306|575307|575308|575309|575310|575313,-1,-1,-1,1
1204,180,-1,-1,-1,-1,2,-1,805,575401|575402|575403|575404|575405|575406|575407|575408|575409|575410|575413,-1,-1,-1,1
1205,180,-1,-1,-1,-1,2,-1,806,575501|575502|575503|575504|575505|575506|575507|575508|575509|575510|575513,-1,-1,-1,1
1206,60,-1,-1,-1,-1,2,-1,804,581201,-1,-1,-1,1
1207,60,-1,-1,-1,-1,2,-1,804,581202,-1,-1,-1,1
1208,60,-1,-1,-1,-1,2,-1,805,581203,-1,-1,-1,1
1209,60,-1,-1,-1,-1,2,-1,805,581204,-1,-1,-1,1
1210,60,-1,-1,-1,-1,2,-1,806,581205,-1,-1,-1,1
1211,60,-1,-1,-1,-1,2,-1,806,581206,-1,-1,-1,1
1301,180,-1,-1,-1,-1,2,-1,804,576101|576102|576103|576104|576105|576106|576107|576108|576109|576110|576113,-1,-1,-1,1
1302,180,-1,-1,-1,-1,2,-1,804,576201|576202|576203|576204|576205|576206|576207|576208|576209|576210|576213,-1,-1,-1,1
1303,180,-1,-1,-1,-1,2,-1,805,576301|576302|576303|576304|576305|576306|576307|576308|576309|576310|576313,-1,-1,-1,1
1304,180,-1,-1,-1,-1,2,-1,805,576401|576402|576403|576404|576405|576406|576407|576408|576409|576410|576413,-1,-1,-1,1
1305,180,-1,-1,-1,-1,2,-1,806,576501|576502|576503|576504|576505|576506|576507|576508|576509|576510|576513,-1,-1,-1,1
1306,60,-1,-1,-1,-1,2,-1,804,581301,-1,-1,-1,1
1307,60,-1,-1,-1,-1,2,-1,804,581302,-1,-1,-1,1
1308,60,-1,-1,-1,-1,2,-1,805,581303,-1,-1,-1,1
1309,60,-1,-1,-1,-1,2,-1,805,581304,-1,-1,-1,1
1310,60,-1,-1,-1,-1,2,-1,806,581305,-1,-1,-1,1
1311,60,-1,-1,-1,-1,2,-1,806,581306,-1,-1,-1,1
1401,180,-1,-1,-1,-1,2,-1,815,5914101|5914102|5914103|5914104|5914105|5914106|5914107|5914108|5914109|5914110|5914113,-1,-1,-1,1
1402,180,-1,-1,-1,-1,2,-1,815,5914201|5914202|5914203|5914204|5914205|5914206|5914207|5914208|5914209|5914210|5914213,-1,-1,-1,1
1403,180,-1,-1,-1,-1,2,-1,816,5914301|5914302|5914303|5914304|5914305|5914306|5914307|5914308|5914309|5914310|5914313,-1,-1,-1,1
1404,180,-1,-1,-1,-1,2,-1,816,5914401|5914402|5914403|5914404|5914405|5914406|5914407|5914408|5914409|5914410|5914413,-1,-1,-1,1
1405,180,-1,-1,-1,-1,2,-1,817,5914501|5914502|5914503|5914504|5914505|5914506|5914507|5914508|5914509|5914510|5914513,-1,-1,-1,1
1406,60,-1,-1,-1,-1,2,-1,815,5914601,-1,-1,-1,1
1407,60,-1,-1,-1,-1,2,-1,815,5914602,-1,-1,-1,1
1408,60,-1,-1,-1,-1,2,-1,816,5914603,-1,-1,-1,1
1409,60,-1,-1,-1,-1,2,-1,816,5914604,-1,-1,-1,1
1410,60,-1,-1,-1,-1,2,-1,817,5914605,-1,-1,-1,1
1411,60,-1,-1,-1,-1,2,-1,817,5914606,-1,-1,-1,1
1501,180,-1,-1,-1,-1,2,-1,815,5915101|5915102|5915103|5915104|5915105|5915106|5915107|5915108|5915109|5915110|5915113,-1,-1,-1,1
1502,180,-1,-1,-1,-1,2,-1,815,5915201|5915202|5915203|5915204|5915205|5915206|5915207|5915208|5915209|5915210|5915213,-1,-1,-1,1
1503,180,-1,-1,-1,-1,2,-1,816,5915301|5915302|5915303|5915304|5915305|5915306|5915307|5915308|5915309|5915310|5915313,-1,-1,-1,1
1504,180,-1,-1,-1,-1,2,-1,816,5915401|5915402|5915403|5915404|5915405|5915406|5915407|5915408|5915409|5915410|5915413,-1,-1,-1,1
1505,180,-1,-1,-1,-1,2,-1,817,5915501|5915502|5915503|5915504|5915505|5915506|5915507|5915508|5915509|5915510|5915513,-1,-1,-1,1
1506,60,-1,-1,-1,-1,2,-1,815,5915601,-1,-1,-1,1
1507,60,-1,-1,-1,-1,2,-1,815,5915602,-1,-1,-1,1
1508,60,-1,-1,-1,-1,2,-1,816,5915603,-1,-1,-1,1
1509,60,-1,-1,-1,-1,2,-1,816,5915604,-1,-1,-1,1
1510,60,-1,-1,-1,-1,2,-1,817,5915605,-1,-1,-1,1
1511,60,-1,-1,-1,-1,2,-1,817,5915606,-1,-1,-1,1
1601,180,-1,-1,-1,-1,2,-1,815,5916101|5916102|5916103|5916104|5916105|5916106|5916107|5916108|5916109|5916110|5916113,-1,-1,-1,1
1602,180,-1,-1,-1,-1,2,-1,815,5916201|5916202|5916203|5916204|5916205|5916206|5916207|5916208|5916209|5916210|5916213,-1,-1,-1,1
1603,180,-1,-1,-1,-1,2,-1,816,5916301|5916302|5916303|5916304|5916305|5916306|5916307|5916308|5916309|5916310|5916313,-1,-1,-1,1
1604,180,-1,-1,-1,-1,2,-1,816,5916401|5916402|5916403|5916404|5916405|5916406|5916407|5916408|5916409|5916410|5916413,-1,-1,-1,1
1605,180,-1,-1,-1,-1,2,-1,817,5916501|5916502|5916503|5916504|5916505|5916506|5916507|5916508|5916509|5916510|5916513,-1,-1,-1,1
1606,60,-1,-1,-1,-1,2,-1,815,5916601,-1,-1,-1,1
1607,60,-1,-1,-1,-1,2,-1,815,5916602,-1,-1,-1,1
1608,60,-1,-1,-1,-1,2,-1,816,5916603,-1,-1,-1,1
1609,60,-1,-1,-1,-1,2,-1,816,5916604,-1,-1,-1,1
1610,60,-1,-1,-1,-1,2,-1,817,5916605,-1,-1,-1,1
1611,60,-1,-1,-1,-1,2,-1,817,5916606,-1,-1,-1,1
1701,180,-1,-1,-1,-1,2,-1,815,5917101|5917102|5917103|5917104|5917105|5917106|5917107|5917108|5917109|5917110|5917113,-1,-1,-1,1
1702,180,-1,-1,-1,-1,2,-1,815,5917201|5917202|5917203|5917204|5917205|5917206|5917207|5917208|5917209|5917210|5917213,-1,-1,-1,1
1703,180,-1,-1,-1,-1,2,-1,816,5917301|5917302|5917303|5917304|5917305|5917306|5917307|5917308|5917309|5917310|5917313,-1,-1,-1,1
1704,180,-1,-1,-1,-1,2,-1,816,5917401|5917402|5917403|5917404|5917405|5917406|5917407|5917408|5917409|5917410|5917413,-1,-1,-1,1
1705,180,-1,-1,-1,-1,2,-1,817,5917501|5917502|5917503|5917504|5917505|5917506|5917507|5917508|5917509|5917510|5917513,-1,-1,-1,1
1706,60,-1,-1,-1,-1,2,-1,815,5917601,-1,-1,-1,1
1707,60,-1,-1,-1,-1,2,-1,815,5917602,-1,-1,-1,1
1708,60,-1,-1,-1,-1,2,-1,816,5917603,-1,-1,-1,1
1709,60,-1,-1,-1,-1,2,-1,816,5917604,-1,-1,-1,1
1710,60,-1,-1,-1,-1,2,-1,817,5917605,-1,-1,-1,1
1711,60,-1,-1,-1,-1,2,-1,817,5917606,-1,-1,-1,1
1801,180,-1,-1,-1,-1,2,-1,815,5918101|5918102|5918103|5918104|5918105|5918106|5918107|5918108|5918109|5918110|5918113,-1,-1,-1,1
1802,180,-1,-1,-1,-1,2,-1,815,5918201|5918202|5918203|5918204|5918205|5918206|5918207|5918208|5918209|5918210|5918213,-1,-1,-1,1
1803,180,-1,-1,-1,-1,2,-1,816,5918301|5918302|5918303|5918304|5918305|5918306|5918307|5918308|5918309|5918310|5918313,-1,-1,-1,1
1804,180,-1,-1,-1,-1,2,-1,816,5918401|5918402|5918403|5918404|5918405|5918406|5918407|5918408|5918409|5918410|5918413,-1,-1,-1,1
1805,180,-1,-1,-1,-1,2,-1,817,5918501|5918502|5918503|5918504|5918505|5918506|5918507|5918508|5918509|5918510|5918513,-1,-1,-1,1
1806,60,-1,-1,-1,-1,2,-1,815,5918601,-1,-1,-1,1
1807,60,-1,-1,-1,-1,2,-1,815,5918602,-1,-1,-1,1
1808,60,-1,-1,-1,-1,2,-1,816,5918603,-1,-1,-1,1
1809,60,-1,-1,-1,-1,2,-1,816,5918604,-1,-1,-1,1
1810,60,-1,-1,-1,-1,2,-1,817,5918605,-1,-1,-1,1
1811,60,-1,-1,-1,-1,2,-1,817,5918606,-1,-1,-1,1
100801,180,-1,-1,-1,-1,2,-1,809,5908101|5908102|5908103|5908104|5908105|5908106|5908107|5908108|5908109|5908110|5908113,-1,-1,-1,1
100802,180,-1,-1,-1,-1,2,-1,809,5908201|5908202|5908203|5908204|5908205|5908206|5908207|5908208|5908209|5908210|5908213,-1,-1,-1,1
100803,180,-1,-1,-1,-1,2,-1,810,5908301|5908302|5908303|5908304|5908305|5908306|5908307|5908308|5908309|5908310|5908313,-1,-1,-1,1
100804,180,-1,-1,-1,-1,2,-1,810,5908401|5908402|5908403|5908404|5908405|5908406|5908407|5908408|5908409|5908410|5908413,-1,-1,-1,1
100805,180,-1,-1,-1,-1,2,-1,811,5908501|5908502|5908503|5908504|5908505|5908506|5908507|5908508|5908509|5908510|5908513,-1,-1,-1,1
100806,60,-1,-1,-1,-1,2,-1,809,5908601,-1,-1,-1,1
100807,60,-1,-1,-1,-1,2,-1,809,5908602,-1,-1,-1,1
100808,60,-1,-1,-1,-1,2,-1,810,5908603,-1,-1,-1,1
100809,60,-1,-1,-1,-1,2,-1,810,5908604,-1,-1,-1,1
100810,60,-1,-1,-1,-1,2,-1,811,5908605,-1,-1,-1,1
100811,60,-1,-1,-1,-1,2,-1,811,5908606,-1,-1,-1,1
100901,180,-1,-1,-1,-1,2,-1,809,5909101|5909102|5909103|5909104|5909105|5909106|5909107|5909108|5909109|5909110|5909113,-1,-1,-1,1
100902,180,-1,-1,-1,-1,2,-1,809,5909201|5909202|5909203|5909204|5909205|5909206|5909207|5909208|5909209|5909210|5909213,-1,-1,-1,1
100903,180,-1,-1,-1,-1,2,-1,810,5909301|5909302|5909303|5909304|5909305|5909306|5909307|5909308|5909309|5909310|5909313,-1,-1,-1,1
100904,180,-1,-1,-1,-1,2,-1,810,5909401|5909402|5909403|5909404|5909405|5909406|5909407|5909408|5909409|5909410|5909413,-1,-1,-1,1
100905,180,-1,-1,-1,-1,2,-1,811,5909501|5909502|5909503|5909504|5909505|5909506|5909507|5909508|5909509|5909510|5909513,-1,-1,-1,1
100906,60,-1,-1,-1,-1,2,-1,809,5909601,-1,-1,-1,1
100907,60,-1,-1,-1,-1,2,-1,809,5909602,-1,-1,-1,1
100908,60,-1,-1,-1,-1,2,-1,810,5909603,-1,-1,-1,1
100909,60,-1,-1,-1,-1,2,-1,810,5909604,-1,-1,-1,1
100910,60,-1,-1,-1,-1,2,-1,811,5909605,-1,-1,-1,1
100911,60,-1,-1,-1,-1,2,-1,811,5909606,-1,-1,-1,1
101001,180,-1,-1,-1,-1,2,-1,809,5910101|5910102|5910103|5910104|5910105|5910106|5910107|5910108|5910109|5910110|5910113,-1,-1,-1,1
101002,180,-1,-1,-1,-1,2,-1,809,5910201|5910202|5910203|5910204|5910205|5910206|5910207|5910208|5910209|5910210|5910213,-1,-1,-1,1
101003,180,-1,-1,-1,-1,2,-1,810,5910301|5910302|5910303|5910304|5910305|5910306|5910307|5910308|5910309|5910310|5910313,-1,-1,-1,1
101004,180,-1,-1,-1,-1,2,-1,810,5910401|5910402|5910403|5910404|5910405|5910406|5910407|5910408|5910409|5910410|5910413,-1,-1,-1,1
101005,180,-1,-1,-1,-1,2,-1,811,5910501|5910502|5910503|5910504|5910505|5910506|5910507|5910508|5910509|5910510|5910513,-1,-1,-1,1
101006,60,-1,-1,-1,-1,2,-1,809,5910601,-1,-1,-1,1
101007,60,-1,-1,-1,-1,2,-1,809,5910602,-1,-1,-1,1
101008,60,-1,-1,-1,-1,2,-1,810,5910603,-1,-1,-1,1
101009,60,-1,-1,-1,-1,2,-1,810,5910604,-1,-1,-1,1
101010,60,-1,-1,-1,-1,2,-1,811,5910605,-1,-1,-1,1
101011,60,-1,-1,-1,-1,2,-1,811,5910606,-1,-1,-1,1
101101,180,-1,-1,-1,-1,2,-1,809,5911101|5911102|5911103|5911104|5911105|5911106|5911107|5911108|5911109|5911110|5911113,-1,-1,-1,1
101102,180,-1,-1,-1,-1,2,-1,809,5911201|5911202|5911203|5911204|5911205|5911206|5911207|5911208|5911209|5911210|5911213,-1,-1,-1,1
101103,180,-1,-1,-1,-1,2,-1,810,5911301|5911302|5911303|5911304|5911305|5911306|5911307|5911308|5911309|5911310|5911313,-1,-1,-1,1
101104,180,-1,-1,-1,-1,2,-1,810,5911401|5911402|5911403|5911404|5911405|5911406|5911407|5911408|5911409|5911410|5911413,-1,-1,-1,1
101105,180,-1,-1,-1,-1,2,-1,811,5911501|5911502|5911503|5911504|5911505|5911506|5911507|5911508|5911509|5911510|5911513,-1,-1,-1,1
101106,60,-1,-1,-1,-1,2,-1,809,5911601,-1,-1,-1,1
101107,60,-1,-1,-1,-1,2,-1,809,5911602,-1,-1,-1,1
101108,60,-1,-1,-1,-1,2,-1,810,5911603,-1,-1,-1,1
101109,60,-1,-1,-1,-1,2,-1,810,5911604,-1,-1,-1,1
101110,60,-1,-1,-1,-1,2,-1,811,5911605,-1,-1,-1,1
101111,60,-1,-1,-1,-1,2,-1,811,5911606,-1,-1,-1,1
101201,180,-1,-1,-1,-1,2,-1,809,5912101|5912102|5912103|5912104|5912105|5912106|5912107|5912108|5912109|5912110|5912113,-1,-1,-1,1
101202,180,-1,-1,-1,-1,2,-1,809,5912201|5912202|5912203|5912204|5912205|5912206|5912207|5912208|5912209|5912210|5912213,-1,-1,-1,1
101203,180,-1,-1,-1,-1,2,-1,810,5912301|5912302|5912303|5912304|5912305|5912306|5912307|5912308|5912309|5912310|5912313,-1,-1,-1,1
101204,180,-1,-1,-1,-1,2,-1,810,5912401|5912402|5912403|5912404|5912405|5912406|5912407|5912408|5912409|5912410|5912413,-1,-1,-1,1
101205,180,-1,-1,-1,-1,2,-1,811,5912501|5912502|5912503|5912504|5912505|5912506|5912507|5912508|5912509|5912510|5912513,-1,-1,-1,1
101206,60,-1,-1,-1,-1,2,-1,809,5912601,-1,-1,-1,1
101207,60,-1,-1,-1,-1,2,-1,809,5912602,-1,-1,-1,1
101208,60,-1,-1,-1,-1,2,-1,810,5912603,-1,-1,-1,1
101209,60,-1,-1,-1,-1,2,-1,810,5912604,-1,-1,-1,1
101210,60,-1,-1,-1,-1,2,-1,811,5912605,-1,-1,-1,1
101211,60,-1,-1,-1,-1,2,-1,811,5912606,-1,-1,-1,1
101301,180,-1,-1,-1,-1,2,-1,809,5913101|5913102|5913103|5913104|5913105|5913106|5913107|5913108|5913109|5913110|5913113,-1,-1,-1,1
101302,180,-1,-1,-1,-1,2,-1,809,5913201|5913202|5913203|5913204|5913205|5913206|5913207|5913208|5913209|5913210|5913213,-1,-1,-1,1
101303,180,-1,-1,-1,-1,2,-1,810,5913301|5913302|5913303|5913304|5913305|5913306|5913307|5913308|5913309|5913310|5913313,-1,-1,-1,1
101304,180,-1,-1,-1,-1,2,-1,810,5913401|5913402|5913403|5913404|5913405|5913406|5913407|5913408|5913409|5913410|5913413,-1,-1,-1,1
101305,180,-1,-1,-1,-1,2,-1,811,5913501|5913502|5913503|5913504|5913505|5913506|5913507|5913508|5913509|5913510|5913513,-1,-1,-1,1
101306,60,-1,-1,-1,-1,2,-1,809,5913601,-1,-1,-1,1
101307,60,-1,-1,-1,-1,2,-1,809,5913602,-1,-1,-1,1
101308,60,-1,-1,-1,-1,2,-1,810,5913603,-1,-1,-1,1
101309,60,-1,-1,-1,-1,2,-1,810,5913604,-1,-1,-1,1
101310,60,-1,-1,-1,-1,2,-1,811,5913605,-1,-1,-1,1
101311,60,-1,-1,-1,-1,2,-1,811,5913606,-1,-1,-1,1
1000101,180,-1,-1,-1,-1,2,-1,812,5801201|5801202|5801203|5801204|5801205|5801206|5801207|5801208|5801209|5801210|5801213,-1,-1,-1,1
1000102,180,-1,-1,-1,-1,2,-1,813,5801101|5801102|5801103|5801104|5801105|5801106|5801107|5801108|5801109|5801110|5801113,-1,-1,-1,1
1000103,60,-1,-1,-1,-1,2,-1,812,5801601,-1,-1,-1,1
1000104,60,-1,-1,-1,-1,2,-1,812,5801602,-1,-1,-1,1
1000105,60,-1,-1,-1,-1,2,-1,813,5801603,-1,-1,-1,1
1000106,60,-1,-1,-1,-1,2,-1,814,5801604,-1,-1,-1,1
1000201,180,-1,-1,-1,-1,2,-1,812,5802201|5802202|5802203|5802204|5802205|5802206|5802207|5802208|5802209|5802210|5802213,-1,-1,-1,1
1000202,180,-1,-1,-1,-1,2,-1,813,5802101|5802102|5802103|5802104|5802105|5802106|5802107|5802108|5802109|5802110|5802113,-1,-1,-1,1
1000203,60,-1,-1,-1,-1,2,-1,812,5802601,-1,-1,-1,1
1000204,60,-1,-1,-1,-1,2,-1,812,5802602,-1,-1,-1,1
1000205,60,-1,-1,-1,-1,2,-1,813,5802603,-1,-1,-1,1
1000206,60,-1,-1,-1,-1,2,-1,814,5802604,-1,-1,-1,1
1000301,180,-1,-1,-1,-1,2,-1,812,5803201|5803202|5803203|5803204|5803205|5803206|5803207|5803208|5803209|5803210|5803213,-1,-1,-1,1
1000302,180,-1,-1,-1,-1,2,-1,813,5803101|5803102|5803103|5803104|5803105|5803106|5803107|5803108|5803109|5803110|5803113,-1,-1,-1,1
1000303,60,-1,-1,-1,-1,2,-1,812,5803601,-1,-1,-1,1
1000304,60,-1,-1,-1,-1,2,-1,812,5803602,-1,-1,-1,1
1000305,60,-1,-1,-1,-1,2,-1,813,5803603,-1,-1,-1,1
1000306,60,-1,-1,-1,-1,2,-1,814,5803604,-1,-1,-1,1
1000401,180,-1,-1,-1,-1,2,-1,812,5804201|5804202|5804203|5804204|5804205|5804206|5804207|5804208|5804209|5804210|5804213,-1,-1,-1,1
1000402,180,-1,-1,-1,-1,2,-1,813,5804101|5804102|5804103|5804104|5804105|5804106|5804107|5804108|5804109|5804110|5804113,-1,-1,-1,1
1000403,60,-1,-1,-1,-1,2,-1,812,5804601,-1,-1,-1,1
1000404,60,-1,-1,-1,-1,2,-1,812,5804602,-1,-1,-1,1
1000405,60,-1,-1,-1,-1,2,-1,813,5804603,-1,-1,-1,1
1000406,60,-1,-1,-1,-1,2,-1,814,5804604,-1,-1,-1,1
1000501,180,-1,-1,-1,-1,2,-1,812,5805201|5805202|5805203|5805204|5805205|5805206|5805207|5805208|5805209|5805210|5805213,-1,-1,-1,1
1000502,180,-1,-1,-1,-1,2,-1,813,5805101|5805102|5805103|5805104|5805105|5805106|5805107|5805108|5805109|5805110|5805113,-1,-1,-1,1
1000503,60,-1,-1,-1,-1,2,-1,812,5805601,-1,-1,-1,1
1000504,60,-1,-1,-1,-1,2,-1,812,5805602,-1,-1,-1,1
1000505,60,-1,-1,-1,-1,2,-1,813,5805603,-1,-1,-1,1
1000506,60,-1,-1,-1,-1,2,-1,814,5805604,-1,-1,-1,1
1000601,180,-1,-1,-1,-1,2,-1,812,5806201|5806202|5806203|5806204|5806205|5806206|5806207|5806208|5806209|5806210|5806213,-1,-1,-1,1
1000602,180,-1,-1,-1,-1,2,-1,813,5806101|5806102|5806103|5806104|5806105|5806106|5806107|5806108|5806109|5806110|5806113,-1,-1,-1,1
1000603,60,-1,-1,-1,-1,2,-1,812,5806601,-1,-1,-1,1
1000604,60,-1,-1,-1,-1,2,-1,812,5806602,-1,-1,-1,1
1000605,60,-1,-1,-1,-1,2,-1,813,5806603,-1,-1,-1,1
1000606,60,-1,-1,-1,-1,2,-1,814,5806604,-1,-1,-1,1
1000701,180,-1,-1,-1,-1,2,-1,812,5807201|5807202|5807203|5807204|5807205|5807206|5807207|5807208|5807209|5807210|5807213,-1,-1,-1,1
1000702,180,-1,-1,-1,-1,2,-1,813,5807101|5807102|5807103|5807104|5807105|5807106|5807107|5807108|5807109|5807110|5807113,-1,-1,-1,1
1000703,60,-1,-1,-1,-1,2,-1,812,5807601,-1,-1,-1,1
1000704,60,-1,-1,-1,-1,2,-1,812,5807602,-1,-1,-1,1
1000705,60,-1,-1,-1,-1,2,-1,813,5807603,-1,-1,-1,1
1000706,60,-1,-1,-1,-1,2,-1,814,5807604,-1,-1,-1,1
1000801,180,-1,-1,-1,-1,2,-1,812,5808201|5808202|5808203|5808204|5808205|5808206|5808207|5808208|5808209|5808210|5808213,-1,-1,-1,1
1000802,180,-1,-1,-1,-1,2,-1,813,5808101|5808102|5808103|5808104|5808105|5808106|5808107|5808108|5808109|5808110|5808113,-1,-1,-1,1
1000803,60,-1,-1,-1,-1,2,-1,812,5808601,-1,-1,-1,1
1000804,60,-1,-1,-1,-1,2,-1,812,5808602,-1,-1,-1,1
1000805,60,-1,-1,-1,-1,2,-1,813,5808603,-1,-1,-1,1
1000806,60,-1,-1,-1,-1,2,-1,814,5808604,-1,-1,-1,1
1000901,180,-1,-1,-1,-1,2,-1,812,5809201|5809202|5809203|5809204|5809205|5809206|5809207|5809208|5809209|5809210|5809213,-1,-1,-1,1
1000902,180,-1,-1,-1,-1,2,-1,813,5809101|5809102|5809103|5809104|5809105|5809106|5809107|5809108|5809109|5809110|5809113,-1,-1,-1,1
1000903,60,-1,-1,-1,-1,2,-1,812,5809601,-1,-1,-1,1
1000904,60,-1,-1,-1,-1,2,-1,812,5809602,-1,-1,-1,1
1000905,60,-1,-1,-1,-1,2,-1,813,5809603,-1,-1,-1,1
1000906,60,-1,-1,-1,-1,2,-1,814,5809604,-1,-1,-1,1
1001001,180,-1,-1,-1,-1,2,-1,812,5810201|5810202|5810203|5810204|5810205|5810206|5810207|5810208|5810209|5810210|5810213,-1,-1,-1,1
1001002,180,-1,-1,-1,-1,2,-1,813,5810101|5810102|5810103|5810104|5810105|5810106|5810107|5810108|5810109|5810110|5810113,-1,-1,-1,1
1001003,60,-1,-1,-1,-1,2,-1,812,5810601,-1,-1,-1,1
1001004,60,-1,-1,-1,-1,2,-1,812,5810602,-1,-1,-1,1
1001005,60,-1,-1,-1,-1,2,-1,813,5810603,-1,-1,-1,1
1001006,60,-1,-1,-1,-1,2,-1,814,5810604,-1,-1,-1,1
1001101,180,-1,-1,-1,-1,2,-1,812,5811201|5811202|5811203|5811204|5811205|5811206|5811207|5811208|5811209|5811210|5811213,-1,-1,-1,1
1001102,180,-1,-1,-1,-1,2,-1,813,5811101|5811102|5811103|5811104|5811105|5811106|5811107|5811108|5811109|5811110|5811113,-1,-1,-1,1
1001103,60,-1,-1,-1,-1,2,-1,812,5811601,-1,-1,-1,1
1001104,60,-1,-1,-1,-1,2,-1,812,5811602,-1,-1,-1,1
1001105,60,-1,-1,-1,-1,2,-1,813,5811603,-1,-1,-1,1
1001106,60,-1,-1,-1,-1,2,-1,814,5811604,-1,-1,-1,1
1001201,180,-1,-1,-1,-1,2,-1,812,5812201|5812202|5812203|5812204|5812205|5812206|5812207|5812208|5812209|5812210|5812213,-1,-1,-1,1
1001202,180,-1,-1,-1,-1,2,-1,813,5812101|5812102|5812103|5812104|5812105|5812106|5812107|5812108|5812109|5812110|5812113,-1,-1,-1,1
1001203,60,-1,-1,-1,-1,2,-1,812,5812601,-1,-1,-1,1
1001204,60,-1,-1,-1,-1,2,-1,812,5812602,-1,-1,-1,1
1001205,60,-1,-1,-1,-1,2,-1,813,5812603,-1,-1,-1,1
1001206,60,-1,-1,-1,-1,2,-1,814,5812604,-1,-1,-1,1
1001301,180,-1,-1,-1,-1,2,-1,812,5813201|5813202|5813203|5813204|5813205|5813206|5813207|5813208|5813209|5813210|5813213,-1,-1,-1,1
1001302,180,-1,-1,-1,-1,2,-1,813,5813101|5813102|5813103|5813104|5813105|5813106|5813107|5813108|5813109|5813110|5813113,-1,-1,-1,1
1001303,60,-1,-1,-1,-1,2,-1,812,5813601,-1,-1,-1,1
1001304,60,-1,-1,-1,-1,2,-1,812,5813602,-1,-1,-1,1
1001305,60,-1,-1,-1,-1,2,-1,813,5813603,-1,-1,-1,1
1001306,60,-1,-1,-1,-1,2,-1,814,5813604,-1,-1,-1,1
