id,stageBattleList,stageRewardList,atlas,battle_id,boss_stage,building_limit,dec_1,group_id,head_icon,level_battle_id,level_reward,point_id,power_cost,prev_id,reward,spine_size,type,unit_id
10001,[11001],[64001],Atlas/UI_Monster_Head,11001,-1,[117|2],1,201,Head_60027,,,[325|141],,-1,64001,20,1,90008
10002,[-1],[64002],,-1,-1,[117|2],-1,201,,,,[281|288],,10001,64002,-1,2,-1
10003,[11003],[64003],Atlas/UI_Monster_Head,11003,-1,[117|2],2,201,Head_60020,,,[333|425],,10002,64003,18,1,90004
10004,[11004],[64004],Atlas/UI_Monster_Head,11004,1,[117|2],3,201,Head_60009,,,[459|528],,10003,64004,30,1,70030
10005,[11005],[64005],Atlas/UI_Monster_Head,11005,-1,[117|2],1,202,Head_60027,,,[433|203],,-1,64005,20,1,90008
10006,[-1],[64006],,-1,-1,[117|2],-1,202,,,,[286|268],,10005,64006,-1,2,-1
10007,[11007],[64007],Atlas/UI_Monster_Head,11007,-1,[117|2],2,202,Head_60069,,,[270|432],,10006,64007,30,1,90001
10008,[11008],[64008],Atlas/UI_Monster_Head,11008,1,[117|2],3,202,Head_60069,,,[442|527],,10007,64008,50,1,70031
10100,[11100],[64100],Atlas/UI_Monster_Head,11100,-1,[117|3],1,301,Head_60055,,,[274|171],,-1,64100,20,1,90019
10101,[-1],[64101],,-1,-1,[117|3],-1,301,,,,[290|256],,10100,64101,-1,2,-1
10102,[11102],[64102],Atlas/UI_Monster_Head,11102,-1,[117|3],2,301,Head_60055,,,[241|322],,10101,64102,20,1,90007
10103,[11103],[64103],Atlas/UI_Monster_Head,11103,-1,[117|3],3,301,Head_60055,,,[214|473],,10102,64103,30,1,80010
10104,[-1],[64104],,-1,-1,[117|3],-1,301,,,,[334|448],,10103,64104,-1,2,-1
10105,[11105],[64105],Atlas/UI_Monster_Head,11105,-1,[117|3],4,301,Head_60073,,,[457|423],,10104,64105,30,1,70032
10106,[11106],[64106],Atlas/UI_Monster_Head,11106,1,[117|3],5,301,Head_60073,,,[383|564],,10105,64106,50,1,70032
10107,[11107],[64107],Atlas/UI_Monster_Head,11107,-1,[117|3],1,302,Head_60106,,,[234|151],,-1,64107,30,1,90029
10108,[-1],[64108],,-1,-1,[117|3],-1,302,,,,[346|200],,10107,64108,-1,2,-1
10109,[11109],[64109],Atlas/UI_Monster_Head,11109,-1,[117|3],2,302,Head_60106,,,[317|274],,10108,64109,30,1,90030
10110,[11110],[64110],Atlas/UI_Monster_Head,11110,-1,[117|3],3,302,Head_60106,,,[241|335],,10109,64110,30,1,80015
10111,[-1],[64111],,-1,-1,[117|3],-1,302,,,,[304|457],,10110,64111,-1,2,-1
10112,[11112],[64112],Atlas/UI_Hero_Head,11112,-1,[117|3],4,302,Head_10016,,,[400|520],,10111,64112,30,1,80016
10113,[11113],[64113],Atlas/UI_Hero_Head,11113,1,[117|3],5,302,Head_10017,,,[466|604],,10112,64113,43,1,80017
10114,[11114],[64114],Atlas/UI_Monster_Head,11114,-1,[117|4],1,303,Head_60001,,,[456|143],,-1,64114,20,1,90002
10115,[-1],[64115],,-1,-1,[117|4],-1,303,,,,[374|183],,10114,64115,-1,2,-1
10116,[11116],[64116],Atlas/UI_Monster_Head,11116,-1,[117|4],2,303,Head_60139,,,[319|249],,10115,64116,30,1,90138
10117,[11117],[64117],Atlas/UI_Monster_Head,11117,-1,[117|4],3,303,Head_60140,,,[257|333],,10116,64117,30,1,90140
10118,[-1],[64118],,-1,-1,[117|4],-1,303,,,,[296|431],,10117,64118,-1,2,-1
10119,[11119],[64119],Atlas/UI_Hero_Head,11119,-1,[117|4],4,303,Head_10017,,,[322|529],,10118,64119,30,1,80005
10120,[11120],[64120],Atlas/UI_Hero_Head,11120,1,[117|4],5,303,Head_10011,,,[274|597],,10119,64120,43,1,80011
10200,[11200],[64200],Atlas/UI_Monster_Head,11200,-1,[117|5],1,401,Head_60011,,,[312|65],,-1,64200,20,1,90005
10201,[11201],[64201],Atlas/UI_Monster_Head,11201,-1,[117|5],2,401,Head_60011,,,[342|144],,10200,64201,20,1,90009
10202,[-1],[64202],,-1,-1,[117|5],-1,401,,,,[292|246],,10201,64202,-1,2,-1
10203,[11203],[64203],Atlas/UI_Hero_Head,11203,-1,[117|5],3,401,Head_10004,,,[341|344],,10202,64203,30,1,80004
10204,[11204],[64204],Atlas/UI_Monster_Head,11204,-1,[117|5],4,401,Head_60011,,,[255|409],,10203,64204,30,1,80015
10205,[-1],[64205],,-1,-1,[117|5],-1,401,,,,[266|503],,10204,64205,-1,2,-1
10206,[11206],[64206],Atlas/UI_Hero_Head,11206,-1,[117|5],5,401,Head_10015,,,[325|571],,10205,64206,30,1,80014
10207,[11207],[64207],Atlas/UI_Monster_Head,11207,1,[117|5],6,401,Head_70029,,,[325|676],,10206,64207,30,1,70029
10208,[11208],[64208],Atlas/UI_Monster_Head,11208,-1,[117|6],1,402,Head_60012,,,[274|90],,-1,64208,20,1,90006
10209,[11209],[64209],,11209,-1,[117|6],2,402,Head_10011,,,[185|151],,10208,64209,30,1,80011
10210,[-1],[64210],,-1,-1,[117|6],-1,402,,,,[259|241],,10209,64210,-1,2,-1
10211,[11211],[64211],Atlas/UI_Monster_Head,11211,-1,[117|6],3,402,Head_60012,,,[332|319],,10210,64211,20,1,90006
10212,[11212],[64212],Atlas/UI_Monster_Head,11212,-1,[117|6],4,402,Head_60012,,,[359|429],,10211,64212,30,1,80011
10213,[-1],[64213],,-1,-1,[117|6],-1,402,,,,[288|485],,10212,64213,-1,2,-1
10214,[11214],[64214],Atlas/UI_Monster_Head,11214,-1,[117|6],5,402,Head_60015,,,[185|538],,10213,64214,30,1,80015
10215,[11215],[64215],Atlas/UI_Monster_Head,11215,1,[117|6],6,402,Head_60016,,,[268|620],,10214,64215,30,1,70033
10216,[11216],[64216],Atlas/UI_Monster_Head,11216,-1,[117|7],1,403,Head_60110,,,[239|88],,-1,64216,32,1,90031
10217,[11217],[64217],Atlas/UI_Monster_Head,11217,-1,[117|7],2,403,Head_60109,,,[265|193],,10216,64217,32,1,90032
10218,[-1],[64218],,-1,-1,[117|7],-1,403,,,,[325|301],,10217,64218,-1,2,-1
10219,[11219],[64219],Atlas/UI_Monster_Head,11219,-1,[117|7],3,403,Head_60110,,,[411|393],,10218,64219,30,1,80004
10220,[11220],[64220],Atlas/UI_Monster_Head,11220,-1,[117|7],4,403,Head_60109,,,[275|443],,10219,64220,32,1,90031
10221,[-1],[64221],,-1,-1,[117|7],-1,403,,,,[150|472],,10220,64221,-1,2,-1
10222,[11222],[64222],Atlas/UI_Monster_Head,11222,-1,[117|7],5,403,Head_60109,,,[160|565],,10221,64222,32,1,90032
10223,[11223],[64223],Atlas/UI_Monster_Head,11223,1,[117|7],6,403,Head_60051,,,[348|533],,10222,64223,45,1,70008
10300,[11300],[64300],Atlas/UI_Monster_Head,11300,-1,[117|8],1,501,Head_60073,,,[404|94],,-1,64300,30,1,90023
10301,[11301],[64301],Atlas/UI_Monster_Head,11301,-1,[117|8],2,501,Head_60073,,,[306|150],,10300,64301,30,1,90023
10302,[-1],[64302],,-1,-1,[117|8],-1,501,,,,[289|267],,10301,64302,-1,2,-1
10303,[11303],[64303],Atlas/UI_Hero_Head,11303,-1,[117|8],3,501,Head_10005,,,[201|306],,10302,64303,30,1,90011
10304,[11304],[64304],Atlas/UI_Hero_Head,11304,-1,[117|8],4,501,Head_10003,,,[280|382],,10303,64304,30,1,80003
10305,[-1],[64305],,-1,-1,[117|8],-1,501,,,,[380|416],,10304,64305,-1,2,-1
10306,[11306],[64306],Atlas/UI_Monster_Head,11306,-1,[117|8],5,501,Head_60090,,,[353|518],,10305,64306,30,1,90035
10307,[11307],[64307],Atlas/UI_Monster_Head,11307,-1,[117|8],6,501,Head_60073,,,[280|560],,10306,64307,30,1,90035
10308,[11308],[64308],,11308,1,[117|8],7,501,Head_10025,,,[183|601],,10307,64308,43,1,80025
10309,[11309],[64309],Atlas/UI_Monster_Head,11309,-1,[117|8],1,502,Head_60069,,,[404|94],,-1,64309,30,1,90011
10310,[11310],[64310],Atlas/UI_Monster_Head,11310,-1,[117|8],2,502,Head_60076,,,[306|150],,10309,64310,30,1,90012
10311,[-1],[64311],,-1,-1,[117|8],-1,502,,,,[289|267],,10310,64311,-1,2,-1
10312,[11312],[64312],Atlas/UI_Monster_Head,11312,-1,[117|8],3,502,Head_60069,,,[201|306],,10311,64312,30,1,80013
10313,[11313],[64313],Atlas/UI_Monster_Head,11313,-1,[117|8],4,502,Head_60076,,,[280|382],,10312,64313,30,1,80014
10314,[-1],[64314],,-1,-1,[117|8],-1,502,,,,[380|416],,10313,64314,-1,2,-1
10315,[11315],[64315],Atlas/UI_Hero_Head,11315,-1,[117|8],5,502,Head_10011,,,[353|518],,10314,64315,30,1,90011
10316,[11316],[64316],Atlas/UI_Hero_Head,11316,-1,[117|8],6,502,Head_10016,,,[280|560],,10315,64316,30,1,90012
10317,[11317],[64317],Atlas/UI_Hero_Head,11317,1,[117|8],7,502,Head_10017,,,[183|601],,10316,64317,43,1,80017
10318,[11318],[64318],Atlas/UI_Monster_Head,11318,-1,[117|9],1,503,Head_60023,,,[404|94],,-1,64318,26,1,90010
10319,[11319],[64319],Atlas/UI_Monster_Head,11319,-1,[117|9],2,503,Head_60023,,,[306|150],,10318,64319,20,1,90022
10320,[-1],[64320],,-1,-1,[117|9],-1,503,,,,[289|267],,10319,64320,-1,2,-1
10321,[11321],[64321],Atlas/UI_Monster_Head,11321,-1,[117|9],3,503,Head_60029,,,[201|306],,10320,64321,30,1,80011
10322,[11322],[64322],Atlas/UI_Monster_Head,11322,-1,[117|9],4,503,Head_60029,,,[280|382],,10321,64322,30,1,80012
10323,[-1],[64323],,-1,-1,[117|9],-1,503,,,,[380|416],,10322,64323,-1,2,-1
10324,[11324],[64324],Atlas/UI_Monster_Head,11324,-1,[117|9],5,503,Head_60023,,,[353|518],,10323,64324,26,1,90010
10325,[11325],[64325],Atlas/UI_Monster_Head,11325,-1,[117|9],6,503,Head_60029,,,[280|560],,10324,64325,20,1,90022
10326,[11326],[64326],,11326,1,[117|9],7,503,Head_10018,,,[183|601],,10325,64326,43,1,80018
10327,[11327],[64327],Atlas/UI_Monster_Head,11327,-1,[117|10],1,504,Head_60087,,,[404|94],,-1,64327,28,1,90033
10328,[11328],[64328],Atlas/UI_Monster_Head,11328,-1,[117|10],2,504,Head_60086,,,[306|150],,10327,64328,28,1,90034
10329,[-1],[64329],,-1,-1,[117|10],-1,504,,,,[289|267],,10328,64329,-1,2,-1
10330,[11330],[64330],Atlas/UI_Monster_Head,11330,-1,[117|10],3,504,Head_60087,,,[201|306],,10329,64330,28,1,90033
10331,[11331],[64331],Atlas/UI_Monster_Head,11331,-1,[117|10],4,504,Head_60086,,,[280|382],,10330,64331,30,1,80021
10332,[-1],[64332],,-1,-1,[117|10],-1,504,,,,[380|416],,10331,64332,-1,2,-1
10333,[11333],[64333],Atlas/UI_Hero_Head,11333,-1,[117|10],5,504,Head_10016,,,[353|518],,10332,64333,30,1,80016
10334,[11334],[64334],Atlas/UI_Hero_Head,11334,-1,[117|10],6,504,Head_10014,,,[280|560],,10333,64334,28,1,90033
10335,[11335],[64335],Atlas/UI_Hero_Head,11335,1,[117|10],7,504,Head_10034,,,[183|601],,10334,64335,43,1,80034
10400,[11400],[64400],Atlas/UI_Monster_Head,11400,-1,[117|12],1,601,Head_60103,,,[391|99],,-1,64400,23,1,90024
10401,[11401],[64401],Atlas/UI_Monster_Head,11401,-1,[117|12],2,601,Head_60103,,,[474|196],,10400,64401,30,1,80022
10402,[-1],[64402],,-1,-1,[117|12],-1,601,,,,[387|230],,10401,64402,-1,2,-1
10403,[11403],[64403],Atlas/UI_Monster_Head,11403,-1,[117|12],3,601,Head_60103,,,[284|271],,10402,64403,23,1,90024
10404,[11404],[64404],Atlas/UI_Monster_Head,11404,-1,[117|12],4,601,Head_60103,,,[213|354],,10403,64404,30,1,80030
10405,[-1],[64405],,-1,-1,[117|12],-1,601,,,,[274|430],,10404,64405,-1,2,-1
10406,[11406],[64406],Atlas/UI_Monster_Head,11406,-1,[117|12],5,601,Head_60103,,,[342|466],,10405,64406,23,1,90024
10407,[11407],[64407],Atlas/UI_Monster_Head,11407,-1,[117|12],6,601,Head_60103,,,[455|516],,10406,64407,23,1,90024
10408,[11408],[64408],Atlas/UI_Hero_Head,11408,1,[117|12],7,601,Head_10008,,,[408|647],,10407,64408,43,1,80008
10409,[11409],[64409],Atlas/UI_Monster_Head,11409,-1,[117|12],1,602,Head_60071,,,[391|99],,-1,64409,30,1,90013
10410,[11410],[64410],Atlas/UI_Monster_Head,11410,-1,[117|12],2,602,Head_60071,,,[474|196],,10409,64410,30,1,90026
10411,[-1],[64411],,-1,-1,[117|12],-1,602,,,,[387|230],,10410,64411,-1,2,-1
10412,[11412],[64412],Atlas/UI_Monster_Head,11412,-1,[117|12],3,602,Head_60071,,,[284|271],,10411,64412,30,1,90013
10413,[11413],[64413],Atlas/UI_Monster_Head,11413,-1,[117|12],4,602,Head_60071,,,[213|354],,10412,64413,30,1,80023
10414,[-1],[64414],,-1,-1,[117|12],-1,602,,,,[274|420],,10413,64414,-1,2,-1
10415,[11415],[64415],Atlas/UI_Monster_Head,11415,-1,[117|12],5,602,Head_60071,,,[342|496],,10414,64415,30,1,90026
10416,[11416],[64416],Atlas/UI_Monster_Head,11416,-1,[117|12],6,602,Head_60071,,,[455|516],,10415,64416,30,1,90026
10417,[11417],[64417],Atlas/UI_Hero_Head,11417,1,[117|12],7,602,Head_10034,,,[408|647],,10416,64417,43,1,80034
10418,[11418],[64418],Atlas/UI_Monster_Head,11418,-1,[117|13],1,603,Head_60070,,,[391|99],,-1,64418,30,1,90025
10419,[11419],[64419],Atlas/UI_Monster_Head,11419,-1,[117|13],2,603,Head_60070,,,[474|196],,10418,64419,30,1,90025
10420,[-1],[64420],,-1,-1,[117|13],-1,603,,,,[387|230],,10419,64420,-1,2,-1
10421,[11421],[64421],Atlas/UI_Monster_Head,11421,-1,[117|13],3,603,Head_60070,,,[284|271],,10420,64421,30,1,90012
10422,[11422],[64422],Atlas/UI_Monster_Head,11422,-1,[117|13],4,603,Head_60070,,,[213|354],,10421,64422,30,1,80035
10423,[-1],[64423],,-1,-1,[117|13],-1,603,,,,[274|430],,10422,64423,-1,2,-1
10424,[11424],[64424],Atlas/UI_Monster_Head,11424,-1,[117|13],5,603,Head_60070,,,[342|496],,10423,64424,30,1,90025
10425,[11425],[64425],Atlas/UI_Monster_Head,11425,-1,[117|13],6,603,Head_60070,,,[455|516],,10424,64425,30,1,90012
10426,[11426],[64426],Atlas/UI_Hero_Head,11426,1,[117|13],7,603,Head_10022,,,[408|647],,10425,64426,43,1,80022
10427,[11427],[64427],Atlas/UI_Monster_Head,11427,-1,[117|14],1,604,Head_60018,,,[391|99],,-1,64427,30,1,90038
10428,[11428],[64428],Atlas/UI_Monster_Head,11428,-1,[117|14],2,604,Head_60018,,,[474|196],,10427,64428,30,1,90039
10429,[-1],[64429],,-1,-1,[117|14],-1,604,,,,[387|230],,10428,64429,-1,2,-1
10430,[11430],[64430],Atlas/UI_Monster_Head,11430,-1,[117|14],3,604,Head_60018,,,[284|271],,10429,64430,30,1,90038
10431,[11431],[64431],Atlas/UI_Monster_Head,11431,-1,[117|14],4,604,Head_60018,,,[213|354],,10430,64431,30,1,80008
10432,[-1],[64432],,-1,-1,[117|14],-1,604,,,,[274|430],,10431,64432,-1,2,-1
10433,[11433],[64433],Atlas/UI_Monster_Head,11433,-1,[117|14],5,604,Head_60018,,,[342|496],,10432,64433,30,1,80016
10434,[11434],[64434],Atlas/UI_Monster_Head,11434,-1,[117|14],6,604,Head_60018,,,[405|554],,10433,64434,30,1,90038
10435,[11435],[64435],Atlas/UI_Hero_Head,11435,1,[117|14],7,604,Head_10020,,,[408|647],,10434,64435,39,1,80020
10500,[11500],[64500],Atlas/UI_Monster_Head,11500,-1,[117|16],1,701,Head_60023,,,[182|103],,-1,64500,28,1,90010
10501,[11501],[64501],Atlas/UI_Monster_Head,11501,-1,[117|16],2,701,Head_60023,,,[285|180],,10500,64501,30,1,80012
10502,[-1],[64502],,-1,-1,[117|16],-1,701,,,,[392|230],,10501,64502,-1,2,-1
10503,[11503],[64503],Atlas/UI_Monster_Head,11503,-1,[117|16],3,701,Head_60024,,,[321|274],,10502,64503,28,1,90017
10504,[11504],[64504],Atlas/UI_Monster_Head,11504,-1,[117|16],4,701,Head_60017,,,[246|334],,10503,64504,23,1,81002
10505,[-1],[64505],,-1,-1,[117|16],-1,701,,,,[246|430],,10504,64505,-1,2,-1
10506,[11506],[64506],Atlas/UI_Monster_Head,11506,-1,[117|16],5,701,Head_60055,,,[347|493],,10505,64506,30,1,80004
10507,[11507],[64507],Atlas/UI_Monster_Head,11507,-1,[117|16],6,701,Head_60055,,,[434|556],,10506,64507,30,1,80002
10508,[11508],[64508],Atlas/UI_Monster_Head,11508,1,[117|16],7,701,Head_10023,,,[481|646],,10507,64508,42,1,80023
10509,[11509],[64509],Atlas/UI_Monster_Head,11509,-1,[117|16],1,702,Head_60073,,,[182|103],,-1,64509,30,1,90023
10510,[11510],[64510],Atlas/UI_Monster_Head,11510,-1,[117|16],2,702,Head_60073,,,[285|180],,10509,64510,30,1,80015
10511,[-1],[64511],,-1,-1,[117|16],-1,702,,,,[392|230],,10510,64511,-1,2,-1
10512,[11512],[64512],Atlas/UI_Monster_Head,11512,-1,[117|16],3,702,Head_60023,,,[321|274],,10511,64512,20,1,90022
10513,[11513],[64513],Atlas/UI_Monster_Head,11513,-1,[117|16],4,702,Head_60069,,,[246|334],,10512,64513,30,1,80005
10514,[-1],[64514],,-1,-1,[117|16],-1,702,,,,[246|430],,10513,64514,-1,2,-1
10515,[11515],[64515],Atlas/UI_Monster_Head,11515,-1,[117|16],5,702,Head_60134,,,[347|493],,10514,64515,30,1,90134
10516,[11516],[64516],Atlas/UI_Monster_Head,11516,-1,[117|16],6,702,Head_60134,,,[434|556],,10515,64516,30,1,80011
10517,[11517],[64517],,11517,1,[117|16],7,702,Head_10026,,,[481|646],,10516,64517,38,1,80026
10518,[11518],[64518],Atlas/UI_Monster_Head,11518,-1,[117|16],1,703,Head_60087,,,[242|91],,-1,64518,26,1,90033
10519,[11519],[64519],Atlas/UI_Monster_Head,11519,-1,[117|16],2,703,Head_60087,,,[259|189],,10518,64519,26,1,90034
10520,[-1],[64520],,-1,-1,[117|16],-1,703,,,,[292|249],,10519,64520,-1,2,-1
10521,[11521],[64521],Atlas/UI_Monster_Head,11521,-1,[117|16],3,703,Head_60017,,,[324|361],,10520,64521,30,1,80017
10522,[11522],[64522],Atlas/UI_Monster_Head,11522,-1,[117|16],4,703,Head_60050,,,[450|397],,10521,64522,25,1,81007
10523,[-1],[64523],,-1,-1,[117|16],-1,703,,,,[278|440],,10522,64523,-1,2,-1
10524,[11524],[64524],Atlas/UI_Monster_Head,11524,-1,[117|16],5,703,Head_60087,,,[149|469],,10523,64524,26,1,90033
10525,[11525],[64525],Atlas/UI_Monster_Head,11525,-1,[117|16],6,703,Head_60086,,,[157|571],,10524,64525,26,1,90034
10526,[11526],[64526],Atlas/UI_Monster_Head,11526,1,[117|16],7,703,Head_60144,,,[343|534],,10525,64526,40,1,71008
10527,[11527],[64527],Atlas/UI_Monster_Head,11527,-1,[117|17],1,704,Head_60076,,,[404|94],,-1,64527,30,1,90012
10528,[11528],[64528],Atlas/UI_Monster_Head,11528,-1,[117|17],2,704,Head_60076,,,[306|150],,10527,64528,20,1,90022
10529,[-1],[64529],,-1,-1,[117|17],-1,704,,,,[289|267],,10528,64529,-1,2,-1
10530,[11530],[64530],Atlas/UI_Hero_Head,11530,-1,[117|17],3,704,Head_10028_1,,,[201|306],,10529,64530,30,1,90038
10531,[11531],[64531],Atlas/UI_Monster_Head,11531,-1,[117|17],4,704,Head_60039,,,[280|382],,10530,64531,24,1,81006
10532,[-1],[64532],,-1,-1,[117|17],-1,704,,,,[380|416],,10531,64532,-1,2,-1
10533,[11533],[64533],Atlas/UI_Hero_Head,11533,-1,[117|17],5,704,Head_10028_1,,,[353|518],,10532,64533,30,1,80009
10534,[11534],[64534],Atlas/UI_Hero_Head,11534,-1,[117|17],6,704,Head_10025,,,[280|560],,10533,64534,31,1,80025
10535,[11535],[64535],Atlas/UI_Monster_Head,11535,1,[117|17],7,704,Head_60040,,,[125|621],,10534,64535,23,1,81030
20001,[12001],[66001],Atlas/UI_Monster_Head,12001,-1,,1,2001,Head_60027,,,[325|141],,-1,66001,40,1,90037
20002,[-1],[66002],,-1,-1,,-1,2001,,,,[281|288],,20001,66002,-1,2,-1
20003,[12003],[66003],Atlas/UI_Monster_Head,12003,-1,,2,2001,Head_60020,,,[333|425],,20002,66003,40,1,70030
20004,[12004],[66004],Atlas/UI_Monster_Head,12004,1,,3,2001,Head_60009,,,[459|528],,20003,66004,40,1,80004
20005,[12005],[66005],Atlas/UI_Monster_Head,12005,-1,,1,2002,Head_60027,,,[433|203],,-1,66005,35,1,90218
20006,[-1],[66006],,-1,-1,,-1,2002,,,,[286|268],,20005,66006,-1,2,-1
20007,[12007],[66007],Atlas/UI_Monster_Head,12007,-1,,2,2002,Head_60069,,,[270|432],,20006,66007,35,1,90221
20008,[12008],[66008],Atlas/UI_Monster_Head,12008,1,,3,2002,Head_60069,,,[442|527],,20007,66008,40,1,80021
20100,[12100],[66100],Atlas/UI_Monster_Head,12100,-1,,1,3001,Head_60055,,,[274|171],,-1,66100,35,1,90023
20101,[-1],[66101],,-1,-1,,-1,3001,,,,[290|256],,20100,66101,-1,2,-1
20102,[12102],[66102],Atlas/UI_Monster_Head,12102,-1,,2,3001,Head_60055,,,[241|322],,20101,66102,35,1,90139
20103,[12103],[66103],Atlas/UI_Monster_Head,12103,-1,,3,3001,Head_60055,,,[214|473],,20102,66103,35,1,94002
20104,[-1],[66104],,-1,-1,,-1,3001,,,,[334|448],,20103,66104,-1,2,-1
20105,[12105],[66105],Atlas/UI_Monster_Head,12105,-1,,4,3001,Head_60073,,,[457|423],,20104,66105,30,1,80009
20106,[12106],[66106],Atlas/UI_Monster_Head,12106,1,,5,3001,Head_60073,,,[383|564],,20105,66106,40,1,80026
20107,[12107],[66107],Atlas/UI_Monster_Head,12107,-1,,1,3002,Head_60106,,,[234|151],,-1,66107,35,1,90175
20108,[-1],[66108],,-1,-1,,-1,3002,,,,[346|200],,20107,66108,-1,2,-1
20109,[12109],[66109],Atlas/UI_Monster_Head,12109,-1,,2,3002,Head_60106,,,[317|274],,20108,66109,35,1,94003
20110,[12110],[66110],Atlas/UI_Monster_Head,12110,-1,,3,3002,Head_60106,,,[241|335],,20109,66110,30,1,80010
20111,[-1],[66111],,-1,-1,,-1,3002,,,,[304|457],,20110,66111,-1,2,-1
20112,[12112],[66112],Atlas/UI_Hero_Head,12112,-1,,4,3002,Head_10016,,,[400|520],,20111,66112,30,1,80015
20113,[12113],[66113],Atlas/UI_Hero_Head,12113,1,,5,3002,Head_10017,,,[466|604],,20112,66113,40,1,80017
20114,[12114],[66114],Atlas/UI_Monster_Head,12114,-1,,1,3003,Head_60001,,,[456|143],,-1,66114,30,1,80007
20115,[-1],[66115],,-1,-1,,-1,3003,,,,[374|183],,20114,66115,-1,2,-1
20116,[12116],[66116],Atlas/UI_Monster_Head,12116,-1,,2,3003,Head_60139,,,[319|249],,20115,66116,35,1,90150
20117,[12117],[66117],Atlas/UI_Monster_Head,12117,-1,,3,3003,Head_60140,,,[257|333],,20116,66117,25,1,71030
20118,[-1],[66118],,-1,-1,,-1,3003,,,,[296|431],,20117,66118,-1,2,-1
20119,[12119],[66119],Atlas/UI_Hero_Head,12119,-1,,4,3003,Head_10017,,,[322|529],,20118,66119,30,1,80016
20120,[12120],[66120],Atlas/UI_Hero_Head,12120,1,,5,3003,Head_10011,,,[274|597],,20119,66120,40,1,80011
20200,[12200],[66200],Atlas/UI_Monster_Head,12200,-1,,1,4001,Head_60011,,,[312|65],,-1,66200,30,1,80004
20201,[12201],[66201],Atlas/UI_Monster_Head,12201,-1,,2,4001,Head_60011,,,[342|144],,20200,66201,35,1,91001
20202,[-1],[66202],,-1,-1,,-1,4001,,,,[292|246],,20201,66202,-1,2,-1
20203,[12203],[66203],Atlas/UI_Hero_Head,12203,-1,,3,4001,Head_10004,,,[341|344],,20202,66203,30,1,80013
20204,[12204],[66204],Atlas/UI_Monster_Head,12204,-1,,4,4001,Head_60011,,,[255|409],,20203,66204,30,1,90001
20205,[-1],[66205],,-1,-1,,-1,4001,,,,[266|503],,20204,66205,-1,2,-1
20206,[12206],[66206],Atlas/UI_Hero_Head,12206,-1,,5,4001,Head_10015,,,[325|571],,20205,66206,35,1,80015
20207,[12207],[66207],Atlas/UI_Monster_Head,12207,1,,6,4001,Head_70029,,,[325|676],,20206,66207,25,1,70029
20208,[12208],[66208],Atlas/UI_Monster_Head,12208,-1,,1,4002,Head_60012,,,[274|90],,-1,66208,35,1,90223
20209,[12209],[66209],,12209,-1,,2,4002,Head_10011,,,[185|151],,20208,66209,30,1,80004
20210,[-1],[66210],,-1,-1,,-1,4002,,,,[259|241],,20209,66210,-1,2,-1
20211,[12211],[66211],Atlas/UI_Monster_Head,12211,-1,,3,4002,Head_60012,,,[332|319],,20210,66211,25,1,71037
20212,[12212],[66212],Atlas/UI_Monster_Head,12212,-1,,4,4002,Head_60012,,,[359|429],,20211,66212,35,1,90223
20213,[-1],[66213],,-1,-1,,-1,4002,,,,[288|485],,20212,66213,-1,2,-1
20214,[12214],[66214],Atlas/UI_Monster_Head,12214,-1,,5,4002,Head_60015,,,[185|538],,20213,66214,35,1,90222
20215,[12215],[66215],Atlas/UI_Monster_Head,12215,1,,6,4002,Head_60016,,,[268|620],,20214,66215,25,1,71039
20216,[12216],[66216],Atlas/UI_Monster_Head,12216,-1,,1,4003,Head_60110,,,[239|88],,-1,66216,30,1,80021
20217,[12217],[66217],Atlas/UI_Monster_Head,12217,-1,,2,4003,Head_60109,,,[265|193],,20216,66217,20,1,71038
20218,[-1],[66218],,-1,-1,,-1,4003,,,,[325|301],,20217,66218,-1,2,-1
20219,[12219],[66219],Atlas/UI_Monster_Head,12219,-1,,3,4003,Head_60110,,,[411|393],,20218,66219,30,1,80021
20220,[12220],[66220],Atlas/UI_Monster_Head,12220,-1,,4,4003,Head_60109,,,[275|443],,20219,66220,30,1,71035
20221,[-1],[66221],,-1,-1,,-1,4003,,,,[150|472],,20220,66221,-1,2,-1
20222,[12222],[66222],Atlas/UI_Monster_Head,12222,-1,,5,4003,Head_60109,,,[160|565],,20221,66222,25,1,70033
20223,[12223],[66223],Atlas/UI_Monster_Head,12223,1,,6,4003,Head_60051,,,[348|533],,20222,66223,25,1,71036
20300,[12300],[66300],Atlas/UI_Monster_Head,12300,-1,,1,5001,Head_60073,,,[404|94],,-1,66300,30,1,80019
20301,[12301],[66301],Atlas/UI_Monster_Head,12301,-1,,2,5001,Head_60073,,,[306|150],,20300,66301,30,1,90131
20302,[-1],[66302],,-1,-1,,-1,5001,,,,[289|267],,20301,66302,-1,2,-1
20303,[12303],[66303],Atlas/UI_Hero_Head,12303,-1,,3,5001,Head_10005,,,[201|306],,20302,66303,30,1,80019
20304,[12304],[66304],Atlas/UI_Hero_Head,12304,-1,,4,5001,Head_10003,,,[280|382],,20303,66304,25,1,81001
20305,[-1],[66305],,-1,-1,,-1,5001,,,,[380|416],,20304,66305,-1,2,-1
20306,[12306],[66306],Atlas/UI_Monster_Head,12306,-1,,5,5001,Head_60090,,,[353|518],,20305,66306,35,1,90036
20307,[12307],[66307],Atlas/UI_Monster_Head,12307,-1,,6,5001,Head_60073,,,[280|560],,20306,66307,30,1,80008
20308,[12308],[66308],,12308,1,,7,5001,Head_10025,,,[183|601],,20307,66308,28,1,71034
20309,[12309],[66309],Atlas/UI_Monster_Head,12309,-1,,1,5002,Head_60069,,,[404|94],,-1,66309,30,1,80014
20310,[12310],[66310],Atlas/UI_Monster_Head,12310,-1,,2,5002,Head_60076,,,[306|150],,20309,66310,28,1,90021
20311,[-1],[66311],,-1,-1,,-1,5002,,,,[289|267],,20310,66311,-1,2,-1
20312,[12312],[66312],Atlas/UI_Monster_Head,12312,-1,,3,5002,Head_60069,,,[201|306],,20311,66312,30,1,80022
20313,[12313],[66313],Atlas/UI_Monster_Head,12313,-1,,4,5002,Head_60076,,,[280|382],,20312,66313,35,1,90185
20314,[-1],[66314],,-1,-1,,-1,5002,,,,[380|416],,20313,66314,-1,2,-1
20315,[12315],[66315],Atlas/UI_Hero_Head,12315,-1,,5,5002,Head_10011,,,[353|518],,20314,66315,30,1,80023
20316,[12316],[66316],Atlas/UI_Hero_Head,12316,-1,,6,5002,Head_10016,,,[280|560],,20315,66316,30,1,80010
20317,[12317],[66317],Atlas/UI_Hero_Head,12317,1,,7,5002,Head_10017,,,[183|601],,20316,66317,30,1,81010
20318,[12318],[66318],Atlas/UI_Monster_Head,12318,-1,,1,5003,Head_60023,,,[404|94],,-1,66318,35,1,90183
20319,[12319],[66319],Atlas/UI_Monster_Head,12319,-1,,2,5003,Head_60023,,,[306|150],,20318,66319,35,1,90173
20320,[-1],[66320],,-1,-1,,-1,5003,,,,[289|267],,20319,66320,-1,2,-1
20321,[12321],[66321],Atlas/UI_Monster_Head,12321,-1,,3,5003,Head_60029,,,[201|306],,20320,66321,30,1,90184
20322,[12322],[66322],Atlas/UI_Monster_Head,12322,-1,,4,5003,Head_60029,,,[280|382],,20321,66322,30,1,80012
20323,[-1],[66323],,-1,-1,,-1,5003,,,,[380|416],,20322,66323,-1,2,-1
20324,[12324],[66324],Atlas/UI_Monster_Head,12324,-1,,5,5003,Head_60023,,,[353|518],,20323,66324,30,1,81006
20325,[12325],[66325],Atlas/UI_Monster_Head,12325,-1,,6,5003,Head_60029,,,[280|560],,20324,66325,30,1,90184
20326,[12326],[66326],,12326,1,,7,5003,Head_10018,,,[183|601],,20325,66326,40,1,80025
20327,[12327],[66327],Atlas/UI_Monster_Head,12327,-1,,1,5004,Head_60087,,,[404|94],,-1,66327,40,1,90176
20328,[12328],[66328],Atlas/UI_Monster_Head,12328,-1,,2,5004,Head_60086,,,[306|150],,20327,66328,30,1,90186
20329,[-1],[66329],,-1,-1,,-1,5004,,,,[289|267],,20328,66329,-1,2,-1
20330,[12330],[66330],Atlas/UI_Monster_Head,12330,-1,,3,5004,Head_60087,,,[201|306],,20329,66330,30,1,80023
20331,[12331],[66331],Atlas/UI_Monster_Head,12331,-1,,4,5004,Head_60086,,,[280|382],,20330,66331,30,1,80028
20332,[-1],[66332],,-1,-1,,-1,5004,,,,[380|416],,20331,66332,-1,2,-1
20333,[12333],[66333],Atlas/UI_Hero_Head,12333,-1,,5,5004,Head_10016,,,[353|518],,20332,66333,15,1,81011
20334,[12334],[66334],Atlas/UI_Hero_Head,12334,-1,,6,5004,Head_10014,,,[280|560],,20333,66334,30,1,80020
20335,[12335],[66335],Atlas/UI_Hero_Head,12335,1,,7,5004,Head_10034,,,[183|601],,20334,66335,20,1,81034
20400,[12400],[66400],Atlas/UI_Monster_Head,12400,-1,,1,6001,Head_60185,,,[192|32],,-1,66400,25,1,90185
20401,[12401],[66401],Atlas/UI_Hero_Head,12401,-1,,2,6001,Head_10033,,,[317|87],,20400,66401,28,1,80033
20402,[-1],[66402],,-1,-1,,-1,6001,,,,[297|198],,20401,66402,-1,2,-1
20403,[12403],[66403],Atlas/UI_Hero_Head,12403,-1,,3,6001,Head_10017,,,[217|231],,20402,66403,28,1,80017
20404,[12404],[66404],Atlas/UI_Monster_Head,12404,-1,,4,6001,Head_60187,,,[313|324],,20403,66404,25,1,90187
20405,[-1],[66405],,-1,-1,,-1,6001,,,,[368|385],,20404,66405,-1,2,-1
20406,[12406],[66406],Atlas/UI_Hero_Head,12406,-1,,5,6001,Head_10031,,,[436|437],,20405,66406,28,1,80031
20407,[12407],[66407],Atlas/UI_Hero_Head,12407,-1,,6,6001,Head_10017_1,,,[446|548],,20406,66407,28,1,87017
20408,[12408],[66408],Atlas/UI_Hero_Head,12408,1,,7,6001,Head_10034_1,,,[348|626],,20407,66408,35,1,87034
20409,[12409],[66409],Atlas/UI_Hero_Head,12409,-1,,1,6002,Head_10008_1,,,[192|32],,-1,66409,28,1,87008
20410,[12410],[66410],Atlas/UI_Monster_Head,12410,-1,,2,6002,Head_60217,,,[339|65],,20409,66410,30,1,90217
20411,[-1],[66411],,-1,-1,,-1,6002,,,,[464|138],,20410,66411,-1,2,-1
20412,[12412],[66412],Atlas/UI_Hero_Head,12412,-1,,3,6002,Head_10032_1,,,[352|197],,20411,66412,30,1,87032
20413,[12413],[66413],Atlas/UI_Hero_Head,12413,-1,,4,6002,Head_10023,,,[244|271],,20412,66413,28,1,80023
20414,[-1],[66414],,-1,-1,,-1,6002,,,,[339|337],,20413,66414,-1,2,-1
20415,[12415],[66415],Atlas/UI_Hero_Head,12415,-1,,5,6002,Head_10044,,,[386|422],,20414,66415,28,1,80044
20416,[12416],[66416],Atlas/UI_Hero_Head,12416,-1,,6,6002,Head_10024_1,,,[492|480],,20415,66416,28,1,87024
20417,[12417],[66417],Atlas/UI_Hero_Head,12417,1,,7,6002,Head_10042,,,[367|601],,20416,66417,35,1,80042
20500,[12418],[66418],Atlas/UI_Monster_Head,12418,-1,,1,7001,Head_60219,,,[149|57],,-1,66418,30,1,90219
20501,[12419],[66419],Atlas/UI_Hero_Head,12419,-1,,2,7001,Head_10040,,,[280|102],,20500,66419,30,1,80040
20502,[-1],[66420],,-1,-1,,-1,7001,,,,[352|210],,20501,66420,-1,2,-1
20503,[12421],[66421],Atlas/UI_Hero_Head,12421,-1,,3,7001,Head_10019,,,[474|238],,20502,66421,30,1,80019
20504,[12422],[66422],Atlas/UI_Monster_Head,12422,-1,,4,7001,Head_60275,,,[342|315],,20503,66422,30,1,90275
20505,[-1],[66423],,-1,-1,,-1,7001,,,,[263|336],,20504,66423,-1,2,-1
20506,[12424],[66424],Atlas/UI_Hero_Head,12424,-1,,5,7001,Head_10035,,,[211|408],,20505,66424,25,1,80035
20507,[12425],[66425],Atlas/UI_Hero_Head,12425,-1,,6,7001,Head_10017_1,,,[340|487],,20506,66425,30,1,87017
20508,[12426],[66426],Atlas/UI_Hero_Head,12426,1,,7,7001,Head_10020_1,,,[315|630],,20507,66426,35,1,87020
20509,[12427],[66427],Atlas/UI_Hero_Head,12427,-1,,1,7002,Head_10024,,,[131|57],,-1,66427,28,1,80024
20510,[12428],[66428],Atlas/UI_Hero_Head,12428,-1,,2,7002,Head_10020,,,[267|111],,20509,66428,30,1,83020
20511,[-1],[66429],,-1,-1,,-1,7002,,,,[374|192],,20510,66429,-1,2,-1
20512,[12430],[66430],Atlas/UI_Hero_Head,12430,-1,,3,7002,Head_10008_1,,,[505|238],,20511,66430,30,1,87008
20513,[12431],[66431],Atlas/UI_Hero_Head,12431,-1,,4,7002,Head_10039,,,[368|300],,20512,66431,30,1,80039
20514,[-1],[66432],,-1,-1,,-1,7002,,,,[259|325],,20513,66432,-1,2,-1
20515,[12433],[66433],Atlas/UI_Hero_Head,12433,-1,,5,7002,Head_10020_1,,,[235|408],,20514,66433,30,1,87020
20516,[12434],[66434],Atlas/UI_Hero_Head,12434,-1,,6,7002,Head_10040_1,,,[343|467],,20515,66434,30,1,87040
20517,[12435],[66435],Atlas/UI_Hero_Head,12435,1,,7,7002,Head_10023_1,,,[313|621],,20516,66435,40,1,87023
20600,[12500],[66500],Atlas/UI_Hero_Head,12500,-1,,1,8001,Head_10035_1,,,[271|45],,-1,66500,25,1,87035
20601,[12501],[66501],Atlas/UI_Monster_Head,12501,-1,,2,8001,Head_60283,,,[405|109],,20600,66501,28,1,90283
20602,[-1],[66502],,-1,-1,,-1,8001,,,,[439|233],,20601,66502,-1,2,-1
20603,[12503],[66503],Atlas/UI_Hero_Head,12503,-1,,3,8001,Head_10040_1,,,[320|258],,20602,66503,30,1,87040
20604,[12504],[66504],Atlas/UI_Hero_Head,12504,-1,,4,8001,Head_10008_1,,,[405|347],,20603,66504,30,1,87008
20605,[-1],[66505],,-1,-1,,-1,8001,,,,[317|452],,20604,66505,-1,2,-1
20606,[12506],[66506],Atlas/UI_Monster_Head,12506,-1,,5,8001,Head_60287,,,[396|502],,20605,66506,25,1,90287
20607,[12507],[66507],Atlas/UI_Monster_Head,12507,-1,,6,8001,Head_60288,,,[270|560],,20606,66507,28,1,90288
20608,[12508],[66508],Atlas/UI_Hero_Head,12508,1,,7,8001,Head_10018_1,,,[142|611],,20607,66508,47,1,87018
20609,[12509],[66509],Atlas/UI_Hero_Head,12509,-1,,1,8002,Head_10037,,,[271|37],,-1,66509,30,1,80037
20610,[12510],[66510],Atlas/UI_Monster_Head,12510,-1,,2,8002,Head_60289,,,[387|89],,20609,66510,32,1,90289
20611,[-1],[66511],,-1,-1,,-1,8002,,,,[324|199],,20610,66511,-1,2,-1
20612,[12512],[66512],Atlas/UI_Monster_Head,12512,-1,,3,8002,Head_60144,,,[415|253],,20611,66512,32,1,81035
20613,[12513],[66513],Atlas/UI_Hero_Head,12513,-1,,4,8002,Head_10037_1,,,[305|303],,20612,66513,30,1,87037
20614,[-1],[66514],,-1,-1,,-1,8002,,,,[366|390],,20613,66514,-1,2,-1
20615,[12515],[66515],Atlas/UI_Monster_Head,12515,-1,,5,8002,Head_60290,,,[380|478],,20614,66515,30,1,90290
20616,[12516],[66516],Atlas/UI_Hero_Head,12516,-1,,6,8002,Head_10040,,,[281|527],,20615,66516,30,1,80040
20617,[12517],[66517],Atlas/UI_Hero_Head,12517,1,,7,8002,Head_10031_1,,,[184|613],,20616,66517,40,1,87031
20700,[12518],[66518],Atlas/UI_Hero_Head,12518,-1,,1,9001,Head_10040_1,,,[506|144],,-1,66518,30,1,87040
20701,[12519],[66519],Atlas/UI_Monster_Head,12519,-1,,2,9001,Head_60174,,,[346|197],,20700,66519,30,1,90174
20702,[-1],[66520],,-1,-1,,-1,9001,,,,[208|214],,20701,66520,-1,2,-1
20703,[12521],[66521],Atlas/UI_Hero_Head,12521,-1,,3,9001,Head_10020_1,,,[275|280],,20702,66521,30,1,87020
20704,[12522],[66522],Atlas/UI_Hero_Head,12522,-1,,4,9001,Head_10045,,,[423|317],,20703,66522,30,1,80045
20705,[-1],[66523],,-1,-1,,-1,9001,,,,[492|425],,20704,66523,-1,2,-1
20706,[12524],[66524],Atlas/UI_Hero_Head,12524,-1,,5,9001,Head_10023,,,[340|444],,20705,66524,32,1,80023
20707,[12525],[66525],Atlas/UI_Monster_Head,12525,-1,,6,9001,Head_60168,,,[179|478],,20706,66525,35,1,90168
20708,[12526],[66526],Atlas/UI_Hero_Head,12526,1,,7,9001,Head_10031_1,,,[116|573],,20707,66526,40,1,87031
20709,[12527],[66527],Atlas/UI_Hero_Head,12527,-1,,1,9002,Head_10046,,,[472|137],,-1,66527,30,1,80046
20710,[12528],[66528],Atlas/UI_Hero_Head,12528,-1,,2,9002,Head_10030,,,[350|189],,20709,66528,30,1,80030
20711,[-1],[66529],,-1,-1,,-1,9002,,,,[187|236],,20710,66529,-1,2,-1
20712,[12530],[66530],Atlas/UI_Hero_Head,12530,-1,,3,9002,Head_10042,,,[282|288],,20711,66530,28,1,80042
20713,[12531],[66531],Atlas/UI_Hero_Head,12531,-1,,4,9002,Head_10033,,,[425|330],,20712,66531,28,1,83033
20714,[-1],[66532],,-1,-1,,-1,9002,,,,[536|389],,20713,66532,-1,2,-1
20715,[12533],[66533],Atlas/UI_Hero_Head,12533,-1,,5,9002,Head_10033,,,[417|460],,20714,66533,30,1,80033
20716,[12534],[66534],Atlas/UI_Monster_Head,12534,-1,,6,9002,Head_60234,,,[227|438],,20715,66534,28,1,90234
20717,[12535],[66535],Atlas/UI_Monster_Head,12535,1,,7,9002,Head_60266,,,[131|570],,20716,66535,35,1,71079
20800,[12536],[66600],Atlas/UI_Monster_Head,12536,-1,,1,9003,Head_60219,,,[97|53],,-1,66600,25,1,60328
20801,[12537],[66601],Atlas/UI_Hero_Head,12537,-1,,2,9003,Head_10040,,,[180|161],,20800,66601,30,1,87032
20802,[-1],[66602],,-1,-1,,-1,9003,,,,[265|107],,20801,66602,-1,2,-1
20803,[12538],[66603],Atlas/UI_Hero_Head,12538,-1,,3,9003,Head_10019,,,[392|177],,20802,66603,22,1,60309
20804,[12539],[66604],Atlas/UI_Monster_Head,12539,-1,,4,9003,Head_60275,,,[315|267],,20803,66604,25,1,60325
20805,[-1],[66605],,-1,-1,,-1,9003,,,,[295|408],,20804,66605,-1,2,-1
20806,[12540],[66606],Atlas/UI_Hero_Head,12540,-1,,5,9003,Head_10035,,,[301|483],,20805,66606,30,1,87227
20807,[12541],[66607],Atlas/UI_Hero_Head,12541,-1,,6,9003,Head_10017_1,,,[410|537],,20806,66607,30,1,80046
20808,[12542],[66608],Atlas/UI_Hero_Head,12542,1,,7,9003,Head_10020_1,,,[508|640],,20807,66608,25,1,60305
20809,[12543],[66609],Atlas/UI_Hero_Head,12543,-1,,1,9004,Head_10024,,,[97|53],,-1,66609,48,1,60334
20810,[12544],[66610],Atlas/UI_Hero_Head,12544,-1,,2,9004,Head_10020,,,[180|161],,20809,66610,30,1,87019
20811,[-1],[66611],,-1,-1,,-1,9004,,,,[265|107],,20810,66611,-1,2,-1
20812,[12545],[66612],Atlas/UI_Hero_Head,12545,-1,,3,9004,Head_10008_1,,,[392|177],,20811,66612,35,1,60307
20813,[12546],[66613],Atlas/UI_Hero_Head,12546,-1,,4,9004,Head_10039,,,[315|267],,20812,66613,48,1,60337
20814,[-1],[66614],,-1,-1,,-1,9004,,,,[295|408],,20813,66614,-1,2,-1
20815,[12547],[66615],Atlas/UI_Hero_Head,12547,-1,,5,9004,Head_10020_1,,,[301|483],,20814,66615,30,1,87235
20816,[12548],[66616],Atlas/UI_Hero_Head,12548,-1,,6,9004,Head_10040_1,,,[410|537],,20815,66616,30,1,87037
20817,[12549],[66617],Atlas/UI_Hero_Head,12549,1,,7,9004,Head_10023_1,,,[508|640],,20816,66617,35,1,60304
20900,[12550],[66618],Atlas/UI_Hero_Head,12550,-1,,1,9005,Head_10035_1,,,[237|38],,-1,66618,48,1,60339
20901,[12551],[66619],Atlas/UI_Monster_Head,12551,-1,,2,9005,Head_60283,,,[380|62],,20900,66619,28,1,87220
20902,[-1],[66620],,-1,-1,,-1,9005,,,,[473|142],,20901,66620,-1,2,-1
20903,[12552],[66621],Atlas/UI_Hero_Head,12552,-1,,3,9005,Head_10040_1,,,[474|238],,20902,66621,30,1,60311
20904,[12553],[66622],Atlas/UI_Hero_Head,12553,-1,,4,9005,Head_10008_1,,,[342|315],,20903,66622,48,1,90340
20905,[-1],[66623],,-1,-1,,-1,9005,,,,[256|408],,20904,66623,-1,2,-1
20906,[12554],[66624],Atlas/UI_Monster_Head,12554,-1,,5,9005,Head_60287,,,[123|478],,20905,66624,28,1,87034
20907,[12555],[66625],Atlas/UI_Monster_Head,12555,-1,,6,9005,Head_60288,,,[234|528],,20906,66625,28,1,87023
20908,[12556],[66626],Atlas/UI_Hero_Head,12556,1,,7,9005,Head_10018_1,,,[315|630],,20907,66626,22,1,60310
20909,[12557],[66627],Atlas/UI_Hero_Head,12557,-1,,1,9006,Head_10037,,,[237|38],,-1,66627,48,1,90345
20910,[12558],[66628],Atlas/UI_Monster_Head,12558,-1,,2,9006,Head_60289,,,[380|62],,20909,66628,28,1,87230
20911,[-1],[66629],,-1,-1,,-1,9006,,,,[473|142],,20910,66629,-1,2,-1
20912,[12559],[66630],Atlas/UI_Monster_Head,12559,-1,,3,9006,Head_60144,,,[474|238],,20911,66630,30,1,60315
20913,[12560],[66631],Atlas/UI_Hero_Head,12560,-1,,4,9006,Head_10037_1,,,[342|315],,20912,66631,30,1,90343
20914,[-1],[66632],,-1,-1,,-1,9006,,,,[256|408],,20913,66632,-1,2,-1
20915,[12561],[66633],Atlas/UI_Monster_Head,12561,-1,,5,9006,Head_60290,,,[123|478],,20914,66633,28,1,80043
20916,[12562],[66634],Atlas/UI_Hero_Head,12562,-1,,6,9006,Head_10040,,,[234|528],,20915,66634,28,1,87025
20917,[12563],[66635],Atlas/UI_Hero_Head,12563,1,,7,9006,Head_10031_1,,,[315|630],,20916,66635,22,1,60308
21000,[12564],[66636],Atlas/UI_Hero_Head,12564,-1,,1,9007,Head_10040_1,,,[140|56],,-1,66636,30,1,60349
21001,[12565],[66637],Atlas/UI_Monster_Head,12565,-1,,2,9007,Head_60174,,,[216|157],,21000,66637,28,1,87008
21002,[-1],[66638],,-1,-1,,-1,9007,,,,[310|184],,21001,66638,-1,2,-1
21003,[12566],[66639],Atlas/UI_Hero_Head,12566,-1,,3,9007,Head_10020_1,,,[375|242],,21002,66639,35,1,60316
21004,[12567],[66640],Atlas/UI_Hero_Head,12567,-1,,4,9007,Head_10045,,,[231|297],,21003,66640,40,1,60351
21005,[-1],[66641],,-1,-1,,-1,9007,,,,[264|425],,21004,66641,-1,2,-1
21006,[12568],[66642],Atlas/UI_Hero_Head,12568,-1,,5,9007,Head_10023,,,[370|482],,21005,66642,28,1,87036
21007,[12569],[66643],Atlas/UI_Monster_Head,12569,-1,,6,9007,Head_60168,,,[522|519],,21006,66643,28,1,80044
21008,[12570],[66644],Atlas/UI_Hero_Head,12570,1,,7,9007,Head_10031_1,,,[395|632],,21007,66644,16,1,60312
21009,[12571],[66645],Atlas/UI_Hero_Head,12571,-1,,1,9008,Head_10046,,,[140|56],,-1,66645,26,1,60354
21010,[12572],[66646],Atlas/UI_Hero_Head,12572,-1,,2,9008,Head_10030,,,[216|157],,21009,66646,30,1,87241
21011,[-1],[66647],,-1,-1,,-1,9008,,,,[310|184],,21010,66647,-1,2,-1
21012,[12573],[66648],Atlas/UI_Hero_Head,12573,-1,,3,9008,Head_10042,,,[375|242],,21011,66648,28,1,60317
21013,[12574],[66649],Atlas/UI_Hero_Head,12574,-1,,4,9008,Head_10033,,,[231|297],,21012,66649,30,1,60355
21014,[-1],[66650],,-1,-1,,-1,9008,,,,[264|425],,21013,66650,-1,2,-1
21015,[12575],[66651],Atlas/UI_Hero_Head,12575,-1,,5,9008,Head_10033,,,[370|482],,21014,66651,28,1,87245
21016,[12576],[66652],Atlas/UI_Monster_Head,12576,-1,,6,9008,Head_60234,,,[522|519],,21015,66652,28,1,87239
21017,[12577],[66653],Atlas/UI_Monster_Head,12577,1,,7,9008,Head_60266,,,[395|632],,21016,66653,35,1,60318
100001,[110001],[76001],Atlas/UI_Hero_Head,110001,-1,,1,10001,Head_10032,,,[363|111],,-1,76001,30,1,80032
100002,[-1],[76002],,-1,-1,,-1,10001,,,,[310|196],,100001,76002,-1,2,-1
100003,[110003],[76003],Atlas/UI_Hero_Head,110003,-1,,2,10001,Head_10027,,,[213|272],,100002,76003,30,1,80027
100004,[-1],[76004],,-1,-1,,-1,10001,,,,[277|362],,100003,76004,-1,2,-1
100005,[110005],[76005],Atlas/UI_Hero_Head,110005,-1,,3,10001,Head_10031,,,[377|412],,100004,76005,30,1,80031
100006,[-1],[76006],,-1,-1,,-1,10001,,,,[364|503],,100005,76006,-1,2,-1
100007,[110007],[76007],Atlas/UI_Hero_Head,110007,1,,4,10001,Head_10033,,,[253|554],,100006,76007,40,1,80033
100011,[110011],[76011],Atlas/UI_Hero_Head,110011,-1,,1,10002,Head_10020,,,[363|111],,-1,76011,30,1,80020
100012,[-1],[76012],,-1,-1,,-1,10002,,,,[310|196],,100011,76012,-1,2,-1
100013,[110013],[76013],Atlas/UI_Hero_Head,110013,-1,,2,10002,Head_10028_1,,,[213|272],,100012,76013,30,1,80028
100014,[-1],[76014],,-1,-1,,-1,10002,,,,[277|362],,100013,76014,-1,2,-1
100015,[110015],[76015],Atlas/UI_Hero_Head,110015,-1,,3,10002,Head_10038,,,[377|412],,100014,76015,30,1,80038
100016,[-1],[76016],,-1,-1,,-1,10002,,,,[364|503],,100015,76016,-1,2,-1
100017,[110017],[76017],Atlas/UI_Hero_Head,110017,1,,4,10002,Head_10039,,,[253|554],,100016,76017,40,1,80039
100021,[110021],[76021],Atlas/UI_Hero_Head,110021,-1,,1,10003,Head_10021,,,[363|111],,-1,76021,30,1,80021
100022,[-1],[76022],,-1,-1,,-1,10003,,,,[310|196],,100021,76022,-1,2,-1
100023,[110023],[76023],Atlas/UI_Hero_Head,110023,-1,,2,10003,Head_10029_1,,,[213|272],,100022,76023,30,1,80036
100024,[-1],[76024],,-1,-1,,-1,10003,,,,[277|362],,100023,76024,-1,2,-1
100025,[110025],[76025],Atlas/UI_Hero_Head,110025,-1,,3,10003,Head_10019,,,[377|412],,100024,76025,30,1,80019
100026,[-1],[76026],,-1,-1,,-1,10003,,,,[364|503],,100025,76026,-1,2,-1
100027,[110027],[76027],Atlas/UI_Hero_Head,110027,1,,4,10003,Head_10037,,,[253|554],,100026,76027,40,1,80037
100031,[110031],[76101],Atlas/UI_Hero_Head,110031,-1,,1,10004,Head_10018,,,[363|111],,-1,76101,30,1,80018
100032,[-1],[76102],,-1,-1,,-1,10004,,,,[310|196],,100031,76102,-1,2,-1
100033,[110033],[76103],Atlas/UI_Hero_Head,110033,-1,,2,10004,Head_10027,,,[213|272],,100032,76103,30,1,80027
100034,[-1],[76104],,-1,-1,,-1,10004,,,,[277|362],,100033,76104,-1,2,-1
100035,[110035],[76105],Atlas/UI_Hero_Head,110035,-1,,3,10004,Head_10031,,,[377|412],,100034,76105,30,1,80031
100036,[-1],[76106],,-1,-1,,-1,10004,,,,[364|503],,100035,76106,-1,2,-1
100037,[110037],[76107],Atlas/UI_Hero_Head,110037,1,,4,10004,Head_10033,,,[253|554],,100036,76107,40,1,80033
100041,[110041],[76111],Atlas/UI_Hero_Head,110041,-1,,1,10005,Head_10020,,,[363|111],,-1,76111,30,1,80020
100042,[-1],[76112],,-1,-1,,-1,10005,,,,[310|196],,100041,76112,-1,2,-1
100043,[110043],[76113],Atlas/UI_Hero_Head,110043,-1,,2,10005,Head_10028_1,,,[213|272],,100042,76113,30,1,80028
100044,[-1],[76114],,-1,-1,,-1,10005,,,,[277|362],,100043,76114,-1,2,-1
100045,[110045],[76115],Atlas/UI_Hero_Head,110045,-1,,3,10005,Head_10038,,,[377|412],,100044,76115,30,1,80038
100046,[-1],[76116],,-1,-1,,-1,10005,,,,[364|503],,100045,76116,-1,2,-1
100047,[110047],[76117],Atlas/UI_Hero_Head,110047,1,,4,10005,Head_10039,,,[253|554],,100046,76117,40,1,80039
100051,[110051],[76121],Atlas/UI_Hero_Head,110051,-1,,1,10006,Head_10021,,,[363|111],,-1,76121,30,1,80021
100052,[-1],[76122],,-1,-1,,-1,10006,,,,[310|196],,100051,76122,-1,2,-1
100053,[110053],[76123],Atlas/UI_Hero_Head,110053,-1,,2,10006,Head_10029_1,,,[213|272],,100052,76123,30,1,80036
100054,[-1],[76124],,-1,-1,,-1,10006,,,,[277|362],,100053,76124,-1,2,-1
100055,[110055],[76125],Atlas/UI_Hero_Head,110055,-1,,3,10006,Head_10019,,,[377|412],,100054,76125,30,1,80019
100056,[-1],[76126],,-1,-1,,-1,10006,,,,[364|503],,100055,76126,-1,2,-1
100057,[110057],[76127],Atlas/UI_Hero_Head,110057,1,,4,10006,Head_10037,,,[253|554],,100056,76127,40,1,80037
100061,[110061],[76201],Atlas/UI_Hero_Head,110061,-1,,1,10007,Head_10018,,,[363|111],,-1,76201,30,1,80018
100062,[-1],[76202],,-1,-1,,-1,10007,,,,[310|196],,100061,76202,-1,2,-1
100063,[110063],[76203],Atlas/UI_Hero_Head,110063,-1,,2,10007,Head_10027,,,[213|272],,100062,76203,30,1,80027
100064,[-1],[76204],,-1,-1,,-1,10007,,,,[277|362],,100063,76204,-1,2,-1
100065,[110065],[76205],Atlas/UI_Hero_Head,110065,-1,,3,10007,Head_10031,,,[377|412],,100064,76205,30,1,80031
100066,[-1],[76206],,-1,-1,,-1,10007,,,,[364|503],,100065,76206,-1,2,-1
100067,[110067],[76207],Atlas/UI_Hero_Head,110067,1,,4,10007,Head_10033,,,[253|554],,100066,76207,40,1,80033
100071,[110071],[76211],Atlas/UI_Hero_Head,110071,-1,,1,10008,Head_10020,,,[363|111],,-1,76211,30,1,80020
100072,[-1],[76212],,-1,-1,,-1,10008,,,,[310|196],,100071,76212,-1,2,-1
100073,[110073],[76213],Atlas/UI_Hero_Head,110073,-1,,2,10008,Head_10028_1,,,[213|272],,100072,76213,30,1,80028
100074,[-1],[76214],,-1,-1,,-1,10008,,,,[277|362],,100073,76214,-1,2,-1
100075,[110075],[76215],Atlas/UI_Hero_Head,110075,-1,,3,10008,Head_10038,,,[377|412],,100074,76215,30,1,80038
100076,[-1],[76216],,-1,-1,,-1,10008,,,,[364|503],,100075,76216,-1,2,-1
100077,[110077],[76217],Atlas/UI_Hero_Head,110077,1,,4,10008,Head_10039,,,[253|554],,100076,76217,40,1,80039
100081,[110081],[76221],Atlas/UI_Hero_Head,110081,-1,,1,10009,Head_10021,,,[363|111],,-1,76221,30,1,80021
100082,[-1],[76222],,-1,-1,,-1,10009,,,,[310|196],,100081,76222,-1,2,-1
100083,[110083],[76223],Atlas/UI_Hero_Head,110083,-1,,2,10009,Head_10029_1,,,[213|272],,100082,76223,30,1,80036
100084,[-1],[76224],,-1,-1,,-1,10009,,,,[277|362],,100083,76224,-1,2,-1
100085,[110085],[76225],Atlas/UI_Hero_Head,110085,-1,,3,10009,Head_10019,,,[377|412],,100084,76225,30,1,80019
100086,[-1],[76226],,-1,-1,,-1,10009,,,,[364|503],,100085,76226,-1,2,-1
100087,[110087],[76227],Atlas/UI_Hero_Head,110087,1,,4,10009,Head_10037,,,[253|554],,100086,76227,40,1,80037
100091,[110091],[76301],Atlas/UI_Hero_Head,110091,-1,,1,10010,Head_10018,,,[363|111],,-1,76301,30,1,80018
100092,[-1],[76302],,-1,-1,,-1,10010,,,,[310|196],,100091,76302,-1,2,-1
100093,[110093],[76303],Atlas/UI_Hero_Head,110093,-1,,2,10010,Head_10027,,,[213|272],,100092,76303,30,1,80027
100094,[-1],[76304],,-1,-1,,-1,10010,,,,[277|362],,100093,76304,-1,2,-1
100095,[110095],[76305],Atlas/UI_Hero_Head,110095,-1,,3,10010,Head_10031,,,[377|412],,100094,76305,30,1,80031
100096,[-1],[76306],,-1,-1,,-1,10010,,,,[364|503],,100095,76306,-1,2,-1
100097,[110097],[76307],Atlas/UI_Hero_Head,110097,1,,4,10010,Head_10033,,,[253|554],,100096,76307,40,1,80033
100101,[110101],[76311],Atlas/UI_Hero_Head,110101,-1,,1,10011,Head_10020,,,[363|111],,-1,76311,30,1,80020
100102,[-1],[76312],,-1,-1,,-1,10011,,,,[310|196],,100101,76312,-1,2,-1
100103,[110103],[76313],Atlas/UI_Hero_Head,110103,-1,,2,10011,Head_10028_1,,,[213|272],,100102,76313,30,1,80028
100104,[-1],[76314],,-1,-1,,-1,10011,,,,[277|362],,100103,76314,-1,2,-1
100105,[110105],[76315],Atlas/UI_Hero_Head,110105,-1,,3,10011,Head_10038,,,[377|412],,100104,76315,30,1,80038
100106,[-1],[76316],,-1,-1,,-1,10011,,,,[364|503],,100105,76316,-1,2,-1
100107,[110107],[76317],Atlas/UI_Hero_Head,110107,1,,4,10011,Head_10039,,,[253|554],,100106,76317,40,1,80039
100111,[110111],[76321],Atlas/UI_Hero_Head,110111,-1,,1,10012,Head_10021,,,[363|111],,-1,76321,30,1,80021
100112,[-1],[76322],,-1,-1,,-1,10012,,,,[310|196],,100111,76322,-1,2,-1
100113,[110113],[76323],Atlas/UI_Hero_Head,110113,-1,,2,10012,Head_10029_1,,,[213|272],,100112,76323,30,1,80036
100114,[-1],[76324],,-1,-1,,-1,10012,,,,[277|362],,100113,76324,-1,2,-1
100115,[110115],[76325],Atlas/UI_Hero_Head,110115,-1,,3,10012,Head_10019,,,[377|412],,100114,76325,30,1,80019
100116,[-1],[76326],,-1,-1,,-1,10012,,,,[364|503],,100115,76326,-1,2,-1
100117,[110117],[76327],Atlas/UI_Hero_Head,110117,1,,4,10012,Head_10037,,,[253|554],,100116,76327,40,1,80037
110001,[120001],[76001],Atlas/UI_Hero_Head,120001,-1,,1,11001,Head_10032,,,[363|111],,-1,76001,30,1,80032
110002,[-1],[76002],,-1,-1,,-1,11001,,,,[310|196],,110001,76002,-1,2,-1
110003,[120003],[76003],Atlas/UI_Hero_Head,120003,-1,,2,11001,Head_10027,,,[213|272],,110002,76003,30,1,80027
110004,[-1],[76004],,-1,-1,,-1,11001,,,,[277|362],,110003,76004,-1,2,-1
110005,[120005],[76005],Atlas/UI_Hero_Head,120005,-1,,3,11001,Head_10031,,,[377|412],,110004,76005,30,1,80031
110006,[-1],[76006],,-1,-1,,-1,11001,,,,[364|503],,110005,76006,-1,2,-1
110007,[120007],[76007],Atlas/UI_Hero_Head,120007,1,,4,11001,Head_10033,,,[253|554],,110006,76007,40,1,80033
110011,[120011],[76011],Atlas/UI_Hero_Head,120011,-1,,1,11002,Head_10020,,,[363|111],,-1,76011,30,1,80020
110012,[-1],[76012],,-1,-1,,-1,11002,,,,[310|196],,110011,76012,-1,2,-1
110013,[120013],[76013],Atlas/UI_Hero_Head,120013,-1,,2,11002,Head_10028_1,,,[213|272],,110012,76013,30,1,80028
110014,[-1],[76014],,-1,-1,,-1,11002,,,,[277|362],,110013,76014,-1,2,-1
110015,[120015],[76015],Atlas/UI_Hero_Head,120015,-1,,3,11002,Head_10038,,,[377|412],,110014,76015,30,1,80038
110016,[-1],[76016],,-1,-1,,-1,11002,,,,[364|503],,110015,76016,-1,2,-1
110017,[120017],[76017],Atlas/UI_Hero_Head,120017,1,,4,11002,Head_10039,,,[253|554],,110016,76017,40,1,80039
110021,[120021],[76021],Atlas/UI_Hero_Head,120021,-1,,1,11003,Head_10021,,,[363|111],,-1,76021,30,1,80021
110022,[-1],[76022],,-1,-1,,-1,11003,,,,[310|196],,110021,76022,-1,2,-1
110023,[120023],[76023],Atlas/UI_Hero_Head,120023,-1,,2,11003,Head_10029_1,,,[213|272],,110022,76023,30,1,80036
110024,[-1],[76024],,-1,-1,,-1,11003,,,,[277|362],,110023,76024,-1,2,-1
110025,[120025],[76025],Atlas/UI_Hero_Head,120025,-1,,3,11003,Head_10019,,,[377|412],,110024,76025,30,1,80019
110026,[-1],[76026],,-1,-1,,-1,11003,,,,[364|503],,110025,76026,-1,2,-1
110027,[120027],[76027],Atlas/UI_Hero_Head,120027,1,,4,11003,Head_10037,,,[253|554],,110026,76027,40,1,80037
110031,[120031],[76101],Atlas/UI_Hero_Head,120031,-1,,1,11004,Head_10018,,,[363|111],,-1,76101,30,1,80018
110032,[-1],[76102],,-1,-1,,-1,11004,,,,[310|196],,110031,76102,-1,2,-1
110033,[120033],[76103],Atlas/UI_Hero_Head,120033,-1,,2,11004,Head_10027,,,[213|272],,110032,76103,30,1,80027
110034,[-1],[76104],,-1,-1,,-1,11004,,,,[277|362],,110033,76104,-1,2,-1
110035,[120035],[76105],Atlas/UI_Hero_Head,120035,-1,,3,11004,Head_10031,,,[377|412],,110034,76105,30,1,80031
110036,[-1],[76106],,-1,-1,,-1,11004,,,,[364|503],,110035,76106,-1,2,-1
110037,[120037],[76107],Atlas/UI_Hero_Head,120037,1,,4,11004,Head_10033,,,[253|554],,110036,76107,40,1,80033
110041,[120041],[76111],Atlas/UI_Hero_Head,120041,-1,,1,11005,Head_10020,,,[363|111],,-1,76111,30,1,80020
110042,[-1],[76112],,-1,-1,,-1,11005,,,,[310|196],,110041,76112,-1,2,-1
110043,[120043],[76113],Atlas/UI_Hero_Head,120043,-1,,2,11005,Head_10028_1,,,[213|272],,110042,76113,30,1,80028
110044,[-1],[76114],,-1,-1,,-1,11005,,,,[277|362],,110043,76114,-1,2,-1
110045,[120045],[76115],Atlas/UI_Hero_Head,120045,-1,,3,11005,Head_10038,,,[377|412],,110044,76115,30,1,80038
110046,[-1],[76116],,-1,-1,,-1,11005,,,,[364|503],,110045,76116,-1,2,-1
110047,[120047],[76117],Atlas/UI_Hero_Head,120047,1,,4,11005,Head_10039,,,[253|554],,110046,76117,40,1,80039
110051,[120051],[76121],Atlas/UI_Hero_Head,120051,-1,,1,11006,Head_10021,,,[363|111],,-1,76121,30,1,80021
110052,[-1],[76122],,-1,-1,,-1,11006,,,,[310|196],,110051,76122,-1,2,-1
110053,[120053],[76123],Atlas/UI_Hero_Head,120053,-1,,2,11006,Head_10029_1,,,[213|272],,110052,76123,30,1,80036
110054,[-1],[76124],,-1,-1,,-1,11006,,,,[277|362],,110053,76124,-1,2,-1
110055,[120055],[76125],Atlas/UI_Hero_Head,120055,-1,,3,11006,Head_10019,,,[377|412],,110054,76125,30,1,80019
110056,[-1],[76126],,-1,-1,,-1,11006,,,,[364|503],,110055,76126,-1,2,-1
110057,[120057],[76127],Atlas/UI_Hero_Head,120057,1,,4,11006,Head_10037,,,[253|554],,110056,76127,40,1,80037
110061,[120061],[76201],Atlas/UI_Hero_Head,120061,-1,,1,11007,Head_10018,,,[363|111],,-1,76201,30,1,80018
110062,[-1],[76202],,-1,-1,,-1,11007,,,,[310|196],,110061,76202,-1,2,-1
110063,[120063],[76203],Atlas/UI_Hero_Head,120063,-1,,2,11007,Head_10027,,,[213|272],,110062,76203,30,1,80027
110064,[-1],[76204],,-1,-1,,-1,11007,,,,[277|362],,110063,76204,-1,2,-1
110065,[120065],[76205],Atlas/UI_Hero_Head,120065,-1,,3,11007,Head_10031,,,[377|412],,110064,76205,30,1,80031
110066,[-1],[76206],,-1,-1,,-1,11007,,,,[364|503],,110065,76206,-1,2,-1
110067,[120067],[76207],Atlas/UI_Hero_Head,120067,1,,4,11007,Head_10033,,,[253|554],,110066,76207,40,1,80033
110071,[120071],[76211],Atlas/UI_Hero_Head,120071,-1,,1,11008,Head_10020,,,[363|111],,-1,76211,30,1,80020
110072,[-1],[76212],,-1,-1,,-1,11008,,,,[310|196],,110071,76212,-1,2,-1
110073,[120073],[76213],Atlas/UI_Hero_Head,120073,-1,,2,11008,Head_10028_1,,,[213|272],,110072,76213,30,1,80028
110074,[-1],[76214],,-1,-1,,-1,11008,,,,[277|362],,110073,76214,-1,2,-1
110075,[120075],[76215],Atlas/UI_Hero_Head,120075,-1,,3,11008,Head_10038,,,[377|412],,110074,76215,30,1,80038
110076,[-1],[76216],,-1,-1,,-1,11008,,,,[364|503],,110075,76216,-1,2,-1
110077,[120077],[76217],Atlas/UI_Hero_Head,120077,1,,4,11008,Head_10039,,,[253|554],,110076,76217,40,1,80039
110081,[120081],[76221],Atlas/UI_Hero_Head,120081,-1,,1,11009,Head_10021,,,[363|111],,-1,76221,30,1,80021
110082,[-1],[76222],,-1,-1,,-1,11009,,,,[310|196],,110081,76222,-1,2,-1
110083,[120083],[76223],Atlas/UI_Hero_Head,120083,-1,,2,11009,Head_10029_1,,,[213|272],,110082,76223,30,1,80036
110084,[-1],[76224],,-1,-1,,-1,11009,,,,[277|362],,110083,76224,-1,2,-1
110085,[120085],[76225],Atlas/UI_Hero_Head,120085,-1,,3,11009,Head_10019,,,[377|412],,110084,76225,30,1,80019
110086,[-1],[76226],,-1,-1,,-1,11009,,,,[364|503],,110085,76226,-1,2,-1
110087,[120087],[76227],Atlas/UI_Hero_Head,120087,1,,4,11009,Head_10037,,,[253|554],,110086,76227,40,1,80037
110091,[120091],[76301],Atlas/UI_Hero_Head,120091,-1,,1,11010,Head_10018,,,[363|111],,-1,76301,30,1,80018
110092,[-1],[76302],,-1,-1,,-1,11010,,,,[310|196],,110091,76302,-1,2,-1
110093,[120093],[76303],Atlas/UI_Hero_Head,120093,-1,,2,11010,Head_10027,,,[213|272],,110092,76303,30,1,80027
110094,[-1],[76304],,-1,-1,,-1,11010,,,,[277|362],,110093,76304,-1,2,-1
110095,[120095],[76305],Atlas/UI_Hero_Head,120095,-1,,3,11010,Head_10031,,,[377|412],,110094,76305,30,1,80031
110096,[-1],[76306],,-1,-1,,-1,11010,,,,[364|503],,110095,76306,-1,2,-1
110097,[120097],[76307],Atlas/UI_Hero_Head,120097,1,,4,11010,Head_10033,,,[253|554],,110096,76307,40,1,80033
110101,[120101],[76311],Atlas/UI_Hero_Head,120101,-1,,1,11011,Head_10020,,,[363|111],,-1,76311,30,1,80020
110102,[-1],[76312],,-1,-1,,-1,11011,,,,[310|196],,110101,76312,-1,2,-1
110103,[120103],[76313],Atlas/UI_Hero_Head,120103,-1,,2,11011,Head_10028_1,,,[213|272],,110102,76313,30,1,80028
110104,[-1],[76314],,-1,-1,,-1,11011,,,,[277|362],,110103,76314,-1,2,-1
110105,[120105],[76315],Atlas/UI_Hero_Head,120105,-1,,3,11011,Head_10038,,,[377|412],,110104,76315,30,1,80038
110106,[-1],[76316],,-1,-1,,-1,11011,,,,[364|503],,110105,76316,-1,2,-1
110107,[120107],[76317],Atlas/UI_Hero_Head,120107,1,,4,11011,Head_10039,,,[253|554],,110106,76317,40,1,80039
110111,[120111],[76321],Atlas/UI_Hero_Head,120111,-1,,1,11012,Head_10021,,,[363|111],,-1,76321,30,1,80021
110112,[-1],[76322],,-1,-1,,-1,11012,,,,[310|196],,110111,76322,-1,2,-1
110113,[120113],[76323],Atlas/UI_Hero_Head,120113,-1,,2,11012,Head_10029_1,,,[213|272],,110112,76323,30,1,80036
110114,[-1],[76324],,-1,-1,,-1,11012,,,,[277|362],,110113,76324,-1,2,-1
110115,[120115],[76325],Atlas/UI_Hero_Head,120115,-1,,3,11012,Head_10019,,,[377|412],,110114,76325,30,1,80019
110116,[-1],[76326],,-1,-1,,-1,11012,,,,[364|503],,110115,76326,-1,2,-1
110117,[120117],[76327],Atlas/UI_Hero_Head,120117,1,,4,11012,Head_10037,,,[253|554],,110116,76327,40,1,80037
120001,[130001],[76001],Atlas/UI_Hero_Head,130001,-1,,1,12001,Head_10032,,,[363|111],,-1,76001,30,1,80032
120002,[-1],[76002],,-1,-1,,-1,12001,,,,[310|196],,120001,76002,-1,2,-1
120003,[130003],[76003],Atlas/UI_Hero_Head,130003,-1,,2,12001,Head_10027,,,[213|272],,120002,76003,30,1,80027
120004,[-1],[76004],,-1,-1,,-1,12001,,,,[277|362],,120003,76004,-1,2,-1
120005,[130005],[76005],Atlas/UI_Hero_Head,130005,-1,,3,12001,Head_10031,,,[377|412],,120004,76005,30,1,87024
120006,[-1],[76006],,-1,-1,,-1,12001,,,,[364|503],,120005,76006,-1,2,-1
120007,[130007],[76007],Atlas/UI_Hero_Head,130007,1,,4,12001,Head_10033,,,[253|554],,120006,76007,40,1,87031
120011,[130011],[76011],Atlas/UI_Hero_Head,130011,-1,,1,12002,Head_10020,,,[363|111],,-1,76011,30,1,80020
120012,[-1],[76012],,-1,-1,,-1,12002,,,,[310|196],,120011,76012,-1,2,-1
120013,[130013],[76013],Atlas/UI_Hero_Head,130013,-1,,2,12002,Head_10028_1,,,[213|272],,120012,76013,30,1,80028
120014,[-1],[76014],,-1,-1,,-1,12002,,,,[277|362],,120013,76014,-1,2,-1
120015,[130015],[76015],Atlas/UI_Hero_Head,130015,-1,,3,12002,Head_10038,,,[377|412],,120014,76015,30,1,80038
120016,[-1],[76016],,-1,-1,,-1,12002,,,,[364|503],,120015,76016,-1,2,-1
120017,[130017],[76017],Atlas/UI_Hero_Head,130017,1,,4,12002,Head_10039,,,[253|554],,120016,76017,40,1,80039
120021,[130021],[76021],Atlas/UI_Hero_Head,130021,-1,,1,12003,Head_10021,,,[363|111],,-1,76021,30,1,80021
120022,[-1],[76022],,-1,-1,,-1,12003,,,,[310|196],,120021,76022,-1,2,-1
120023,[130023],[76023],Atlas/UI_Hero_Head,130023,-1,,2,12003,Head_10029_1,,,[213|272],,120022,76023,30,1,80036
120024,[-1],[76024],,-1,-1,,-1,12003,,,,[277|362],,120023,76024,-1,2,-1
120025,[130025],[76025],Atlas/UI_Hero_Head,130025,-1,,3,12003,Head_10019,,,[377|412],,120024,76025,30,1,80019
120026,[-1],[76026],,-1,-1,,-1,12003,,,,[364|503],,120025,76026,-1,2,-1
120027,[130027],[76027],Atlas/UI_Hero_Head,130027,1,,4,12003,Head_10037,,,[253|554],,120026,76027,40,1,80037
120031,[130031],[76101],Atlas/UI_Hero_Head,130031,-1,,1,12004,Head_10018,,,[363|111],,-1,76101,30,1,80018
120032,[-1],[76102],,-1,-1,,-1,12004,,,,[310|196],,120031,76102,-1,2,-1
120033,[130033],[76103],Atlas/UI_Hero_Head,130033,-1,,2,12004,Head_10027,,,[213|272],,120032,76103,30,1,80027
120034,[-1],[76104],,-1,-1,,-1,12004,,,,[277|362],,120033,76104,-1,2,-1
120035,[130035],[76105],Atlas/UI_Hero_Head,130035,-1,,3,12004,Head_10031,,,[377|412],,120034,76105,30,1,87024
120036,[-1],[76106],,-1,-1,,-1,12004,,,,[364|503],,120035,76106,-1,2,-1
120037,[130037],[76107],Atlas/UI_Hero_Head,130037,1,,4,12004,Head_10033,,,[253|554],,120036,76107,40,1,87031
120041,[130041],[76111],Atlas/UI_Hero_Head,130041,-1,,1,12005,Head_10020,,,[363|111],,-1,76111,30,1,80020
120042,[-1],[76112],,-1,-1,,-1,12005,,,,[310|196],,120041,76112,-1,2,-1
120043,[130043],[76113],Atlas/UI_Hero_Head,130043,-1,,2,12005,Head_10028_1,,,[213|272],,120042,76113,30,1,80028
120044,[-1],[76114],,-1,-1,,-1,12005,,,,[277|362],,120043,76114,-1,2,-1
120045,[130045],[76115],Atlas/UI_Hero_Head,130045,-1,,3,12005,Head_10038,,,[377|412],,120044,76115,30,1,80038
120046,[-1],[76116],,-1,-1,,-1,12005,,,,[364|503],,120045,76116,-1,2,-1
120047,[130047],[76117],Atlas/UI_Hero_Head,130047,1,,4,12005,Head_10039,,,[253|554],,120046,76117,40,1,80039
120051,[130051],[76121],Atlas/UI_Hero_Head,130051,-1,,1,12006,Head_10021,,,[363|111],,-1,76121,30,1,80021
120052,[-1],[76122],,-1,-1,,-1,12006,,,,[310|196],,120051,76122,-1,2,-1
120053,[130053],[76123],Atlas/UI_Hero_Head,130053,-1,,2,12006,Head_10029_1,,,[213|272],,120052,76123,30,1,80036
120054,[-1],[76124],,-1,-1,,-1,12006,,,,[277|362],,120053,76124,-1,2,-1
120055,[130055],[76125],Atlas/UI_Hero_Head,130055,-1,,3,12006,Head_10019,,,[377|412],,120054,76125,30,1,80019
120056,[-1],[76126],,-1,-1,,-1,12006,,,,[364|503],,120055,76126,-1,2,-1
120057,[130057],[76127],Atlas/UI_Hero_Head,130057,1,,4,12006,Head_10037,,,[253|554],,120056,76127,40,1,80037
120061,[130061],[76201],Atlas/UI_Hero_Head,130061,-1,,1,12007,Head_10018,,,[363|111],,-1,76201,30,1,80018
120062,[-1],[76202],,-1,-1,,-1,12007,,,,[310|196],,120061,76202,-1,2,-1
120063,[130063],[76203],Atlas/UI_Hero_Head,130063,-1,,2,12007,Head_10027,,,[213|272],,120062,76203,30,1,80027
120064,[-1],[76204],,-1,-1,,-1,12007,,,,[277|362],,120063,76204,-1,2,-1
120065,[130065],[76205],Atlas/UI_Hero_Head,130065,-1,,3,12007,Head_10031,,,[377|412],,120064,76205,30,1,87031
120066,[-1],[76206],,-1,-1,,-1,12007,,,,[364|503],,120065,76206,-1,2,-1
120067,[130067],[76207],Atlas/UI_Hero_Head,130067,1,,4,12007,Head_10033,,,[253|554],,120066,76207,40,1,80033
120071,[130071],[76211],Atlas/UI_Hero_Head,130071,-1,,1,12008,Head_10020,,,[363|111],,-1,76211,30,1,80020
120072,[-1],[76212],,-1,-1,,-1,12008,,,,[310|196],,120071,76212,-1,2,-1
120073,[130073],[76213],Atlas/UI_Hero_Head,130073,-1,,2,12008,Head_10028_1,,,[213|272],,120072,76213,30,1,80028
120074,[-1],[76214],,-1,-1,,-1,12008,,,,[277|362],,120073,76214,-1,2,-1
120075,[130075],[76215],Atlas/UI_Hero_Head,130075,-1,,3,12008,Head_10038,,,[377|412],,120074,76215,30,1,80038
120076,[-1],[76216],,-1,-1,,-1,12008,,,,[364|503],,120075,76216,-1,2,-1
120077,[130077],[76217],Atlas/UI_Hero_Head,130077,1,,4,12008,Head_10039,,,[253|554],,120076,76217,40,1,80039
120081,[130081],[76221],Atlas/UI_Hero_Head,130081,-1,,1,12009,Head_10021,,,[363|111],,-1,76221,30,1,80021
120082,[-1],[76222],,-1,-1,,-1,12009,,,,[310|196],,120081,76222,-1,2,-1
120083,[130083],[76223],Atlas/UI_Hero_Head,130083,-1,,2,12009,Head_10029_1,,,[213|272],,120082,76223,30,1,80036
120084,[-1],[76224],,-1,-1,,-1,12009,,,,[277|362],,120083,76224,-1,2,-1
120085,[130085],[76225],Atlas/UI_Hero_Head,130085,-1,,3,12009,Head_10019,,,[377|412],,120084,76225,30,1,80019
120086,[-1],[76226],,-1,-1,,-1,12009,,,,[364|503],,120085,76226,-1,2,-1
120087,[130087],[76227],Atlas/UI_Hero_Head,130087,1,,4,12009,Head_10037,,,[253|554],,120086,76227,40,1,80037
120091,[130091],[76301],Atlas/UI_Hero_Head,130091,-1,,1,12010,Head_10018,,,[363|111],,-1,76301,30,1,80018
120092,[-1],[76302],,-1,-1,,-1,12010,,,,[310|196],,120091,76302,-1,2,-1
120093,[130093],[76303],Atlas/UI_Hero_Head,130093,-1,,2,12010,Head_10027,,,[213|272],,120092,76303,30,1,80027
120094,[-1],[76304],,-1,-1,,-1,12010,,,,[277|362],,120093,76304,-1,2,-1
120095,[130095],[76305],Atlas/UI_Hero_Head,130095,-1,,3,12010,Head_10031,,,[377|412],,120094,76305,30,1,87031
120096,[-1],[76306],,-1,-1,,-1,12010,,,,[364|503],,120095,76306,-1,2,-1
120097,[130097],[76307],Atlas/UI_Hero_Head,130097,1,,4,12010,Head_10033,,,[253|554],,120096,76307,40,1,80033
120101,[130101],[76311],Atlas/UI_Hero_Head,130101,-1,,1,12011,Head_10020,,,[363|111],,-1,76311,30,1,80020
120102,[-1],[76312],,-1,-1,,-1,12011,,,,[310|196],,120101,76312,-1,2,-1
120103,[130103],[76313],Atlas/UI_Hero_Head,130103,-1,,2,12011,Head_10028_1,,,[213|272],,120102,76313,30,1,80028
120104,[-1],[76314],,-1,-1,,-1,12011,,,,[277|362],,120103,76314,-1,2,-1
120105,[130105],[76315],Atlas/UI_Hero_Head,130105,-1,,3,12011,Head_10038,,,[377|412],,120104,76315,30,1,80038
120106,[-1],[76316],,-1,-1,,-1,12011,,,,[364|503],,120105,76316,-1,2,-1
120107,[130107],[76317],Atlas/UI_Hero_Head,130107,1,,4,12011,Head_10039,,,[253|554],,120106,76317,40,1,80039
120111,[130111],[76321],Atlas/UI_Hero_Head,130111,-1,,1,12012,Head_10021,,,[363|111],,-1,76321,30,1,80021
120112,[-1],[76322],,-1,-1,,-1,12012,,,,[310|196],,120111,76322,-1,2,-1
120113,[130113],[76323],Atlas/UI_Hero_Head,130113,-1,,2,12012,Head_10029_1,,,[213|272],,120112,76323,30,1,80036
120114,[-1],[76324],,-1,-1,,-1,12012,,,,[277|362],,120113,76324,-1,2,-1
120115,[130115],[76325],Atlas/UI_Hero_Head,130115,-1,,3,12012,Head_10019,,,[377|412],,120114,76325,30,1,80019
120116,[-1],[76326],,-1,-1,,-1,12012,,,,[364|503],,120115,76326,-1,2,-1
120117,[130117],[76327],Atlas/UI_Hero_Head,130117,1,,4,12012,Head_10037,,,[253|554],,120116,76327,40,1,80037
300011,[130001|130001|130001|130001|130001|130001],[408234501|408234503|408234505|408234507|408234509|408234511],Atlas/UI_Monster_Head,130001,-1,,1,30001,Head_60221,[130001|130001|130001|130001|130001],[408234503|408234505|408234507|408234509|408234511],[358|43],,-1,408234501,30,1,90221
300012,[130003|130003|130003|130003|130003|130003],[408234501|408234503|408234505|408234507|408234509|408234511],Atlas/UI_Monster_Head,130003,-1,,2,30001,Head_60224,[130003|130003|130003|130003|130003],[408234503|408234505|408234507|408234509|408234511],[308|144],,300011,408234501,25,1,71037
300013,[-1],[408234502|408234504|408234506|408234508|408234510|408234512],,-1,-1,,-1,30001,,,[408234504|408234506|408234508|408234510|408234512],[299|269],,300012,408234502,-1,2,-1
300014,[130005|130005|130005|130005|130005|130005],[408234501|408234503|408234505|408234507|408234509|408234511],Atlas/UI_Monster_Head,130005,-1,,3,30001,Head_60222,[130005|130005|130005|130005|130005],[408234503|408234505|408234507|408234509|408234511],[312|336],,300013,408234501,30,1,90222
300015,[130007|130007|130007|130007|130007|130007],[408234501|408234503|408234505|408234507|408234509|408234511],Atlas/UI_Monster_Head,130007,-1,,4,30001,Head_60226,[130007|130007|130007|130007|130007],[408234503|408234505|408234507|408234509|408234511],[221|412],,300014,408234501,20,1,71039
300016,[-1],[408234502|408234504|408234506|408234508|408234510|408234512],,-1,-1,,-1,30001,,,[408234504|408234506|408234508|408234510|408234512],[386|441],,300015,408234502,-1,2,-1
300017,[130011|130011|130011|130011|130011|130011],[408234501|408234503|408234505|408234507|408234509|408234511],Atlas/UI_Hero_Head,130011,-1,,5,30001,Head_10006,[130011|130011|130011|130011|130011],[408234503|408234505|408234507|408234509|408234511],[452|489],,300016,408234501,30,1,80006
300018,[130013|130013|130013|130013|130013|130013],[408234501|408234503|408234505|408234507|408234509|408234511],Atlas/UI_Hero_Head,130013,-1,,6,30001,Head_10018,[130013|130013|130013|130013|130013],[408234503|408234505|408234507|408234509|408234511],[470|605],,300017,408234501,30,1,80018
300019,[-1],[408234502|408234504|408234506|408234508|408234510|408234512],,-1,-1,,-1,30001,,,[408234504|408234506|408234508|408234510|408234512],[380|682],,300018,408234502,-1,2,-1
300020,[130015|130015|130015|130015|130015|130015],[408234501|408234503|408234505|408234507|408234509|408234511],Atlas/UI_Hero_Head,130015,1,,7,30001,Head_10030,[130015|130015|130015|130015|130015],[408234503|408234505|408234507|408234509|408234511],[244|645],,300019,408234501,35,1,80030
300021,[130001|130001|130001|130001|130001|130001],[408234501|408234503|408234505|408234507|408234509|408234511],Atlas/UI_Monster_Head,130001,-1,,1,30002,Head_60179,[130001|130001|130001|130001|130001],[408234503|408234505|408234507|408234509|408234511],[401|72],,-1,408234501,30,1,90179
300022,[130003|130003|130003|130003|130003|130003],[408234501|408234503|408234505|408234507|408234509|408234511],Atlas/UI_Monster_Head,130003,-1,,2,30002,Head_60187,[130003|130003|130003|130003|130003],[408234503|408234505|408234507|408234509|408234511],[459|149],,300021,408234501,25,1,90187
300023,[-1],[408234502|408234504|408234506|408234508|408234510|408234512],,-1,-1,,-1,30002,,,[408234504|408234506|408234508|408234510|408234512],[405|207],,300022,408234502,-1,2,-1
300024,[130005|130005|130005|130005|130005|130005],[408234501|408234503|408234505|408234507|408234509|408234511],Atlas/UI_Monster_Head,130005,-1,,3,30002,Head_60188,[130005|130005|130005|130005|130005],[408234503|408234505|408234507|408234509|408234511],[342|236],,300023,408234501,25,1,90188
300025,[130007|130007|130007|130007|130007|130007],[408234501|408234503|408234505|408234507|408234509|408234511],Atlas/UI_Monster_Head,130007,-1,,4,30002,Head_60212,[130007|130007|130007|130007|130007],[408234503|408234505|408234507|408234509|408234511],[256|294],,300024,408234501,25,1,71032
300026,[-1],[408234502|408234504|408234506|408234508|408234510|408234512],,-1,-1,,-1,30002,,,[408234504|408234506|408234508|408234510|408234512],[207|359],,300025,408234502,-1,2,-1
300027,[130011|130011|130011|130011|130011|130011],[408234501|408234503|408234505|408234507|408234509|408234511],Atlas/UI_Monster_Head,130011,-1,,5,30002,Head_60131,[130011|130011|130011|130011|130011],[408234503|408234505|408234507|408234509|408234511],[285|443],,300026,408234501,25,1,90131
300028,[130013|130013|130013|130013|130013|130013],[408234501|408234503|408234505|408234507|408234509|408234511],Atlas/UI_Hero_Head,130013,-1,,6,30002,Head_10012,[130013|130013|130013|130013|130013],[408234503|408234505|408234507|408234509|408234511],[392|495],,300027,408234501,25,1,80012
300029,[-1],[408234502|408234504|408234506|408234508|408234510|408234512],,-1,-1,,-1,30002,,,[408234504|408234506|408234508|408234510|408234512],[368|573],,300028,408234502,-1,2,-1
300030,[130015|130015|130015|130015|130015|130015],[408234501|408234503|408234505|408234507|408234509|408234511],Atlas/UI_Hero_Head,130015,1,,7,30002,Head_10019,[130015|130015|130015|130015|130015],[408234503|408234505|408234507|408234509|408234511],[419|634],,300029,408234501,35,1,80019
300031,[130001|130001|130001|130001|130001|130001],[408234501|408234503|408234505|408234507|408234509|408234511],Atlas/UI_Monster_Head,130001,-1,,1,30003,Head_60177,[130001|130001|130001|130001|130001],[408234503|408234505|408234507|408234509|408234511],[186|89],,-1,408234501,30,1,90177
300032,[130003|130003|130003|130003|130003|130003],[408234501|408234503|408234505|408234507|408234509|408234511],Atlas/UI_Monster_Head,130003,-1,,2,30003,Head_60185,[130003|130003|130003|130003|130003],[408234503|408234505|408234507|408234509|408234511],[258|151],,300031,408234501,25,1,90185
300033,[-1],[408234502|408234504|408234506|408234508|408234510|408234512],,-1,-1,,-1,30003,,,[408234504|408234506|408234508|408234510|408234512],[344|197],,300032,408234502,-1,2,-1
300034,[130005|130005|130005|130005|130005|130005],[408234501|408234503|408234505|408234507|408234509|408234511],Atlas/UI_Monster_Head,130005,-1,,3,30003,Head_60186,[130005|130005|130005|130005|130005],[408234503|408234505|408234507|408234509|408234511],[323|275],,300033,408234501,25,1,90186
300035,[130007|130007|130007|130007|130007|130007],[408234501|408234503|408234505|408234507|408234509|408234511],Atlas/UI_Monster_Head,130007,-1,,4,30003,Head_60210,[130007|130007|130007|130007|130007],[408234503|408234505|408234507|408234509|408234511],[224|356],,300034,408234501,25,1,71030
300036,[-1],[408234502|408234504|408234506|408234508|408234510|408234512],,-1,-1,,-1,30003,,,[408234504|408234506|408234508|408234510|408234512],[289|452],,300035,408234502,-1,2,-1
300037,[130011|130011|130011|130011|130011|130011],[408234501|408234503|408234505|408234507|408234509|408234511],Atlas/UI_Hero_Head,130011,-1,,5,30003,Head_10021,[130011|130011|130011|130011|130011],[408234503|408234505|408234507|408234509|408234511],[359|496],,300036,408234501,25,1,80021
300038,[130013|130013|130013|130013|130013|130013],[408234501|408234503|408234505|408234507|408234509|408234511],Atlas/UI_Hero_Head,130013,-1,,6,30003,Head_10022,[130013|130013|130013|130013|130013],[408234503|408234505|408234507|408234509|408234511],[447|559],,300037,408234501,25,1,80022
300039,[-1],[408234502|408234504|408234506|408234508|408234510|408234512],,-1,-1,,-1,30003,,,[408234504|408234506|408234508|408234510|408234512],[457|651],,300038,408234502,-1,2,-1
300040,[130015|130015|130015|130015|130015|130015],[408234501|408234503|408234505|408234507|408234509|408234511],Atlas/UI_Hero_Head,130015,1,,7,30003,Head_10017,[130015|130015|130015|130015|130015],[408234503|408234505|408234507|408234509|408234511],[371|677],,300039,408234501,35,1,80017
300041,[130001|130001|130001|130001|130001|130001],[408234501|408234503|408234505|408234507|408234509|408234511],Atlas/UI_Hero_Head,130001,-1,,1,30004,Head_10040,[130001|130001|130001|130001|130001],[408234503|408234505|408234507|408234509|408234511],[322|62],,-1,408234501,25,1,80040
300042,[130003|130003|130003|130003|130003|130003],[408234501|408234503|408234505|408234507|408234509|408234511],Atlas/UI_Monster_Head,130003,-1,,2,30004,Head_60238,[130003|130003|130003|130003|130003],[408234503|408234505|408234507|408234509|408234511],[268|122],,300041,408234501,30,1,81061
300043,[-1],[408234502|408234504|408234506|408234508|408234510|408234512],,-1,-1,,-1,30004,,,[408234504|408234506|408234508|408234510|408234512],[302|215],,300042,408234502,-1,2,-1
300044,[130005|130005|130005|130005|130005|130005],[408234501|408234503|408234505|408234507|408234509|408234511],Atlas/UI_Hero_Head,130005,-1,,3,30004,Head_10008,[130005|130005|130005|130005|130005],[408234503|408234505|408234507|408234509|408234511],[375|242],,300043,408234501,25,1,80008
300045,[130007|130007|130007|130007|130007|130007],[408234501|408234503|408234505|408234507|408234509|408234511],Atlas/UI_Monster_Head,130007,-1,,4,30004,Head_70023,[130007|130007|130007|130007|130007],[408234503|408234505|408234507|408234509|408234511],[336|328],,300044,408234501,25,1,81023
300046,[-1],[408234502|408234504|408234506|408234508|408234510|408234512],,-1,-1,,-1,30004,,,[408234504|408234506|408234508|408234510|408234512],[380|408],,300045,408234502,-1,2,-1
300047,[130011|130011|130011|130011|130011|130011],[408234501|408234503|408234505|408234507|408234509|408234511],Atlas/UI_Hero_Head,130011,-1,,5,30004,Head_10035,[130011|130011|130011|130011|130011],[408234503|408234505|408234507|408234509|408234511],[331|472],,300046,408234501,25,1,80035
300048,[130013|130013|130013|130013|130013|130013],[408234501|408234503|408234505|408234507|408234509|408234511],Atlas/UI_Hero_Head,130013,-1,,6,30004,Head_10008,[130013|130013|130013|130013|130013],[408234503|408234505|408234507|408234509|408234511],[268|559],,300047,408234501,25,1,80008
300049,[-1],[408234502|408234504|408234506|408234508|408234510|408234512],,-1,-1,,-1,30004,,,[408234504|408234506|408234508|408234510|408234512],[176|606],,300048,408234502,-1,2,-1
300050,[130015|130015|130015|130015|130015|130015],[408234501|408234503|408234505|408234507|408234509|408234511],Atlas/UI_Hero_Head,130015,1,,7,30004,Head_10023_skin1,[130015|130015|130015|130015|130015],[408234503|408234505|408234507|408234509|408234511],[317|698],,300049,408234501,35,1,87123
300051,[130001|130001|130001|130001|130001|130001],[408234501|408234503|408234505|408234507|408234509|408234511],Atlas/UI_Hero_Head,130001,-1,,1,30005,Head_10040,[130001|130001|130001|130001|130001],[408234503|408234505|408234507|408234509|408234511],[398|90],,-1,408234501,25,1,80040
300052,[130003|130003|130003|130003|130003|130003],[408234501|408234503|408234505|408234507|408234509|408234511],Atlas/UI_Monster_Head,130003,-1,,2,30005,Head_60238,[130003|130003|130003|130003|130003],[408234503|408234505|408234507|408234509|408234511],[313|142],,300051,408234501,30,1,81060
300053,[-1],[408234502|408234504|408234506|408234508|408234510|408234512],,-1,-1,,-1,30005,,,[408234504|408234506|408234508|408234510|408234512],[307|212],,300052,408234502,-1,2,-1
300054,[130005|130005|130005|130005|130005|130005],[408234501|408234503|408234505|408234507|408234509|408234511],Atlas/UI_Hero_Head,130005,-1,,3,30005,Head_10024,[130005|130005|130005|130005|130005],[408234503|408234505|408234507|408234509|408234511],[232|259],,300053,408234501,25,1,80024
300055,[130007|130007|130007|130007|130007|130007],[408234501|408234503|408234505|408234507|408234509|408234511],Atlas/UI_Monster_Head,130007,-1,,4,30005,Head_60038,[130007|130007|130007|130007|130007],[408234503|408234505|408234507|408234509|408234511],[284|376],,300054,408234501,10,1,81011
300056,[-1],[408234502|408234504|408234506|408234508|408234510|408234512],,-1,-1,,-1,30005,,,[408234504|408234506|408234508|408234510|408234512],[369|404],,300055,408234502,-1,2,-1
300057,[130011|130011|130011|130011|130011|130011],[408234501|408234503|408234505|408234507|408234509|408234511],Atlas/UI_Hero_Head,130011,-1,,5,30005,Head_10030,[130011|130011|130011|130011|130011],[408234503|408234505|408234507|408234509|408234511],[416|460],,300056,408234501,25,1,80030
300058,[130013|130013|130013|130013|130013|130013],[408234501|408234503|408234505|408234507|408234509|408234511],Atlas/UI_Hero_Head,130013,-1,,6,30005,Head_10024,[130013|130013|130013|130013|130013],[408234503|408234505|408234507|408234509|408234511],[327|551],,300057,408234501,25,1,80024
300059,[-1],[408234502|408234504|408234506|408234508|408234510|408234512],,-1,-1,,-1,30005,,,[408234504|408234506|408234508|408234510|408234512],[224|573],,300058,408234502,-1,2,-1
300060,[130015|130015|130015|130015|130015|130015],[408234501|408234503|408234505|408234507|408234509|408234511],Atlas/UI_Hero_Head,130015,1,,7,30005,Head_10025_skin1,[130015|130015|130015|130015|130015],[408234503|408234505|408234507|408234509|408234511],[149|629],,300059,408234501,35,1,87125
300061,[130001|130001|130001|130001|130001|130001],[408234501|408234503|408234505|408234507|408234509|408234511],Atlas/UI_Hero_Head,130001,-1,,1,30006,Head_10026,[130001|130001|130001|130001|130001],[408234503|408234505|408234507|408234509|408234511],[284|70],,-1,408234501,25,1,80026
300062,[130003|130003|130003|130003|130003|130003],[408234501|408234503|408234505|408234507|408234509|408234511],Atlas/UI_Monster_Head,130003,-1,,2,30006,Head_60238,[130003|130003|130003|130003|130003],[408234503|408234505|408234507|408234509|408234511],[178|130],,300061,408234501,30,1,81062
300063,[-1],[408234502|408234504|408234506|408234508|408234510|408234512],,-1,-1,,-1,30006,,,[408234504|408234506|408234508|408234510|408234512],[221|198],,300062,408234502,-1,2,-1
300064,[130005|130005|130005|130005|130005|130005],[408234501|408234503|408234505|408234507|408234509|408234511],Atlas/UI_Hero_Head,130005,-1,,3,30006,Head_10026,[130005|130005|130005|130005|130005],[408234503|408234505|408234507|408234509|408234511],[298|264],,300063,408234501,25,1,80026
300065,[130007|130007|130007|130007|130007|130007],[408234501|408234503|408234505|408234507|408234509|408234511],Atlas/UI_Hero_Head,130007,-1,,4,30006,Head_10024,[130007|130007|130007|130007|130007],[408234503|408234505|408234507|408234509|408234511],[363|379],,300064,408234501,25,1,80024
300066,[-1],[408234502|408234504|408234506|408234508|408234510|408234512],,-1,-1,,-1,30006,,,[408234504|408234506|408234508|408234510|408234512],[296|447],,300065,408234502,-1,2,-1
300067,[130011|130011|130011|130011|130011|130011],[408234501|408234503|408234505|408234507|408234509|408234511],Atlas/UI_Hero_Head,130011,-1,,5,30006,Head_10003,[130011|130011|130011|130011|130011],[408234503|408234505|408234507|408234509|408234511],[199|516],,300066,408234501,25,1,80003
300068,[130013|130013|130013|130013|130013|130013],[408234501|408234503|408234505|408234507|408234509|408234511],Atlas/UI_Hero_Head,130013,-1,,6,30006,Head_10038,[130013|130013|130013|130013|130013],[408234503|408234505|408234507|408234509|408234511],[268|600],,300067,408234501,25,1,80038
300069,[-1],[408234502|408234504|408234506|408234508|408234510|408234512],,-1,-1,,-1,30006,,,[408234504|408234506|408234508|408234510|408234512],[334|641],,300068,408234502,-1,2,-1
300070,[130015|130015|130015|130015|130015|130015],[408234501|408234503|408234505|408234507|408234509|408234511],Atlas/UI_Hero_Head,130015,1,,7,30006,Head_10037_skin2,[130015|130015|130015|130015|130015],[408234503|408234505|408234507|408234509|408234511],[469|680],,300069,408234501,35,1,87137
300071,[130001|130001|130001|130001|130001|130001],[408234501|408234503|408234505|408234507|408234509|408234511],Atlas/UI_Hero_Head,130001,-1,,1,30007,Head_10045_skin1,[130001|130001|130001|130001|130001],[408234503|408234505|408234507|408234509|408234511],[300|65],,-1,408234501,30,1,87145
300072,[-1],[408234502|408234504|408234506|408234508|408234510|408234512],,-1,-1,,-1,30007,,,[408234504|408234506|408234508|408234510|408234512],[346|168],,300071,408234502,-1,2,-1
300073,[130003|130003|130003|130003|130003|130003],[408234501|408234503|408234505|408234507|408234509|408234511],Atlas/UI_Monster_Head,130003,-1,,2,30007,Head_60209,[130003|130003|130003|130003|130003],[408234503|408234505|408234507|408234509|408234511],[229|193],,300072,408234501,30,1,71042
300074,[-1],[408234502|408234504|408234506|408234508|408234510|408234512],,-1,-1,,-1,30007,,,[408234504|408234506|408234508|408234510|408234512],[234|338],,300073,408234502,-1,2,-1
300075,[130005|130005|130005|130005|130005|130005],[408234501|408234503|408234505|408234507|408234509|408234511],Atlas/UI_Hero_Head,130005,-1,,3,30007,Head_10046_skin1,[130005|130005|130005|130005|130005],[408234503|408234505|408234507|408234509|408234511],[336|373],,300074,408234501,30,1,87146
300076,[-1],[408234502|408234504|408234506|408234508|408234510|408234512],,-1,-1,,-1,30007,,,[408234504|408234506|408234508|408234510|408234512],[474|445],,300075,408234502,-1,2,-1
300077,[130007|130007|130007|130007|130007|130007],[408234501|408234503|408234505|408234507|408234509|408234511],Atlas/UI_Monster_Head,130007,1,,4,30007,Head_71020,[130007|130007|130007|130007|130007],[408234503|408234505|408234507|408234509|408234511],[365|509],,300076,408234501,30,1,71041
400001,[140001],[77001],Atlas/UI_Monster_Head,140001,-1,,-1,40001,Head_64001,,,[328|118],,-1,77001,30,1,80018
400002,[-1],[-1],,-1,-1,,-1,40001,,,,[345|206],,400001,-1,-1,3,-1
400003,[140002],[77002],Atlas/UI_Monster_Head,140002,-1,,-1,40001,Head_64001,,,[442|206],,400002,77002,30,1,80024
400004,[-1],[-1],,-1,-1,,-1,40001,,,,[495|284],,400003,-1,-1,4,-1
400005,[140003],[77003],Atlas/UI_Monster_Head,140003,-1,,-1,40001,Head_64001,,,[292|306],,400002,77003,30,1,80025
400006,[140004],[77004],Atlas/UI_Monster_Head,140004,-1,,-1,40001,Head_64001,,,[334|410],,400005,77004,30,1,80032
400007,[140005],[77005],Atlas/UI_Monster_Head,140005,-1,,-1,40001,Head_64001,,,[240|432],,400006,77005,30,1,80027
400008,[-1],[-1],,-1,-1,,-1,40001,,,,[201|503],,400007,-1,-1,3,-1
400009,[140006],[77006],Atlas/UI_Monster_Head,140006,-1,,-1,40001,Head_64001,,,[439|503],,400006,77006,30,1,80031
400010,[140007],[77007],Atlas/UI_Monster_Head,140007,1,,-1,40001,Head_64001,,,[485|600],,400009,77007,30,1,80033
400101,[-1],[-1],,-1,-1,,-1,40002,,,,[322|81],,-1,-1,-1,4,-1
400102,[140101],[77101],Atlas/UI_Monster_Head,140101,-1,,-1,40002,Head_64001,,,[290|183],,400101,77101,30,1,80040
400103,[140102],[77102],Atlas/UI_Monster_Head,140102,-1,,-1,40002,Head_64001,,,[192|236],,400102,77102,30,1,80037
400104,[-1],[-1],,-1,-1,,-1,40002,,,,[192|322],,400103,-1,-1,3,-1
400105,[140103],[77103],Atlas/UI_Monster_Head,140103,-1,,-1,40002,Head_64001,,,[404|209],,400102,77103,30,1,80036
400106,[-1],[-1],,-1,-1,,-1,40002,,,,[404|296],,400105,-1,-1,3,-1
400107,[140104],[77104],Atlas/UI_Monster_Head,140104,-1,,-1,40002,Head_64001,,,[292|365],,400102,77104,30,1,80008
400108,[-1],[-1],,-1,-1,,-1,40002,,,,[322|477],,400107,-1,-1,3,-1
400109,[140105],[77105],Atlas/UI_Monster_Head,140105,-1,,-1,40002,Head_64001,,,[329|567],,400108,77105,30,1,80043
400110,[140106],[77106],Atlas/UI_Monster_Head,140106,1,,-1,40002,Head_64001,,,[268|638],,400109,77106,30,1,80046
400201,[-1],[-1],,-1,-1,,-1,40003,,,,[268|92],,-1,-1,-1,3,-1
400202,[140201],[77201],Atlas/UI_Monster_Head,140201,-1,,-1,40003,Head_64001,,,[272|194],,400201,77201,30,1,80017
400203,[140202],[77202],Atlas/UI_Monster_Head,140202,-1,,-1,40003,Head_64001,,,[432|179],,400202,77202,30,1,80039
400204,[-1],[-1],,-1,-1,,-1,40003,,,,[432|277],,400203,-1,-1,4,-1
400205,[-1],[-1],,-1,-1,,-1,40003,,,,[547|335],,400204,-1,-1,5,-1
400206,[-1],[-1],,-1,-1,,-1,40003,,,,[287|266],,400202,-1,-1,5,-1
400207,[140203],[77203],Atlas/UI_Monster_Head,140203,-1,,-1,40003,Head_64001,,,[329|372],,400206,77203,30,1,80046
400208,[140204],[77204],Atlas/UI_Monster_Head,140204,-1,,-1,40003,Head_64001,,,[421|408],,400207,77204,30,1,87031
400209,[-1],[-1],,-1,-1,,-1,40003,,,,[452|483],,400208,-1,-1,4,-1
400210,[-1],[-1],,-1,-1,,-1,40003,,,,[538|483],,400209,-1,-1,5,-1
400211,[140205],[77205],Atlas/UI_Monster_Head,140205,-1,,-1,40003,Head_64001,,,[235|494],,400207,77205,30,1,87035
400212,[-1],[-1],,-1,-1,,-1,40003,,,,[119|522],,400211,-1,-1,4,-1
400213,[-1],[-1],,-1,-1,,-1,40003,,,,[169|579],,400212,-1,-1,5,-1
400214,[140206],[77206],Atlas/UI_Monster_Head,140206,1,,-1,40003,Head_64001,,,[337|622],,400213,77206,30,1,80044
410001,[141001],[77301],Atlas/UI_Monster_Head,141001,-1,,-1,41001,Head_64001,,,[328|118],,-1,77301,30,1,80020
410002,[-1],[-1],,-1,-1,,-1,41001,,,,[345|206],,410001,-1,-1,3,-1
410003,[141002],[77302],Atlas/UI_Monster_Head,141002,-1,,-1,41001,Head_64001,,,[442|206],,410002,77302,30,1,80017
410004,[-1],[-1],,-1,-1,,-1,41001,,,,[495|284],,410003,-1,-1,4,-1
410005,[141003],[77303],Atlas/UI_Monster_Head,141003,-1,,-1,41001,Head_64001,,,[292|306],,410002,77303,30,1,80028
410006,[141004],[77304],Atlas/UI_Monster_Head,141004,-1,,-1,41001,Head_64001,,,[334|410],,410005,77304,30,1,80038
410007,[141005],[77305],Atlas/UI_Monster_Head,141005,-1,,-1,41001,Head_64001,,,[240|432],,410006,77305,30,1,80025
410008,[-1],[-1],,-1,-1,,-1,41001,,,,[201|503],,410007,-1,-1,3,-1
410009,[141006],[77306],Atlas/UI_Monster_Head,141006,-1,,-1,41001,Head_64001,,,[439|503],,410006,77306,30,1,80031
410010,[141007],[77307],Atlas/UI_Monster_Head,141007,1,,-1,41001,Head_64001,,,[485|600],,410009,77307,30,1,80041
410101,[-1],[-1],,-1,-1,,-1,41002,,,,[322|81],,-1,-1,-1,4,-1
410102,[141101],[77401],Atlas/UI_Monster_Head,141101,-1,,-1,41002,Head_64001,,,[290|183],,410101,77401,30,1,80017
410103,[141102],[77402],Atlas/UI_Monster_Head,141102,-1,,-1,41002,Head_64001,,,[192|236],,410102,77402,30,1,80031
410104,[-1],[-1],,-1,-1,,-1,41002,,,,[192|322],,410103,-1,-1,3,-1
410105,[141103],[77403],Atlas/UI_Monster_Head,141103,-1,,-1,41002,Head_64001,,,[404|209],,410102,77403,30,1,80030
410106,[-1],[-1],,-1,-1,,-1,41002,,,,[404|296],,410105,-1,-1,3,-1
410107,[141104],[77404],Atlas/UI_Monster_Head,141104,-1,,-1,41002,Head_64001,,,[292|365],,410102,77404,30,1,80027
410108,[-1],[-1],,-1,-1,,-1,41002,,,,[322|477],,410107,-1,-1,3,-1
410109,[141105],[77405],Atlas/UI_Monster_Head,141105,-1,,-1,41002,Head_64001,,,[329|567],,410108,77405,30,1,80045
410110,[141106],[77406],Atlas/UI_Monster_Head,141106,1,,-1,41002,Head_64001,,,[268|638],,410109,77406,30,1,80039
410201,[-1],[-1],,-1,-1,,-1,41003,,,,[268|92],,-1,-1,-1,4,-1
410202,[141201],[77501],Atlas/UI_Monster_Head,141201,-1,,-1,41003,Head_64001,,,[272|194],,410201,77501,30,1,80019
410203,[141202],[77502],Atlas/UI_Monster_Head,141202,-1,,-1,41003,Head_64001,,,[432|179],,410202,77502,30,1,80042
410204,[-1],[-1],,-1,-1,,-1,41003,,,,[432|277],,410203,-1,-1,4,-1
410205,[-1],[-1],,-1,-1,,-1,41003,,,,[547|335],,410204,-1,-1,5,-1
410206,[-1],[-1],,-1,-1,,-1,41003,,,,[287|266],,410202,-1,-1,5,-1
410207,[141203],[77503],Atlas/UI_Monster_Head,141203,-1,,-1,41003,Head_64001,,,[329|372],,410206,77503,30,1,87017
410208,[141204],[77504],Atlas/UI_Monster_Head,141204,-1,,-1,41003,Head_64001,,,[421|408],,410207,77504,30,1,87028
410209,[-1],[-1],,-1,-1,,-1,41003,,,,[452|483],,410208,-1,-1,4,-1
410210,[-1],[-1],,-1,-1,,-1,41003,,,,[538|483],,410209,-1,-1,5,-1
410211,[141205],[77505],Atlas/UI_Monster_Head,141205,-1,,-1,41003,Head_64001,,,[235|494],,410207,77505,30,1,80033
410212,[-1],[-1],,-1,-1,,-1,41003,,,,[119|522],,410211,-1,-1,4,-1
410213,[-1],[-1],,-1,-1,,-1,41003,,,,[169|579],,410212,-1,-1,5,-1
410214,[141206],[77506],Atlas/UI_Monster_Head,141206,1,,-1,41003,Head_64001,,,[337|622],,410213,77506,30,1,80043
411001,[141001],[77301],Atlas/UI_Monster_Head,141001,-1,,-1,41101,Head_64001,,,[328|118],,-1,77301,30,1,80020
411002,[-1],[-1],,-1,-1,,-1,41101,,,,[345|206],,411001,-1,-1,3,-1
411003,[141002],[77302],Atlas/UI_Monster_Head,141002,-1,,-1,41101,Head_64001,,,[442|206],,411002,77302,30,1,80017
411004,[-1],[-1],,-1,-1,,-1,41101,,,,[495|284],,411003,-1,-1,4,-1
411005,[141003],[77303],Atlas/UI_Monster_Head,141003,-1,,-1,41101,Head_64001,,,[292|306],,411002,77303,30,1,80028
411006,[141004],[77304],Atlas/UI_Monster_Head,141004,-1,,-1,41101,Head_64001,,,[334|410],,411005,77304,30,1,80038
411007,[141005],[77305],Atlas/UI_Monster_Head,141005,-1,,-1,41101,Head_64001,,,[240|432],,411006,77305,30,1,80025
411008,[-1],[-1],,-1,-1,,-1,41101,,,,[201|503],,411007,-1,-1,3,-1
411009,[141006],[77306],Atlas/UI_Monster_Head,141006,-1,,-1,41101,Head_64001,,,[439|503],,411006,77306,30,1,80031
411010,[141007],[77307],Atlas/UI_Monster_Head,141007,1,,-1,41101,Head_64001,,,[485|600],,411009,77307,30,1,80041
411101,[-1],[-1],,-1,-1,,-1,41102,,,,[322|81],,-1,-1,-1,4,-1
411102,[141101],[77401],Atlas/UI_Monster_Head,141101,-1,,-1,41102,Head_64001,,,[290|183],,411101,77401,30,1,80017
411103,[141102],[77402],Atlas/UI_Monster_Head,141102,-1,,-1,41102,Head_64001,,,[192|236],,411102,77402,30,1,80031
411104,[-1],[-1],,-1,-1,,-1,41102,,,,[192|322],,411103,-1,-1,3,-1
411105,[141103],[77403],Atlas/UI_Monster_Head,141103,-1,,-1,41102,Head_64001,,,[404|209],,411102,77403,30,1,80030
411106,[-1],[-1],,-1,-1,,-1,41102,,,,[404|296],,411105,-1,-1,3,-1
411107,[141104],[77404],Atlas/UI_Monster_Head,141104,-1,,-1,41102,Head_64001,,,[292|365],,411102,77404,30,1,80027
411108,[-1],[-1],,-1,-1,,-1,41102,,,,[322|477],,411107,-1,-1,3,-1
411109,[141105],[77405],Atlas/UI_Monster_Head,141105,-1,,-1,41102,Head_64001,,,[329|567],,411108,77405,30,1,80045
411110,[141106],[77406],Atlas/UI_Monster_Head,141106,1,,-1,41102,Head_64001,,,[268|638],,411109,77406,30,1,80039
411201,[-1],[-1],,-1,-1,,-1,41103,,,,[268|92],,-1,-1,-1,4,-1
411202,[141201],[77501],Atlas/UI_Monster_Head,141201,-1,,-1,41103,Head_64001,,,[272|194],,411201,77501,30,1,80019
411203,[141202],[77502],Atlas/UI_Monster_Head,141202,-1,,-1,41103,Head_64001,,,[432|179],,411202,77502,30,1,80042
411204,[-1],[-1],,-1,-1,,-1,41103,,,,[432|277],,411203,-1,-1,4,-1
411205,[-1],[-1],,-1,-1,,-1,41103,,,,[547|335],,411204,-1,-1,5,-1
411206,[-1],[-1],,-1,-1,,-1,41103,,,,[287|266],,411202,-1,-1,5,-1
411207,[141203],[77503],Atlas/UI_Monster_Head,141203,-1,,-1,41103,Head_64001,,,[329|372],,411206,77503,30,1,87017
411208,[141204],[77504],Atlas/UI_Monster_Head,141204,-1,,-1,41103,Head_64001,,,[421|408],,411207,77504,30,1,87028
411209,[-1],[-1],,-1,-1,,-1,41103,,,,[452|483],,411208,-1,-1,4,-1
411210,[-1],[-1],,-1,-1,,-1,41103,,,,[538|483],,411209,-1,-1,5,-1
411211,[141205],[77505],Atlas/UI_Monster_Head,141205,-1,,-1,41103,Head_64001,,,[235|494],,411207,77505,30,1,80033
411212,[-1],[-1],,-1,-1,,-1,41103,,,,[119|522],,411211,-1,-1,4,-1
411213,[-1],[-1],,-1,-1,,-1,41103,,,,[169|579],,411212,-1,-1,5,-1
411214,[141206],[77506],Atlas/UI_Monster_Head,141206,1,,-1,41103,Head_64001,,,[337|622],,411213,77506,30,1,80043
412001,[142001],[77601],Atlas/UI_Monster_Head,142001,-1,,-1,41201,Head_64001,,,[328|118],,-1,77601,30,1,80020
412002,[-1],[-1],,-1,-1,,-1,41201,,,,[345|206],,412001,-1,-1,3,-1
412003,[142002],[77602],Atlas/UI_Monster_Head,142002,-1,,-1,41201,Head_64001,,,[442|206],,412002,77602,30,1,80017
412004,[-1],[-1],,-1,-1,,-1,41201,,,,[495|284],,412003,-1,-1,4,-1
412005,[142003],[77603],Atlas/UI_Monster_Head,142003,-1,,-1,41201,Head_64001,,,[292|306],,412002,77603,30,1,80028
412006,[142004],[77604],Atlas/UI_Monster_Head,142004,-1,,-1,41201,Head_64001,,,[334|410],,412005,77604,30,1,80038
412007,[142005],[77605],Atlas/UI_Monster_Head,142005,-1,,-1,41201,Head_64001,,,[240|432],,412006,77605,30,1,80025
412008,[-1],[-1],,-1,-1,,-1,41201,,,,[201|503],,412007,-1,-1,3,-1
412009,[142006],[77606],Atlas/UI_Monster_Head,142006,-1,,-1,41201,Head_64001,,,[439|503],,412006,77606,30,1,80031
412010,[142007],[77607],Atlas/UI_Monster_Head,142007,1,,-1,41201,Head_64001,,,[485|600],,412009,77607,30,1,80041
412101,[-1],[-1],,-1,-1,,-1,41202,,,,[322|81],,-1,-1,-1,4,-1
412102,[142101],[77611],Atlas/UI_Monster_Head,142101,-1,,-1,41202,Head_64001,,,[290|183],,412101,77611,30,1,80017
412103,[142102],[77612],Atlas/UI_Monster_Head,142102,-1,,-1,41202,Head_64001,,,[192|236],,412102,77612,30,1,80031
412104,[-1],[-1],,-1,-1,,-1,41202,,,,[192|322],,412103,-1,-1,3,-1
412105,[142103],[77613],Atlas/UI_Monster_Head,142103,-1,,-1,41202,Head_64001,,,[404|209],,412102,77613,30,1,80030
412106,[-1],[-1],,-1,-1,,-1,41202,,,,[404|296],,412105,-1,-1,3,-1
412107,[142104],[77614],Atlas/UI_Monster_Head,142104,-1,,-1,41202,Head_64001,,,[292|365],,412102,77614,30,1,80027
412108,[-1],[-1],,-1,-1,,-1,41202,,,,[322|477],,412107,-1,-1,3,-1
412109,[142105],[77615],Atlas/UI_Monster_Head,142105,-1,,-1,41202,Head_64001,,,[329|567],,412108,77615,30,1,80045
412110,[142106],[77616],Atlas/UI_Monster_Head,142106,1,,-1,41202,Head_64001,,,[268|638],,412109,77616,30,1,80039
412201,[-1],[-1],,-1,-1,,-1,41203,,,,[268|92],,-1,-1,-1,4,-1
412202,[142201],[77621],Atlas/UI_Monster_Head,142201,-1,,-1,41203,Head_64001,,,[272|194],,412201,77621,30,1,80019
412203,[142202],[77622],Atlas/UI_Monster_Head,142202,-1,,-1,41203,Head_64001,,,[432|179],,412202,77622,30,1,80042
412204,[-1],[-1],,-1,-1,,-1,41203,,,,[432|277],,412203,-1,-1,4,-1
412205,[-1],[-1],,-1,-1,,-1,41203,,,,[547|335],,412204,-1,-1,5,-1
412206,[-1],[-1],,-1,-1,,-1,41203,,,,[287|266],,412202,-1,-1,5,-1
412207,[142203],[77623],Atlas/UI_Monster_Head,142203,-1,,-1,41203,Head_64001,,,[329|372],,412206,77623,30,1,87017
412208,[142204],[77624],Atlas/UI_Monster_Head,142204,-1,,-1,41203,Head_64001,,,[421|408],,412207,77624,30,1,87028
412209,[-1],[-1],,-1,-1,,-1,41203,,,,[452|483],,412208,-1,-1,4,-1
412210,[-1],[-1],,-1,-1,,-1,41203,,,,[538|483],,412209,-1,-1,5,-1
412211,[142205],[77625],Atlas/UI_Monster_Head,142205,-1,,-1,41203,Head_64001,,,[235|494],,412207,77625,30,1,80047
412212,[-1],[-1],,-1,-1,,-1,41203,,,,[119|522],,412211,-1,-1,4,-1
412213,[-1],[-1],,-1,-1,,-1,41203,,,,[169|579],,412212,-1,-1,5,-1
412214,[142206],[77626],Atlas/UI_Monster_Head,142206,1,,-1,41203,Head_64001,,,[337|622],,412213,77626,30,1,80043
413001,[143001],[77701],Atlas/UI_Monster_Head,143001,-1,,-1,41301,Head_64001,,,[328|118],,-1,77701,30,1,80020
413002,[-1],[-1],,-1,-1,,-1,41301,,,,[345|206],,413001,-1,-1,3,-1
413003,[143002],[77702],Atlas/UI_Monster_Head,143002,-1,,-1,41301,Head_64001,,,[442|206],,413002,77702,30,1,80017
413004,[-1],[-1],,-1,-1,,-1,41301,,,,[495|284],,413003,-1,-1,4,-1
413005,[143003],[77703],Atlas/UI_Monster_Head,143003,-1,,-1,41301,Head_64001,,,[292|306],,413002,77703,30,1,80028
413006,[143004],[77704],Atlas/UI_Monster_Head,143004,-1,,-1,41301,Head_64001,,,[334|410],,413005,77704,30,1,80038
413007,[143005],[77705],Atlas/UI_Monster_Head,143005,-1,,-1,41301,Head_64001,,,[240|432],,413006,77705,30,1,80025
413008,[-1],[-1],,-1,-1,,-1,41301,,,,[201|503],,413007,-1,-1,3,-1
413009,[143006],[77706],Atlas/UI_Monster_Head,143006,-1,,-1,41301,Head_64001,,,[439|503],,413006,77706,30,1,80031
413010,[143007],[77707],Atlas/UI_Monster_Head,143007,1,,-1,41301,Head_64001,,,[485|600],,413009,77707,30,1,80041
413101,[-1],[-1],,-1,-1,,-1,41302,,,,[322|81],,-1,-1,-1,4,-1
413102,[143101],[77711],Atlas/UI_Monster_Head,143101,-1,,-1,41302,Head_64001,,,[290|183],,413101,77711,30,1,80017
413103,[143102],[77712],Atlas/UI_Monster_Head,143102,-1,,-1,41302,Head_64001,,,[192|236],,413102,77712,30,1,80031
413104,[-1],[-1],,-1,-1,,-1,41302,,,,[192|322],,413103,-1,-1,3,-1
413105,[143103],[77713],Atlas/UI_Monster_Head,143103,-1,,-1,41302,Head_64001,,,[404|209],,413102,77713,30,1,80030
413106,[-1],[-1],,-1,-1,,-1,41302,,,,[404|296],,413105,-1,-1,3,-1
413107,[143104],[77714],Atlas/UI_Monster_Head,143104,-1,,-1,41302,Head_64001,,,[292|365],,413102,77714,30,1,80027
413108,[-1],[-1],,-1,-1,,-1,41302,,,,[322|477],,413107,-1,-1,3,-1
413109,[143105],[77715],Atlas/UI_Monster_Head,143105,-1,,-1,41302,Head_64001,,,[329|567],,413108,77715,30,1,80045
413110,[143106],[77716],Atlas/UI_Monster_Head,143106,1,,-1,41302,Head_64001,,,[268|638],,413109,77716,30,1,80039
413201,[-1],[-1],,-1,-1,,-1,41303,,,,[268|92],,-1,-1,-1,4,-1
413202,[143201],[77721],Atlas/UI_Monster_Head,143201,-1,,-1,41303,Head_64001,,,[272|194],,413201,77721,30,1,80019
413203,[143202],[77722],Atlas/UI_Monster_Head,143202,-1,,-1,41303,Head_64001,,,[432|179],,413202,77722,30,1,80042
413204,[-1],[-1],,-1,-1,,-1,41303,,,,[432|277],,413203,-1,-1,4,-1
413205,[-1],[-1],,-1,-1,,-1,41303,,,,[547|335],,413204,-1,-1,5,-1
413206,[-1],[-1],,-1,-1,,-1,41303,,,,[287|266],,413202,-1,-1,5,-1
413207,[143203],[77723],Atlas/UI_Monster_Head,143203,-1,,-1,41303,Head_64001,,,[329|372],,413206,77723,30,1,87017
413208,[143204],[77724],Atlas/UI_Monster_Head,143204,-1,,-1,41303,Head_64001,,,[421|408],,413207,77724,30,1,87028
413209,[-1],[-1],,-1,-1,,-1,41303,,,,[452|483],,413208,-1,-1,4,-1
413210,[-1],[-1],,-1,-1,,-1,41303,,,,[538|483],,413209,-1,-1,5,-1
413211,[143205],[77725],Atlas/UI_Monster_Head,143205,-1,,-1,41303,Head_64001,,,[235|494],,413207,77725,30,1,80033
413212,[-1],[-1],,-1,-1,,-1,41303,,,,[119|522],,413211,-1,-1,4,-1
413213,[-1],[-1],,-1,-1,,-1,41303,,,,[169|579],,413212,-1,-1,5,-1
413214,[143206],[77726],Atlas/UI_Monster_Head,143206,1,,-1,41303,Head_64001,,,[337|622],,413213,77726,30,1,80043
