id,box_quality,group,icon,max_chest_num,min_chest_num,refresh_weight,reward_id
1,1,1,box3,5,0,7,9260001
2,2,1,box2,5,1,23,9260002
3,3,1,box1,8,0,70,9260003
4,1,2,box3,5,0,7,9261001
5,2,2,box2,5,1,23,9261002
6,3,2,box1,8,0,70,9261003
7,1,3,box3,5,0,7,10114001
8,2,3,box2,5,1,23,10114002
9,3,3,box1,8,0,70,10114003
10,1,4,box3,5,0,7,10190001
11,2,4,box2,5,1,23,10190002
12,3,4,box1,8,0,70,10190003
13,1,5,box3,5,0,7,10260001
14,2,5,box2,5,1,23,10260002
15,3,5,box1,8,0,70,10260003
16,1,6,box3,5,0,7,10310001
17,2,6,box2,5,1,23,10310002
18,3,6,box1,8,0,70,10310003
19,1,7,box3,5,0,7,11012001
20,2,7,box2,5,1,23,11012002
21,3,7,box1,8,0,70,11012003
22,1,8,box3,5,0,7,11170001
23,2,8,box2,5,1,23,11170002
24,3,8,box1,8,0,70,11170003
25,1,9,box3,5,0,7,11290001
26,2,9,box2,5,1,23,11290002
27,3,9,box1,8,0,70,11290003
28,1,10,box3,5,0,7,11303001
29,2,10,box2,5,1,23,11303002
30,3,10,box1,8,0,70,11303003
31,1,11,box3,5,0,7,12080001
32,2,11,box2,5,1,23,12080002
33,3,11,box1,8,0,70,12080003
34,1,12,box3,5,0,7,12200101
35,2,12,box2,5,1,23,12200102
36,3,12,box1,8,0,70,12200103
37,1,13,box3,5,0,7,12210001
38,2,13,box2,5,1,23,12210002
39,3,13,box1,8,0,70,12210003
40,1,14,box3,5,0,7,12293001
41,2,14,box2,5,1,23,12293002
42,3,14,box1,8,0,70,12293003
43,1,15,box3,5,0,7,401045001
44,2,15,box2,5,1,23,401045002
45,3,15,box1,8,0,70,401045003
46,1,16,box3,5,0,7,401110901
47,2,16,box2,5,1,23,401110902
48,3,16,box1,8,0,70,401110903
49,1,17,box3,5,0,7,401187401
50,2,17,box2,5,1,23,401187402
51,3,17,box1,8,0,70,401187403
52,1,18,box3,5,0,7,401310001
53,2,18,box2,5,1,23,401310002
54,3,18,box1,8,0,70,401310003
55,1,19,box3,5,0,7,402020011
56,2,19,box2,5,1,23,402020012
57,3,19,box1,8,0,70,402020013
58,1,20,box3,5,0,7,402210101
59,2,20,box2,5,1,23,402210102
60,3,20,box1,8,0,70,402210103
61,1,21,box3,5,0,7,402227777
62,2,21,box2,5,1,23,402227778
63,3,21,box1,8,0,70,402227779
64,1,22,box3,5,0,7,403057501
65,2,22,box2,5,1,23,403057502
66,3,22,box1,8,0,70,403057503
67,1,23,box3,5,0,7,403080011
68,2,23,box2,5,1,23,403080012
69,3,23,box1,8,0,70,403080013
70,1,24,box3,5,0,7,403220011
71,2,24,box2,5,1,23,403220012
72,3,24,box1,8,0,70,403220013
73,1,25,box3,5,0,7,403271011
74,2,25,box2,5,1,23,403271012
75,3,25,box1,8,0,70,403271013
77,1,26,box3,5,0,7,404026001
78,2,26,box2,5,1,23,404026002
79,3,26,box1,8,0,70,404026003
80,1,27,box3,5,0,7,404020001
81,2,27,box2,5,1,23,404020002
82,3,27,box1,8,0,70,404020003
83,1,28,box3,5,0,7,404250001
84,2,28,box2,5,1,23,404250002
85,3,28,box1,8,0,70,404250003
86,1,29,box3,5,0,7,404256001
87,2,29,box2,5,1,23,404256002
88,3,29,box1,8,0,70,404256003
89,1,30,box3,5,0,7,405100001
90,2,30,box2,5,1,23,405100002
91,3,30,box1,8,0,70,405100003
92,1,31,box3,5,0,7,405247001
93,2,31,box2,5,1,23,405247002
94,3,31,box1,8,0,70,405247003
95,1,32,box3,5,0,7,405281101
96,2,32,box2,5,1,23,405281102
97,3,32,box1,8,0,70,405281103
98,1,33,box3,5,0,7,405301001
99,2,33,box2,5,1,23,405301002
100,3,33,box1,8,0,70,405301003
101,1,34,box3,5,0,7,406076101
102,2,34,box2,5,1,23,406076102
103,3,34,box1,8,0,70,406076103
104,1,35,box3,5,0,7,406146001
105,2,35,box2,5,1,23,406146002
106,3,35,box1,8,0,70,406146003
107,1,36,box3,5,0,7,406200001
108,2,36,box2,5,1,23,406200002
109,3,36,box1,8,0,70,406200003
110,1,37,box3,5,0,7,407050001
111,2,37,box2,5,1,23,407050002
112,3,37,box1,8,0,70,407050003
113,1,38,box3,5,0,7,407096001
114,2,38,box2,5,1,23,407096002
115,3,38,box1,8,0,70,407096003
116,1,39,box3,5,0,7,407120001
117,2,39,box2,5,1,23,407120002
118,3,39,box1,8,0,70,407120003
119,1,40,box3,5,0,7,407217001
120,2,40,box2,5,1,23,407217002
121,3,40,box1,8,0,70,407217003
122,1,41,box3,5,0,7,407237001
123,2,41,box2,5,1,23,407237002
124,3,41,box1,8,0,70,407237003
125,1,42,box3,5,0,7,407251011
126,2,42,box2,5,1,23,407251012
127,3,42,box1,8,0,70,407251013
128,1,43,box3,5,0,7,407257001
129,2,43,box2,5,1,23,407257002
130,3,43,box1,8,0,70,407257003
131,1,44,box3,5,0,7,407257101
132,2,44,box2,5,1,23,407257102
133,3,44,box1,8,0,70,407257103
134,1,45,box3,5,0,7,407265201
135,2,45,box2,5,1,23,407265202
136,3,45,box1,8,0,70,407265203
137,1,46,box3,5,0,7,408020001
138,2,46,box2,5,1,23,408020002
139,3,46,box1,8,0,70,408020003
140,1,47,box3,5,0,7,408095001
141,2,47,box2,5,1,23,408095002
142,3,47,box1,8,0,70,408095003
143,1,48,box3,5,0,7,408098001
144,2,48,box2,5,1,23,408098002
145,3,48,box1,8,0,70,408098003
146,1,49,box3,5,0,7,408215001
147,2,49,box2,5,1,23,408215002
148,3,49,box1,8,0,70,408215003
149,1,50,box3,5,0,7,408225001
150,2,50,box2,5,1,23,408225002
151,3,50,box1,8,0,70,408225003
152,1,51,box3,5,0,7,408225011
153,2,51,box2,5,1,23,408225012
154,3,51,box1,8,0,70,408225013
155,1,52,box3,5,0,7,408228001
156,2,52,box2,5,1,23,408228002
157,3,52,box1,8,0,70,408228003
158,1,53,box3,5,0,7,409025001
159,2,53,box2,5,1,23,409025002
160,3,53,box1,8,0,70,409025003
161,1,54,box3,5,0,7,409066001
162,2,54,box2,5,1,23,409066002
163,3,54,box1,8,0,70,409066003
164,1,55,box3,5,0,7,409110001
165,2,55,box2,5,1,23,409110002
166,3,55,box1,8,0,70,409110003
167,1,56,box3,5,0,7,409137001
168,2,56,box2,5,1,23,409137002
169,3,56,box1,8,0,70,409137003
170,1,57,box3,5,0,7,411200201
171,2,57,box2,5,1,23,411200202
172,3,57,box1,8,0,70,411200203
173,1,58,box3,5,0,7,412135001
174,2,58,box2,5,1,23,412135002
175,3,58,box1,8,0,70,412135003
176,1,59,box3,5,0,6,504070101
177,2,59,box2,5,1,24,504070102
178,3,59,box1,8,0,70,504070103
179,1,60,box3,5,0,7,504175001
180,2,60,box2,5,1,23,504175002
181,3,60,box1,8,0,70,504175003
182,1,61,box3,5,0,6,507220101
183,2,61,box2,5,1,24,507220102
184,3,61,box1,8,0,70,507220103
185,1,62,box3,5,0,6,603250351
186,2,62,box2,5,1,24,603250352
187,3,62,box1,8,0,70,603250353
