id,after_build_disappear_time,box_model,collection_time,day_max_times,effect_time,goods_id,map_march_max_time,model,move_speed_radius,name,normal_day_max_times,normal_max_reward,normal_per_car_max_times,normal_remain_time,normal_reward_group_id,reward_group_id,show_time,special_box_model,special_per_car_max_times,special_remain_time,special_reward,special_ui_banner,ui_banner
1,86400,[parade_floats_01|parade_floats_02|parade_floats_03],3,5,5,253,5,Effect/Sence/FX_nanguanche_1,[1|0.0005],,0,0,0,600,410314500,410314500,60,[parade_floats_01|parade_floats_02|parade_floats_03],1,3600,1,[banner_bubble_halloween|banner_bubble_halloween_2|banner_bubble_halloween_3],[banner_bubble_halloween|banner_bubble_halloween_2|banner_bubble_halloween_3]
2,86400,[parade_floats_02|parade_floats_03],3,5,5,253,5,Effect/Sence/FX_nanguanche_1,[1|0.0005],,20,60,20,1,410314501,410314500,220,[parade_floats_01],1,3600,5,[banner_bubble_halloween],[banner_bubble_halloween_2|banner_bubble_halloween_3]
3,86400,[parade_floats_05|parade_floats_05],3,5,5,255,5,Effect/Sence/FX_shengdanche_1,[1|0.0005],,20,60,20,1,410314501,412192301,220,[parade_floats_04],1,3600,5,[banner_bubble_christmas02],[banner_bubble_christmas01|banner_bubble_christmas01]
4,7200,[parade_floats_06],-1,5,5,-1,-1,,,,20,120,20,1,38661,38662,220,[parade_floats_07],1,3600,10,[banner_bubble_gouhuopaidui02],[banner_bubble_gouhuopaidui01]
5,3600,[Fx_baoshi01],3,5,5,-1,30,,,,20,2160,20,1,1444101,1444111,3600,[Fx_baoshi02],1,10,5,[banner_bubble_K1boss06],[banner_bubble_K1boss05]
6,3600,[Fx_baoshi01],3,5,5,-1,30,,,,20,2160,20,1,1444102,1444112,3600,[Fx_baoshi02],1,10,5,[banner_bubble_K1boss06],[banner_bubble_K1boss05]
7,3600,[Fx_baoshi01],3,5,5,-1,30,,,,20,2160,20,1,1444103,1444113,3600,[Fx_baoshi02],1,10,5,[banner_bubble_K1boss06],[banner_bubble_K1boss05]
8,3600,[Fx_baoshi02],3,20,5,512112002,30,,[3|0.05],,5,200,5,1,1444114,1444104,3600,[Fx_baoshi01],20,10,20,[banner_bubble_K1boss05],[banner_bubble_K1boss06]
9,3600,[Fx_baoshi02],3,20,5,512112002,30,,[3|0.05],,5,100,5,1,1444113,1444103,3600,[Fx_baoshi01],20,10,10,[banner_bubble_K1boss05],[banner_bubble_K1boss06]
