id,break_level,conversion_rate,cost,costs,decomposed_get,desc,desc_2,desc_parameter,extra,extras,fightforce,pet_break_scale,pet_id,pet_info_scale,pet_lv_max,pet_lv_min,pet_skin_id,quality,scene_scale,show_star,skill,skill_level,special
8310001,0,2000,,[],-1,,,,,[],1375,1,830001,1,20,0,56001,2,0.8,0,[8300101|8300102|8300103],[1|0|0],-1
8310002,1,2400,[1|0|1],[[1|0|1]],100,,,,,[],4400,1,830001,1,30,5,56001,2,0.8,1,[8300101|8300102|8300103],[1|0|0],-1
8310003,2,2800,[2|0|2],[[2|0|2]],300,,,,,[],9900,1,830001,1,40,10,56001,2,0.8,2,[8300101|8300102|8300103],[2|0|0],-1
8310004,3,3200,[2|0|3],[[2|0|3]],600,,,,,[],16800,1,830001,1,50,15,56001,2,0.8,3,[8300101|8300102|8300103],[2|0|0],-1
8310005,4,3600,[1|0|2],[[1|0|2]],800,,,,,[],27625,1,830001,1,60,20,56002,2,1.2,4,[8300101|8300102|8300103],[3|0|0],-1
8310006,5,4000,[2|0|3],[[2|0|3]],1100,,,,,[],39000,1,830001,1,60,25,56002,3,1.2,0,[8300101|8300102|8300103],[3|1|0],-1
8310007,6,4400,[2|0|4],[[2|0|4]],1500,,,,,[],56350,1,830001,1,60,30,56002,3,1.2,1,[8300101|8300102|8300103],[3|1|0],-1
8310008,7,4800,[2|0|5],[[2|0|5]],2000,,,,,[],72800,1,830001,1,60,35,56002,3,1.2,2,[8300101|8300102|8300103],[3|2|0],-1
8310009,8,5200,[1|0|5],[[1|0|5]],2500,,,,,[],97875,1,830001,1,60,40,56003,3,1,3,[8300101|8300102|8300103],[3|2|0],-1
8310010,9,5600,[2|0|6],[[2|0|6]],3100,,,,,[],120000,1,830001,1,60,45,56003,3,1,4,[8300101|8300102|8300103],[3|3|0],-1
8310011,10,6000,[2|0|8],[[2|0|8]],3900,,,,,[],144375,1,830001,1,60,50,56003,3,1,5,[8300101|8300102|8300103],[3|3|0],-1
8310012,11,6400,[1|0|10],[[1|0|10]],4900,,,,,[],182400,1,830001,1,60,55,56003,4,1,0,[8300101|8300102|8300103],[3|3|1],-1
8310013,12,6800,[1|0|4|2|0|5],[[1|0|4]|[2|0|5]],5800,,,,,[],213200,1,830001,1,70,55,56003,4,1,1,[8300101|8300102|8300103],[3|3|1],-1
8310014,13,7200,[1|0|4|2|0|5],[[1|0|4]|[2|0|5]],6700,,,,,[],235200,1,830001,1,70,55,56003,4,1,2,[8300101|8300102|8300103],[3|3|1],-1
8310015,14,7600,[1|0|5|2|0|10],[[1|0|5]|[2|0|10]],8200,,,,,[],258000,1,830001,1,80,60,56003,4,1,3,[8300101|8300102|8300103],[3|3|1],-1
8310016,15,8000,[1|0|5|2|0|10],[[1|0|5]|[2|0|10]],9700,,,,,[],281600,1,830001,1,80,65,56003,4,1,4,[8300101|8300102|8300103],[3|3|1],-1
8310017,16,8400,[1|0|5|2|0|15],[[1|0|5]|[2|0|15]],11700,,,,,[],306000,1,830001,1,90,70,56003,4,1,5,[8300101|8300102|8300103],[3|3|1],-1
8310018,17,8800,[1|0|5|2|0|20],[[1|0|5]|[2|0|20]],14200,,,,,[],331200,1,830001,1,90,75,56004,5,1,0,[8300101|8300102|8300103],[3|3|1],-1
8320001,0,2000,,[],-1,,,,,[],1375,1,830002,1,20,0,56011,2,0.6,0,[8300201|8300202|8300203],[1|0|0],-1
8320002,1,2400,[1|0|1],[[1|0|1]],100,,,,,[],4400,1,830002,1,30,5,56011,2,0.6,1,[8300201|8300202|8300203],[1|0|0],-1
8320003,2,2800,[2|0|2],[[2|0|2]],300,,,,,[],9900,1,830002,1,40,10,56011,2,0.6,2,[8300201|8300202|8300203],[2|0|0],-1
8320004,3,3200,[2|0|3],[[2|0|3]],600,,,,,[],16800,1,830002,1,50,15,56011,2,0.6,3,[8300201|8300202|8300203],[2|0|0],-1
8320005,4,3600,[1|0|2],[[1|0|2]],800,,,,,[],27625,1,830002,1,60,20,56012,2,0.8,4,[8300201|8300202|8300203],[3|0|0],-1
8320006,5,4000,[2|0|3],[[2|0|3]],1100,,,,,[],39000,1,830002,1,60,25,56012,3,0.8,0,[8300201|8300202|8300203],[3|1|0],-1
8320007,6,4400,[2|0|4],[[2|0|4]],1500,,,,,[],56350,1,830002,1,60,30,56012,3,0.8,1,[8300201|8300202|8300203],[3|1|0],-1
8320008,7,4800,[2|0|5],[[2|0|5]],2000,,,,,[],72800,1,830002,1,60,35,56012,3,0.8,2,[8300201|8300202|8300203],[3|2|0],-1
8320009,8,5200,[1|0|5],[[1|0|5]],2500,,,,,[],97875,1,830002,1,60,40,56013,3,1,3,[8300201|8300202|8300203],[3|2|0],-1
8320010,9,5600,[2|0|6],[[2|0|6]],3100,,,,,[],120000,1,830002,1,60,45,56013,3,1,4,[8300201|8300202|8300203],[3|3|0],-1
8320011,10,6000,[2|0|8],[[2|0|8]],3900,,,,,[],144375,1,830002,1,60,50,56013,3,1,5,[8300201|8300202|8300203],[3|3|0],-1
8320012,11,6400,[1|0|10],[[1|0|10]],4900,,,,,[],182400,1,830002,1,60,55,56013,4,1,0,[8300201|8300202|8300203],[3|3|1],-1
8320013,12,6800,[1|0|4|2|0|5],[[1|0|4]|[2|0|5]],5800,,,,,[],213200,1,830002,1,70,55,56013,4,1,1,[8300201|8300202|8300203],[3|3|1],-1
8320014,13,7200,[1|0|4|2|0|5],[[1|0|4]|[2|0|5]],6700,,,,,[],235200,1,830002,1,70,55,56013,4,1,2,[8300201|8300202|8300203],[3|3|1],-1
8320015,14,7600,[1|0|5|2|0|10],[[1|0|5]|[2|0|10]],8200,,,,,[],258000,1,830002,1,80,60,56013,4,1,3,[8300201|8300202|8300203],[3|3|1],-1
8320016,15,8000,[1|0|5|2|0|10],[[1|0|5]|[2|0|10]],9700,,,,,[],281600,1,830002,1,80,65,56013,4,1,4,[8300201|8300202|8300203],[3|3|1],-1
8320017,16,8400,[1|0|5|2|0|15],[[1|0|5]|[2|0|15]],11700,,,,,[],306000,1,830002,1,90,70,56013,4,1,5,[8300201|8300202|8300203],[3|3|1],-1
8320018,17,8800,[1|0|5|2|0|20],[[1|0|5]|[2|0|20]],14200,,,,,[],331200,1,830002,1,90,75,56014,5,1,0,[8300201|8300202|8300203],[3|3|1],-1
8330001,0,2000,,[],-1,,,,,[],1375,2,830003,2,20,0,56021,2,2,0,[8300301|8300302|8300303],[1|0|0],-1
8330002,1,2400,[1|0|1],[[1|0|1]],100,,,,,[],4400,2,830003,2,30,5,56021,2,2,1,[8300301|8300302|8300303],[1|0|0],-1
8330003,2,2800,[2|0|2],[[2|0|2]],300,,,,,[],9900,2,830003,2,40,10,56021,2,2,2,[8300301|8300302|8300303],[2|0|0],-1
8330004,3,3200,[2|0|3],[[2|0|3]],600,,,,,[],16800,2,830003,2,50,15,56021,2,2,3,[8300301|8300302|8300303],[2|0|0],-1
8330005,4,3600,[1|0|2],[[1|0|2]],800,,,,,[],27625,2,830003,2,60,20,56022,2,2,4,[8300301|8300302|8300303],[3|0|0],-1
8330006,5,4000,[2|0|3],[[2|0|3]],1100,,,,,[],39000,2,830003,2,60,25,56022,3,2,0,[8300301|8300302|8300303],[3|1|0],-1
8330007,6,4400,[2|0|4],[[2|0|4]],1500,,,,,[],56350,2,830003,2,60,30,56022,3,2,1,[8300301|8300302|8300303],[3|1|0],-1
8330008,7,4800,[2|0|5],[[2|0|5]],2000,,,,,[],72800,2,830003,2,60,35,56022,3,2,2,[8300301|8300302|8300303],[3|2|0],-1
8330009,8,5200,[1|0|5],[[1|0|5]],2500,,,,,[],97875,2,830003,2,60,40,56023,3,2,3,[8300301|8300302|8300303],[3|2|0],-1
8330010,9,5600,[2|0|6],[[2|0|6]],3100,,,,,[],120000,2,830003,2,60,45,56023,3,2,4,[8300301|8300302|8300303],[3|3|0],-1
8330011,10,6000,[2|0|8],[[2|0|8]],3900,,,,,[],144375,2,830003,2,60,50,56023,3,2,5,[8300301|8300302|8300303],[3|3|0],-1
8330012,11,6400,[1|0|10],[[1|0|10]],4900,,,,,[],182400,2,830003,2,60,55,56023,4,2,0,[8300301|8300302|8300303],[3|3|1],-1
8330013,12,6800,[1|0|4|2|0|5],[[1|0|4]|[2|0|5]],5800,,,,,[],213200,2,830003,2,70,55,56023,4,2,1,[8300301|8300302|8300303],[3|3|1],-1
8330014,13,7200,[1|0|4|2|0|5],[[1|0|4]|[2|0|5]],6700,,,,,[],235200,2,830003,2,70,55,56023,4,2,2,[8300301|8300302|8300303],[3|3|1],-1
8330015,14,7600,[1|0|5|2|0|10],[[1|0|5]|[2|0|10]],8200,,,,,[],258000,2,830003,2,80,60,56023,4,2,3,[8300301|8300302|8300303],[3|3|1],-1
8330016,15,8000,[1|0|5|2|0|10],[[1|0|5]|[2|0|10]],9700,,,,,[],281600,2,830003,2,80,65,56023,4,2,4,[8300301|8300302|8300303],[3|3|1],-1
8330017,16,8400,[1|0|5|2|0|15],[[1|0|5]|[2|0|15]],11700,,,,,[],306000,2,830003,2,90,70,56023,4,2,5,[8300301|8300302|8300303],[3|3|1],-1
8330018,17,8800,[1|0|5|2|0|20],[[1|0|5]|[2|0|20]],14200,,,,,[],331200,2,830003,2,90,75,56024,5,2,0,[8300301|8300302|8300303],[3|3|1],-1
8410005,5,3600,,[],-1,,,,,[],6675,1.2,840001,1.2,35,0,56031,3,1.2,0,[8400101|8400102|8400103|8400104],[1|1|0|0],-1
8410006,6,4000,[1|5|1],[[1|5|1]],600,,,,,[],21360,1.2,840001,1.2,40,10,56031,3,1.2,1,[8400101|8400102|8400103|8400104],[1|1|0|0],-1
8410007,7,4400,[2|5|3],[[2|5|3]],2400,,,,,[],48180,1.2,840001,1.2,45,20,56031,3,1.2,2,[8400101|8400102|8400103|8400104],[2|1|0|0],-1
8410008,8,4800,[1|5|1],[[1|5|1]],3000,,,,,[],81760,1.2,840001,1.2,50,30,56031,3,1.2,3,[8400101|8400102|8400103|8400104],[2|2|0|0],-1
8410009,9,5200,[2|5|3],[[2|5|3]],4800,,,,,[],134725,1.2,840001,1.2,55,35,56032,3,1.2,4,[8400101|8400102|8400103|8400104],[3|2|0|0],-1
8410010,10,5600,[1|5|1|2|5|5],[[1|5|1]|[2|5|5]],8400,,,,,[],190200,1.2,840001,1.2,60,40,56032,3,1.2,5,[8400101|8400102|8400103|8400104],[3|3|0|0],-1
8410011,11,6000,[1|5|1|2|5|5],[[1|5|1]|[2|5|5]],12000,,,,,[],275310,1.2,840001,1.2,70,45,56032,4,1.2,0,[8400101|8400102|8400103|8400104],[3|3|1|0],-1
8410012,12,6400,[1|5|2|2|5|5],[[1|5|2]|[2|5|5]],16200,,,,,[],355680,1.2,840001,1.2,80,50,56032,4,1.2,1,[8400101|8400102|8400103|8400104],[4|3|1|0],-1
8410013,13,6800,[1|5|2|2|5|10],[[1|5|2]|[2|5|10]],23400,,,,,[],478935,1.2,840001,1.2,90,55,56033,4,1.2,2,[8400101|8400102|8400103|8400104],[4|3|2|0],-1
8410014,14,7200,[1|5|3|2|5|10],[[1|5|3]|[2|5|10]],31200,,,,,[],587200,1.2,840001,1.2,90,60,56033,4,1.2,3,[8400101|8400102|8400103|8400104],[4|4|2|0],-1
8410015,15,7600,[1|5|3|2|5|15],[[1|5|3]|[2|5|15]],42000,,,,,[],706475,1.2,840001,1.2,90,65,56033,4,1.2,4,[8400101|8400102|8400103|8400104],[4|4|2|0],-1
8410016,16,8000,[1|5|4|2|5|15],[[1|5|4]|[2|5|15]],53400,,,,,[],893760,1.2,840001,1.2,90,70,56033,4,1.2,5,[8400101|8400102|8400103|8400104],[4|4|3|0],-1
8410017,17,8400,[1|5|5|2|5|15],[[1|5|5]|[2|5|15]],65400,,,,,[],1044680,1.2,840001,1.2,90,75,56033,5,1.2,0,[8400101|8400102|8400103|8400104],[4|4|3|1],-1
8410018,18,8800,[1|5|3|2|5|10],[[1|5|3]|[2|5|10]],73200,,,,,[],1152480,1.2,840001,1.2,95,80,56033,5,1.2,1,[8400101|8400102|8400103|8400104],[4|4|3|1],-1
8410019,19,9200,[1|5|4|2|5|15],[[1|5|4]|[2|5|15]],84600,,,,,[],1264200,1.2,840001,1.2,100,80,56033,5,1.2,2,[8400101|8400102|8400103|8400104],[4|4|3|1],-1
8410020,20,9600,[1|5|5|2|5|20],[[1|5|5]|[2|5|20]],99600,,,,,[],1379840,1.2,840001,1.2,105,85,56033,5,1.2,3,[8400101|8400102|8400103|8400104],[4|4|3|1],-1
8410021,21,10000,[1|5|6|2|5|20],[[1|5|6]|[2|5|20]],115200,,,,,[],1499400,1.2,840001,1.2,110,85,56033,5,1.2,4,[8400101|8400102|8400103|8400104],[4|4|3|1],-1
8410022,22,10400,[1|5|8|2|5|30],[[1|5|8]|[2|5|30]],138000,,,,,[],1622880,1.2,840001,1.2,115,90,56033,5,1.2,5,[8400101|8400102|8400103|8400104],[4|4|3|1],-1
8410023,23,10800,[1|5|8|2|5|30],[[1|5|8]|[2|5|30]],160800,,,,,[],1750280,1.2,840001,1.2,120,95,56034,6,1.2,0,[8400101|8400102|8400103|8400104],[4|4|3|1],-1
8420005,5,3600,,[],-1,,,,,[],6675,0.9,840002,0.9,35,0,56041,3,0.9,0,[8400301|8400302|8400303|8400304],[1|1|0|0],-1
8420006,6,4000,[1|5|1],[[1|5|1]],600,,,,,[],21360,0.9,840002,0.9,40,10,56041,3,0.9,1,[8400301|8400302|8400303|8400304],[1|1|0|0],-1
8420007,7,4400,[2|5|3],[[2|5|3]],2400,,,,,[],48180,0.9,840002,0.9,45,20,56041,3,0.9,2,[8400301|8400302|8400303|8400304],[2|1|0|0],-1
8420008,8,4800,[1|5|1],[[1|5|1]],3000,,,,,[],81760,0.9,840002,0.9,50,30,56041,3,0.9,3,[8400301|8400302|8400303|8400304],[2|2|0|0],-1
8420009,9,5200,[2|5|3],[[2|5|3]],4800,,,,,[],134725,0.9,840002,0.9,55,35,56042,3,0.9,4,[8400301|8400302|8400303|8400304],[3|2|0|0],-1
8420010,10,5600,[1|5|1|2|5|5],[[1|5|1]|[2|5|5]],8400,,,,,[],190200,0.9,840002,0.9,60,40,56042,3,0.9,5,[8400301|8400302|8400303|8400304],[3|3|0|0],-1
8420011,11,6000,[1|5|1|2|5|5],[[1|5|1]|[2|5|5]],12000,,,,,[],275310,0.9,840002,0.9,70,45,56042,4,0.9,0,[8400301|8400302|8400303|8400304],[3|3|1|0],-1
8420012,12,6400,[1|5|2|2|5|5],[[1|5|2]|[2|5|5]],16200,,,,,[],355680,0.9,840002,0.9,80,50,56042,4,0.9,1,[8400301|8400302|8400303|8400304],[4|3|1|0],-1
8420013,13,6800,[1|5|2|2|5|10],[[1|5|2]|[2|5|10]],23400,,,,,[],478935,0.9,840002,0.9,90,55,56043,4,0.9,2,[8400301|8400302|8400303|8400304],[4|3|2|0],-1
8420014,14,7200,[1|5|3|2|5|10],[[1|5|3]|[2|5|10]],31200,,,,,[],587200,0.9,840002,0.9,90,60,56043,4,0.9,3,[8400301|8400302|8400303|8400304],[4|4|2|0],-1
8420015,15,7600,[1|5|3|2|5|15],[[1|5|3]|[2|5|15]],42000,,,,,[],706475,0.9,840002,0.9,90,65,56043,4,0.9,4,[8400301|8400302|8400303|8400304],[4|4|2|0],-1
8420016,16,8000,[1|5|4|2|5|15],[[1|5|4]|[2|5|15]],53400,,,,,[],893760,0.9,840002,0.9,90,70,56043,4,0.9,5,[8400301|8400302|8400303|8400304],[4|4|3|0],-1
8420017,17,8400,[1|5|5|2|5|15],[[1|5|5]|[2|5|15]],65400,,,,,[],1044680,0.9,840002,0.9,90,75,56043,5,0.9,0,[8400301|8400302|8400303|8400304],[4|4|3|1],-1
8420018,18,8800,[1|5|3|2|5|10],[[1|5|3]|[2|5|10]],73200,,,,,[],1152480,0.9,840002,0.9,95,80,56043,5,0.9,1,[8400301|8400302|8400303|8400304],[4|4|3|1],-1
8420019,19,9200,[1|5|4|2|5|15],[[1|5|4]|[2|5|15]],84600,,,,,[],1264200,0.9,840002,0.9,100,80,56043,5,0.9,2,[8400301|8400302|8400303|8400304],[4|4|3|1],-1
8420020,20,9600,[1|5|5|2|5|20],[[1|5|5]|[2|5|20]],99600,,,,,[],1379840,0.9,840002,0.9,105,85,56043,5,0.9,3,[8400301|8400302|8400303|8400304],[4|4|3|1],-1
8420021,21,10000,[1|5|6|2|5|20],[[1|5|6]|[2|5|20]],115200,,,,,[],1499400,0.9,840002,0.9,110,85,56043,5,0.9,4,[8400301|8400302|8400303|8400304],[4|4|3|1],-1
8420022,22,10400,[1|5|8|2|5|30],[[1|5|8]|[2|5|30]],138000,,,,,[],1622880,0.9,840002,0.9,115,90,56043,5,0.9,5,[8400301|8400302|8400303|8400304],[4|4|3|1],-1
8420023,23,10800,[1|5|8|2|5|30],[[1|5|8]|[2|5|30]],160800,,,,,[],1750280,0.9,840002,0.9,120,95,56044,6,0.9,0,[8400301|8400302|8400303|8400304],[4|4|3|1],-1
8430005,5,3600,,[],-1,,,,,[],6675,1,840003,1,35,0,56051,3,1,0,[8400201|8400202|8400203|8400204],[1|1|0|0],-1
8430006,6,4000,[1|5|1],[[1|5|1]],600,,,,,[],21360,1,840003,1,40,10,56051,3,1,1,[8400201|8400202|8400203|8400204],[1|1|0|0],-1
8430007,7,4400,[2|5|3],[[2|5|3]],2400,,,,,[],48180,1,840003,1,45,20,56051,3,1,2,[8400201|8400202|8400203|8400204],[2|1|0|0],-1
8430008,8,4800,[1|5|1],[[1|5|1]],3000,,,,,[],81760,1,840003,1,50,30,56051,3,1,3,[8400201|8400202|8400203|8400204],[2|2|0|0],-1
8430009,9,5200,[2|5|3],[[2|5|3]],4800,,,,,[],134725,1,840003,1,55,35,56052,3,1,4,[8400201|8400202|8400203|8400204],[3|2|0|0],-1
8430010,10,5600,[1|5|1|2|5|5],[[1|5|1]|[2|5|5]],8400,,,,,[],190200,1,840003,1,60,40,56052,3,1,5,[8400201|8400202|8400203|8400204],[3|3|0|0],-1
8430011,11,6000,[1|5|1|2|5|5],[[1|5|1]|[2|5|5]],12000,,,,,[],275310,1,840003,1,70,45,56052,4,1,0,[8400201|8400202|8400203|8400204],[3|3|1|0],-1
8430012,12,6400,[1|5|2|2|5|5],[[1|5|2]|[2|5|5]],16200,,,,,[],355680,1,840003,1,80,50,56052,4,1,1,[8400201|8400202|8400203|8400204],[4|3|1|0],-1
8430013,13,6800,[1|5|2|2|5|10],[[1|5|2]|[2|5|10]],23400,,,,,[],478935,1,840003,1,90,55,56053,4,1,2,[8400201|8400202|8400203|8400204],[4|3|2|0],-1
8430014,14,7200,[1|5|3|2|5|10],[[1|5|3]|[2|5|10]],31200,,,,,[],587200,1,840003,1,90,60,56053,4,1,3,[8400201|8400202|8400203|8400204],[4|4|2|0],-1
8430015,15,7600,[1|5|3|2|5|15],[[1|5|3]|[2|5|15]],42000,,,,,[],706475,1,840003,1,90,65,56053,4,1,4,[8400201|8400202|8400203|8400204],[4|4|2|0],-1
8430016,16,8000,[1|5|4|2|5|15],[[1|5|4]|[2|5|15]],53400,,,,,[],893760,1,840003,1,90,70,56053,4,1,5,[8400201|8400202|8400203|8400204],[4|4|3|0],-1
8430017,17,8400,[1|5|5|2|5|15],[[1|5|5]|[2|5|15]],65400,,,,,[],1044680,1,840003,1,90,75,56053,5,1,0,[8400201|8400202|8400203|8400204],[4|4|3|1],-1
8430018,18,8800,[1|5|3|2|5|10],[[1|5|3]|[2|5|10]],73200,,,,,[],1152480,1,840003,1,95,80,56053,5,1,1,[8400201|8400202|8400203|8400204],[4|4|3|1],-1
8430019,19,9200,[1|5|4|2|5|15],[[1|5|4]|[2|5|15]],84600,,,,,[],1264200,1,840003,1,100,80,56053,5,1,2,[8400201|8400202|8400203|8400204],[4|4|3|1],-1
8430020,20,9600,[1|5|5|2|5|20],[[1|5|5]|[2|5|20]],99600,,,,,[],1379840,1,840003,1,105,85,56053,5,1,3,[8400201|8400202|8400203|8400204],[4|4|3|1],-1
8430021,21,10000,[1|5|6|2|5|20],[[1|5|6]|[2|5|20]],115200,,,,,[],1499400,1,840003,1,110,85,56053,5,1,4,[8400201|8400202|8400203|8400204],[4|4|3|1],-1
8430022,22,10400,[1|5|8|2|5|30],[[1|5|8]|[2|5|30]],138000,,,,,[],1622880,1,840003,1,115,90,56053,5,1,5,[8400201|8400202|8400203|8400204],[4|4|3|1],-1
8430023,23,10800,[1|5|8|2|5|30],[[1|5|8]|[2|5|30]],160800,,,,,[],1750280,1,840003,1,120,95,56054,6,1,0,[8400201|8400202|8400203|8400204],[4|4|3|1],-1
8440005,5,3600,,[],-1,,,,,[],6675,2,840004,2,35,0,56061,3,2,0,[8400401|8400402|8400403|8400404],[1|1|0|0],-1
8440006,6,4000,[1|5|1],[[1|5|1]],600,,,,,[],21360,2,840004,2,40,10,56061,3,2,1,[8400401|8400402|8400403|8400404],[1|1|0|0],-1
8440007,7,4400,[2|5|3],[[2|5|3]],2400,,,,,[],48180,2,840004,2,45,20,56061,3,2,2,[8400401|8400402|8400403|8400404],[2|1|0|0],-1
8440008,8,4800,[1|5|1],[[1|5|1]],3000,,,,,[],81760,2,840004,2,50,30,56061,3,2,3,[8400401|8400402|8400403|8400404],[2|2|0|0],-1
8440009,9,5200,[2|5|3],[[2|5|3]],4800,,,,,[],134725,2,840004,2,55,35,56062,3,2,4,[8400401|8400402|8400403|8400404],[3|2|0|0],-1
8440010,10,5600,[1|5|1|2|5|5],[[1|5|1]|[2|5|5]],8400,,,,,[],190200,2,840004,2,60,40,56062,3,2,5,[8400401|8400402|8400403|8400404],[3|3|0|0],-1
8440011,11,6000,[1|5|1|2|5|5],[[1|5|1]|[2|5|5]],12000,,,,,[],275310,2,840004,2,70,45,56062,4,2,0,[8400401|8400402|8400403|8400404],[3|3|1|0],-1
8440012,12,6400,[1|5|2|2|5|5],[[1|5|2]|[2|5|5]],16200,,,,,[],355680,2,840004,2,80,50,56062,4,2,1,[8400401|8400402|8400403|8400404],[4|3|1|0],-1
8440013,13,6800,[1|5|2|2|5|10],[[1|5|2]|[2|5|10]],23400,,,,,[],478935,2,840004,2,90,55,56063,4,2,2,[8400401|8400402|8400403|8400404],[4|3|2|0],-1
8440014,14,7200,[1|5|3|2|5|10],[[1|5|3]|[2|5|10]],31200,,,,,[],587200,2,840004,2,90,60,56063,4,2,3,[8400401|8400402|8400403|8400404],[4|4|2|0],-1
8440015,15,7600,[1|5|3|2|5|15],[[1|5|3]|[2|5|15]],42000,,,,,[],706475,2,840004,2,90,65,56063,4,2,4,[8400401|8400402|8400403|8400404],[4|4|2|0],-1
8440016,16,8000,[1|5|4|2|5|15],[[1|5|4]|[2|5|15]],53400,,,,,[],893760,2,840004,2,90,70,56063,4,2,5,[8400401|8400402|8400403|8400404],[4|4|3|0],-1
8440017,17,8400,[1|5|5|2|5|15],[[1|5|5]|[2|5|15]],65400,,,,,[],1044680,2,840004,2,90,75,56063,5,2,0,[8400401|8400402|8400403|8400404],[4|4|3|1],-1
8440018,18,8800,[1|5|3|2|5|10],[[1|5|3]|[2|5|10]],73200,,,,,[],1152480,2,840004,2,95,80,56063,5,2,1,[8400401|8400402|8400403|8400404],[4|4|3|1],-1
8440019,19,9200,[1|5|4|2|5|15],[[1|5|4]|[2|5|15]],84600,,,,,[],1264200,2,840004,2,100,80,56063,5,2,2,[8400401|8400402|8400403|8400404],[4|4|3|1],-1
8440020,20,9600,[1|5|5|2|5|20],[[1|5|5]|[2|5|20]],99600,,,,,[],1379840,2,840004,2,105,85,56063,5,2,3,[8400401|8400402|8400403|8400404],[4|4|3|1],-1
8440021,21,10000,[1|5|6|2|5|20],[[1|5|6]|[2|5|20]],115200,,,,,[],1499400,2,840004,2,110,85,56063,5,2,4,[8400401|8400402|8400403|8400404],[4|4|3|1],-1
8440022,22,10400,[1|5|8|2|5|30],[[1|5|8]|[2|5|30]],138000,,,,,[],1622880,2,840004,2,115,90,56063,5,2,5,[8400401|8400402|8400403|8400404],[4|4|3|1],-1
8440023,23,10800,[1|5|8|2|5|30],[[1|5|8]|[2|5|30]],160800,,,,,[],1750280,2,840004,2,120,95,56064,6,2,0,[8400401|8400402|8400403|8400404],[4|4|3|1],-1
8450005,5,3600,,[],-1,,,,,[],6675,1,840005,1,35,0,56071,3,0.7,0,[8400501|8400502|8400503|8400504],[1|1|0|0],-1
8450006,6,4000,[1|5|1],[[1|5|1]],600,,,,,[],21360,1,840005,1,40,10,56071,3,0.7,1,[8400501|8400502|8400503|8400504],[1|1|0|0],-1
8450007,7,4400,[2|5|3],[[2|5|3]],2400,,,,,[],48180,1,840005,1,45,20,56071,3,0.7,2,[8400501|8400502|8400503|8400504],[2|1|0|0],-1
8450008,8,4800,[1|5|1],[[1|5|1]],3000,,,,,[],81760,1,840005,1,50,30,56071,3,0.7,3,[8400501|8400502|8400503|8400504],[2|2|0|0],-1
8450009,9,5200,[2|5|3],[[2|5|3]],4800,,,,,[],134725,1,840005,1,55,35,56072,3,0.7,4,[8400501|8400502|8400503|8400504],[3|2|0|0],-1
8450010,10,5600,[1|5|1|2|5|5],[[1|5|1]|[2|5|5]],8400,,,,,[],190200,1,840005,1,60,40,56072,3,0.7,5,[8400501|8400502|8400503|8400504],[3|3|0|0],-1
8450011,11,6000,[1|5|1|2|5|5],[[1|5|1]|[2|5|5]],12000,,,,,[],275310,1,840005,1,70,45,56072,4,0.7,0,[8400501|8400502|8400503|8400504],[3|3|1|0],-1
8450012,12,6400,[1|5|2|2|5|5],[[1|5|2]|[2|5|5]],16200,,,,,[],355680,1,840005,1,80,50,56072,4,0.7,1,[8400501|8400502|8400503|8400504],[4|3|1|0],-1
8450013,13,6800,[1|5|2|2|5|10],[[1|5|2]|[2|5|10]],23400,,,,,[],478935,1,840005,1,90,55,56073,4,0.7,2,[8400501|8400502|8400503|8400504],[4|3|2|0],-1
8450014,14,7200,[1|5|3|2|5|10],[[1|5|3]|[2|5|10]],31200,,,,,[],587200,1,840005,1,90,60,56073,4,0.7,3,[8400501|8400502|8400503|8400504],[4|4|2|0],-1
8450015,15,7600,[1|5|3|2|5|15],[[1|5|3]|[2|5|15]],42000,,,,,[],706475,1,840005,1,90,65,56073,4,0.7,4,[8400501|8400502|8400503|8400504],[4|4|2|0],-1
8450016,16,8000,[1|5|4|2|5|15],[[1|5|4]|[2|5|15]],53400,,,,,[],893760,1,840005,1,90,70,56073,4,0.7,5,[8400501|8400502|8400503|8400504],[4|4|3|0],-1
8450017,17,8400,[1|5|5|2|5|15],[[1|5|5]|[2|5|15]],65400,,,,,[],1044680,1,840005,1,90,75,56073,5,0.7,0,[8400501|8400502|8400503|8400504],[4|4|3|1],-1
8450018,18,8800,[1|5|3|2|5|10],[[1|5|3]|[2|5|10]],73200,,,,,[],1152480,1,840005,1,95,80,56073,5,0.7,1,[8400501|8400502|8400503|8400504],[4|4|3|1],-1
8450019,19,9200,[1|5|4|2|5|15],[[1|5|4]|[2|5|15]],84600,,,,,[],1264200,1,840005,1,100,80,56073,5,0.7,2,[8400501|8400502|8400503|8400504],[4|4|3|1],-1
8450020,20,9600,[1|5|5|2|5|20],[[1|5|5]|[2|5|20]],99600,,,,,[],1379840,1,840005,1,105,85,56073,5,0.7,3,[8400501|8400502|8400503|8400504],[4|4|3|1],-1
8450021,21,10000,[1|5|6|2|5|20],[[1|5|6]|[2|5|20]],115200,,,,,[],1499400,1,840005,1,110,85,56073,5,0.7,4,[8400501|8400502|8400503|8400504],[4|4|3|1],-1
8450022,22,10400,[1|5|8|2|5|30],[[1|5|8]|[2|5|30]],138000,,,,,[],1622880,1,840005,1,115,90,56073,5,0.7,5,[8400501|8400502|8400503|8400504],[4|4|3|1],-1
8450023,23,10800,[1|5|8|2|5|30],[[1|5|8]|[2|5|30]],160800,,,,,[],1750280,1,840005,1,120,95,56074,6,0.7,0,[8400501|8400502|8400503|8400504],[4|4|3|1],-1
8460005,5,3600,,[],-1,,,,,[],6675,1,840006,1,35,0,56081,3,0.7,0,[8400601|8400602|8400603|8400604],[1|1|0|0],-1
8460006,6,4000,[1|5|1],[[1|5|1]],600,,,,,[],21360,1,840006,1,40,10,56081,3,0.7,1,[8400601|8400602|8400603|8400604],[1|1|0|0],-1
8460007,7,4400,[2|5|3],[[2|5|3]],2400,,,,,[],48180,1,840006,1,45,20,56081,3,0.7,2,[8400601|8400602|8400603|8400604],[2|1|0|0],-1
8460008,8,4800,[1|5|1],[[1|5|1]],3000,,,,,[],81760,1,840006,1,50,30,56081,3,0.7,3,[8400601|8400602|8400603|8400604],[2|2|0|0],-1
8460009,9,5200,[2|5|3],[[2|5|3]],4800,,,,,[],134725,1,840006,1,55,35,56082,3,0.7,4,[8400601|8400602|8400603|8400604],[3|2|0|0],-1
8460010,10,5600,[1|5|1|2|5|5],[[1|5|1]|[2|5|5]],8400,,,,,[],190200,1,840006,1,60,40,56082,3,0.7,5,[8400601|8400602|8400603|8400604],[3|3|0|0],-1
8460011,11,6000,[1|5|1|2|5|5],[[1|5|1]|[2|5|5]],12000,,,,,[],275310,1,840006,1,70,45,56082,4,0.7,0,[8400601|8400602|8400603|8400604],[3|3|1|0],-1
8460012,12,6400,[1|5|2|2|5|5],[[1|5|2]|[2|5|5]],16200,,,,,[],355680,1,840006,1,80,50,56082,4,0.7,1,[8400601|8400602|8400603|8400604],[4|3|1|0],-1
8460013,13,6800,[1|5|2|2|5|10],[[1|5|2]|[2|5|10]],23400,,,,,[],478935,1,840006,1,90,55,56083,4,0.7,2,[8400601|8400602|8400603|8400604],[4|3|2|0],-1
8460014,14,7200,[1|5|3|2|5|10],[[1|5|3]|[2|5|10]],31200,,,,,[],587200,1,840006,1,90,60,56083,4,0.7,3,[8400601|8400602|8400603|8400604],[4|4|2|0],-1
8460015,15,7600,[1|5|3|2|5|15],[[1|5|3]|[2|5|15]],42000,,,,,[],706475,1,840006,1,90,65,56083,4,0.7,4,[8400601|8400602|8400603|8400604],[4|4|2|0],-1
8460016,16,8000,[1|5|4|2|5|15],[[1|5|4]|[2|5|15]],53400,,,,,[],893760,1,840006,1,90,70,56083,4,0.7,5,[8400601|8400602|8400603|8400604],[4|4|3|0],-1
8460017,17,8400,[1|5|5|2|5|15],[[1|5|5]|[2|5|15]],65400,,,,,[],1044680,1,840006,1,90,75,56083,5,0.7,0,[8400601|8400602|8400603|8400604],[4|4|3|1],-1
8460018,18,8800,[1|5|3|2|5|10],[[1|5|3]|[2|5|10]],73200,,,,,[],1152480,1,840006,1,95,80,56083,5,0.7,1,[8400601|8400602|8400603|8400604],[4|4|3|1],-1
8460019,19,9200,[1|5|4|2|5|15],[[1|5|4]|[2|5|15]],84600,,,,,[],1264200,1,840006,1,100,80,56083,5,0.7,2,[8400601|8400602|8400603|8400604],[4|4|3|1],-1
8460020,20,9600,[1|5|5|2|5|20],[[1|5|5]|[2|5|20]],99600,,,,,[],1379840,1,840006,1,105,85,56083,5,0.7,3,[8400601|8400602|8400603|8400604],[4|4|3|1],-1
8460021,21,10000,[1|5|6|2|5|20],[[1|5|6]|[2|5|20]],115200,,,,,[],1499400,1,840006,1,110,85,56083,5,0.7,4,[8400601|8400602|8400603|8400604],[4|4|3|1],-1
8460022,22,10400,[1|5|8|2|5|30],[[1|5|8]|[2|5|30]],138000,,,,,[],1622880,1,840006,1,115,90,56083,5,0.7,5,[8400601|8400602|8400603|8400604],[4|4|3|1],-1
8460023,23,10800,[1|5|8|2|5|30],[[1|5|8]|[2|5|30]],160800,,,,,[],1750280,1,840006,1,120,95,56084,6,0.7,0,[8400601|8400602|8400603|8400604],[4|4|3|1],-1
8470005,5,3600,,[],-1,,,,,[],6675,1,840007,1,35,0,56091,3,1,0,[8400701|8400702|8400703|8400704],[1|1|0|0],-1
8470006,6,4000,[1|5|1],[[1|5|1]],600,,,,,[],21360,1,840007,1,40,10,56091,3,1,1,[8400701|8400702|8400703|8400704],[1|1|0|0],-1
8470007,7,4400,[2|5|3],[[2|5|3]],2400,,,,,[],48180,1,840007,1,45,20,56091,3,1,2,[8400701|8400702|8400703|8400704],[2|1|0|0],-1
8470008,8,4800,[1|5|1],[[1|5|1]],3000,,,,,[],81760,1,840007,1,50,30,56091,3,1,3,[8400701|8400702|8400703|8400704],[2|2|0|0],-1
8470009,9,5200,[2|5|3],[[2|5|3]],4800,,,,,[],134725,1,840007,1,55,35,56092,3,1,4,[8400701|8400702|8400703|8400704],[3|2|0|0],-1
8470010,10,5600,[1|5|1|2|5|5],[[1|5|1]|[2|5|5]],8400,,,,,[],190200,1,840007,1,60,40,56092,3,1,5,[8400701|8400702|8400703|8400704],[3|3|0|0],-1
8470011,11,6000,[1|5|1|2|5|5],[[1|5|1]|[2|5|5]],12000,,,,,[],275310,1,840007,1,70,45,56092,4,1,0,[8400701|8400702|8400703|8400704],[3|3|1|0],-1
8470012,12,6400,[1|5|2|2|5|5],[[1|5|2]|[2|5|5]],16200,,,,,[],355680,1,840007,1,80,50,56092,4,1,1,[8400701|8400702|8400703|8400704],[4|3|1|0],-1
8470013,13,6800,[1|5|2|2|5|10],[[1|5|2]|[2|5|10]],23400,,,,,[],478935,1,840007,1,90,55,56093,4,1,2,[8400701|8400702|8400703|8400704],[4|3|2|0],-1
8470014,14,7200,[1|5|3|2|5|10],[[1|5|3]|[2|5|10]],31200,,,,,[],587200,1,840007,1,90,60,56093,4,1,3,[8400701|8400702|8400703|8400704],[4|4|2|0],-1
8470015,15,7600,[1|5|3|2|5|15],[[1|5|3]|[2|5|15]],42000,,,,,[],706475,1,840007,1,90,65,56093,4,1,4,[8400701|8400702|8400703|8400704],[4|4|2|0],-1
8470016,16,8000,[1|5|4|2|5|15],[[1|5|4]|[2|5|15]],53400,,,,,[],893760,1,840007,1,90,70,56093,4,1,5,[8400701|8400702|8400703|8400704],[4|4|3|0],-1
8470017,17,8400,[1|5|5|2|5|15],[[1|5|5]|[2|5|15]],65400,,,,,[],1044680,1,840007,1,90,75,56093,5,1,0,[8400701|8400702|8400703|8400704],[4|4|3|1],-1
8470018,18,8800,[1|5|3|2|5|10],[[1|5|3]|[2|5|10]],73200,,,,,[],1152480,1,840007,1,95,80,56093,5,1,1,[8400701|8400702|8400703|8400704],[4|4|3|1],-1
8470019,19,9200,[1|5|4|2|5|15],[[1|5|4]|[2|5|15]],84600,,,,,[],1264200,1,840007,1,100,80,56093,5,1,2,[8400701|8400702|8400703|8400704],[4|4|3|1],-1
8470020,20,9600,[1|5|5|2|5|20],[[1|5|5]|[2|5|20]],99600,,,,,[],1379840,1,840007,1,105,85,56093,5,1,3,[8400701|8400702|8400703|8400704],[4|4|3|1],-1
8470021,21,10000,[1|5|6|2|5|20],[[1|5|6]|[2|5|20]],115200,,,,,[],1499400,1,840007,1,110,85,56093,5,1,4,[8400701|8400702|8400703|8400704],[4|4|3|1],-1
8470022,22,10400,[1|5|8|2|5|30],[[1|5|8]|[2|5|30]],138000,,,,,[],1622880,1,840007,1,115,90,56093,5,1,5,[8400701|8400702|8400703|8400704],[4|4|3|1],-1
8470023,23,10800,[1|5|8|2|5|30],[[1|5|8]|[2|5|30]],160800,,,,,[],1750280,1,840007,1,120,95,56094,6,1,0,[8400701|8400702|8400703|8400704],[4|4|3|1],-1
8480005,5,3600,,[],-1,,,,,[],6675,1,840008,1,35,0,56101,3,1,0,[8400801|8400802|8400803|8400804],[1|1|0|0],-1
8480006,6,4000,[1|5|1],[[1|5|1]],600,,,,,[],21360,1,840008,1,40,10,56101,3,1,1,[8400801|8400802|8400803|8400804],[1|1|0|0],-1
8480007,7,4400,[2|5|3],[[2|5|3]],2400,,,,,[],48180,1,840008,1,45,20,56101,3,1,2,[8400801|8400802|8400803|8400804],[2|1|0|0],-1
8480008,8,4800,[1|5|1],[[1|5|1]],3000,,,,,[],81760,1,840008,1,50,30,56101,3,1,3,[8400801|8400802|8400803|8400804],[2|2|0|0],-1
8480009,9,5200,[2|5|3],[[2|5|3]],4800,,,,,[],134725,1,840008,1,55,35,56102,3,1,4,[8400801|8400802|8400803|8400804],[3|2|0|0],-1
8480010,10,5600,[1|5|1|2|5|5],[[1|5|1]|[2|5|5]],8400,,,,,[],190200,1,840008,1,60,40,56102,3,1,5,[8400801|8400802|8400803|8400804],[3|3|0|0],-1
8480011,11,6000,[1|5|1|2|5|5],[[1|5|1]|[2|5|5]],12000,,,,,[],275310,1,840008,1,70,45,56102,4,1,0,[8400801|8400802|8400803|8400804],[3|3|1|0],-1
8480012,12,6400,[1|5|2|2|5|5],[[1|5|2]|[2|5|5]],16200,,,,,[],355680,1,840008,1,80,50,56102,4,1,1,[8400801|8400802|8400803|8400804],[4|3|1|0],-1
8480013,13,6800,[1|5|2|2|5|10],[[1|5|2]|[2|5|10]],23400,,,,,[],478935,1,840008,1,90,55,56103,4,1,2,[8400801|8400802|8400803|8400804],[4|3|2|0],-1
8480014,14,7200,[1|5|3|2|5|10],[[1|5|3]|[2|5|10]],31200,,,,,[],587200,1,840008,1,90,60,56103,4,1,3,[8400801|8400802|8400803|8400804],[4|4|2|0],-1
8480015,15,7600,[1|5|3|2|5|15],[[1|5|3]|[2|5|15]],42000,,,,,[],706475,1,840008,1,90,65,56103,4,1,4,[8400801|8400802|8400803|8400804],[4|4|2|0],-1
8480016,16,8000,[1|5|4|2|5|15],[[1|5|4]|[2|5|15]],53400,,,,,[],893760,1,840008,1,90,70,56103,4,1,5,[8400801|8400802|8400803|8400804],[4|4|3|0],-1
8480017,17,8400,[1|5|5|2|5|15],[[1|5|5]|[2|5|15]],65400,,,,,[],1044680,1,840008,1,90,75,56103,5,1,0,[8400801|8400802|8400803|8400804],[4|4|3|1],-1
8480018,18,8800,[1|5|3|2|5|10],[[1|5|3]|[2|5|10]],73200,,,,,[],1152480,1,840008,1,95,80,56103,5,1,1,[8400801|8400802|8400803|8400804],[4|4|3|1],-1
8480019,19,9200,[1|5|4|2|5|15],[[1|5|4]|[2|5|15]],84600,,,,,[],1264200,1,840008,1,100,80,56103,5,1,2,[8400801|8400802|8400803|8400804],[4|4|3|1],-1
8480020,20,9600,[1|5|5|2|5|20],[[1|5|5]|[2|5|20]],99600,,,,,[],1379840,1,840008,1,105,85,56103,5,1,3,[8400801|8400802|8400803|8400804],[4|4|3|1],-1
8480021,21,10000,[1|5|6|2|5|20],[[1|5|6]|[2|5|20]],115200,,,,,[],1499400,1,840008,1,110,85,56103,5,1,4,[8400801|8400802|8400803|8400804],[4|4|3|1],-1
8480022,22,10400,[1|5|8|2|5|30],[[1|5|8]|[2|5|30]],138000,,,,,[],1622880,1,840008,1,115,90,56103,5,1,5,[8400801|8400802|8400803|8400804],[4|4|3|1],-1
8480023,23,10800,[1|5|8|2|5|30],[[1|5|8]|[2|5|30]],160800,,,,,[],1750280,1,840008,1,120,95,56104,6,1,0,[8400801|8400802|8400803|8400804],[4|4|3|1],-1
8790005,5,3600,,[],-1,,,,,[],6675,1,840009,1,35,0,56111,3,1,0,[8400901|8400902|8400903|8400904],[1|1|0|0],-1
8790006,6,4000,[1|5|1],[[1|5|1]],600,,,,,[],21360,1,840009,1,40,10,56111,3,1,1,[8400901|8400902|8400903|8400904],[1|1|0|0],-1
8790007,7,4400,[2|5|3],[[2|5|3]],2400,,,,,[],48180,1,840009,1,45,20,56111,3,1,2,[8400901|8400902|8400903|8400904],[2|1|0|0],-1
8790008,8,4800,[1|5|1],[[1|5|1]],3000,,,,,[],81760,1,840009,1,50,30,56111,3,1,3,[8400901|8400902|8400903|8400904],[2|2|0|0],-1
8790009,9,5200,[2|5|3],[[2|5|3]],4800,,,,,[],134725,1,840009,1,55,35,56112,3,1,4,[8400901|8400902|8400903|8400904],[3|2|0|0],-1
8790010,10,5600,[1|5|1|2|5|5],[[1|5|1]|[2|5|5]],8400,,,,,[],190200,1,840009,1,60,40,56112,3,1,5,[8400901|8400902|8400903|8400904],[3|3|0|0],-1
8790011,11,6000,[1|5|1|2|5|5],[[1|5|1]|[2|5|5]],12000,,,,,[],275310,1,840009,1,70,45,56112,4,1,0,[8400901|8400902|8400903|8400904],[3|3|1|0],-1
8790012,12,6400,[1|5|2|2|5|5],[[1|5|2]|[2|5|5]],16200,,,,,[],355680,1,840009,1,80,50,56112,4,1,1,[8400901|8400902|8400903|8400904],[4|3|1|0],-1
8790013,13,6800,[1|5|2|2|5|10],[[1|5|2]|[2|5|10]],23400,,,,,[],478935,1,840009,1,90,55,56113,4,1,2,[8400901|8400902|8400903|8400904],[4|3|2|0],-1
8790014,14,7200,[1|5|3|2|5|10],[[1|5|3]|[2|5|10]],31200,,,,,[],587200,1,840009,1,90,60,56113,4,1,3,[8400901|8400902|8400903|8400904],[4|4|2|0],-1
8790015,15,7600,[1|5|3|2|5|15],[[1|5|3]|[2|5|15]],42000,,,,,[],706475,1,840009,1,90,65,56113,4,1,4,[8400901|8400902|8400903|8400904],[4|4|2|0],-1
8790016,16,8000,[1|5|4|2|5|15],[[1|5|4]|[2|5|15]],53400,,,,,[],893760,1,840009,1,90,70,56113,4,1,5,[8400901|8400902|8400903|8400904],[4|4|3|0],-1
8790017,17,8400,[1|5|5|2|5|15],[[1|5|5]|[2|5|15]],65400,,,,,[],1044680,1,840009,1,90,75,56113,5,1,0,[8400901|8400902|8400903|8400904],[4|4|3|1],-1
8790018,18,8800,[1|5|3|2|5|10],[[1|5|3]|[2|5|10]],73200,,,,,[],1152480,1,840009,1,95,80,56113,5,1,1,[8400901|8400902|8400903|8400904],[4|4|3|1],-1
8790019,19,9200,[1|5|4|2|5|15],[[1|5|4]|[2|5|15]],84600,,,,,[],1264200,1,840009,1,100,80,56113,5,1,2,[8400901|8400902|8400903|8400904],[4|4|3|1],-1
8790020,20,9600,[1|5|5|2|5|20],[[1|5|5]|[2|5|20]],99600,,,,,[],1379840,1,840009,1,105,85,56113,5,1,3,[8400901|8400902|8400903|8400904],[4|4|3|1],-1
8790021,21,10000,[1|5|6|2|5|20],[[1|5|6]|[2|5|20]],115200,,,,,[],1499400,1,840009,1,110,85,56113,5,1,4,[8400901|8400902|8400903|8400904],[4|4|3|1],-1
8790022,22,10400,[1|5|8|2|5|30],[[1|5|8]|[2|5|30]],138000,,,,,[],1622880,1,840009,1,115,90,56113,5,1,5,[8400901|8400902|8400903|8400904],[4|4|3|1],-1
8790023,23,10800,[1|5|8|2|5|30],[[1|5|8]|[2|5|30]],160800,,,,,[],1750280,1,840009,1,120,95,56114,6,1,0,[8400901|8400902|8400903|8400904],[4|4|3|1],-1
8490005,5,3600,,[],-1,,,,,[],6675,2,840010,2,35,0,56121,3,2,0,[8401001|8401002|8401003|8401004],[1|1|0|0],-1
8490006,6,4000,[1|5|1],[[1|5|1]],600,,,,,[],21360,2,840010,2,40,10,56121,3,2,1,[8401001|8401002|8401003|8401004],[1|1|0|0],-1
8490007,7,4400,[2|5|3],[[2|5|3]],2400,,,,,[],48180,2,840010,2,45,20,56121,3,2,2,[8401001|8401002|8401003|8401004],[2|1|0|0],-1
8490008,8,4800,[1|5|1],[[1|5|1]],3000,,,,,[],81760,2,840010,2,50,30,56121,3,2,3,[8401001|8401002|8401003|8401004],[2|2|0|0],-1
8490009,9,5200,[2|5|3],[[2|5|3]],4800,,,,,[],134725,2,840010,2,55,35,56122,3,2,4,[8401001|8401002|8401003|8401004],[3|2|0|0],-1
8490010,10,5600,[1|5|1|2|5|5],[[1|5|1]|[2|5|5]],8400,,,,,[],190200,2,840010,2,60,40,56122,3,2,5,[8401001|8401002|8401003|8401004],[3|3|0|0],-1
8490011,11,6000,[1|5|1|2|5|5],[[1|5|1]|[2|5|5]],12000,,,,,[],275310,2,840010,2,70,45,56122,4,2,0,[8401001|8401002|8401003|8401004],[3|3|1|0],-1
8490012,12,6400,[1|5|2|2|5|5],[[1|5|2]|[2|5|5]],16200,,,,,[],355680,2,840010,2,80,50,56122,4,2,1,[8401001|8401002|8401003|8401004],[4|3|1|0],-1
8490013,13,6800,[1|5|2|2|5|10],[[1|5|2]|[2|5|10]],23400,,,,,[],478935,2,840010,2,90,55,56123,4,2,2,[8401001|8401002|8401003|8401004],[4|3|2|0],-1
8490014,14,7200,[1|5|3|2|5|10],[[1|5|3]|[2|5|10]],31200,,,,,[],587200,2,840010,2,90,60,56123,4,2,3,[8401001|8401002|8401003|8401004],[4|4|2|0],-1
8490015,15,7600,[1|5|3|2|5|15],[[1|5|3]|[2|5|15]],42000,,,,,[],706475,2,840010,2,90,65,56123,4,2,4,[8401001|8401002|8401003|8401004],[4|4|2|0],-1
8490016,16,8000,[1|5|4|2|5|15],[[1|5|4]|[2|5|15]],53400,,,,,[],893760,2,840010,2,90,70,56123,4,2,5,[8401001|8401002|8401003|8401004],[4|4|3|0],-1
8490017,17,8400,[1|5|5|2|5|15],[[1|5|5]|[2|5|15]],65400,,,,,[],1044680,2,840010,2,90,75,56123,5,2,0,[8401001|8401002|8401003|8401004],[4|4|3|1],-1
8490018,18,8800,[1|5|3|2|5|10],[[1|5|3]|[2|5|10]],73200,,,,,[],1152480,2,840010,2,95,80,56123,5,2,1,[8401001|8401002|8401003|8401004],[4|4|3|1],-1
8490019,19,9200,[1|5|4|2|5|15],[[1|5|4]|[2|5|15]],84600,,,,,[],1264200,2,840010,2,100,80,56123,5,2,2,[8401001|8401002|8401003|8401004],[4|4|3|1],-1
8490020,20,9600,[1|5|5|2|5|20],[[1|5|5]|[2|5|20]],99600,,,,,[],1379840,2,840010,2,105,85,56123,5,2,3,[8401001|8401002|8401003|8401004],[4|4|3|1],-1
8490021,21,10000,[1|5|6|2|5|20],[[1|5|6]|[2|5|20]],115200,,,,,[],1499400,2,840010,2,110,85,56123,5,2,4,[8401001|8401002|8401003|8401004],[4|4|3|1],-1
8490022,22,10400,[1|5|8|2|5|30],[[1|5|8]|[2|5|30]],138000,,,,,[],1622880,2,840010,2,115,90,56123,5,2,5,[8401001|8401002|8401003|8401004],[4|4|3|1],-1
8490023,23,10800,[1|5|8|2|5|30],[[1|5|8]|[2|5|30]],160800,,,,,[],1750280,2,840010,2,120,95,56124,6,2,0,[8401001|8401002|8401003|8401004],[4|4|3|1],-1
8500005,5,3600,,[],-1,,,,,[],6675,1,840011,1,35,0,56131,3,1,0,[8401101|8401102|8401103|8401104],[1|1|0|0],-1
8500006,6,4000,[1|5|1],[[1|5|1]],600,,,,,[],21360,1,840011,1,40,10,56131,3,1,1,[8401101|8401102|8401103|8401104],[1|1|0|0],-1
8500007,7,4400,[2|5|3],[[2|5|3]],2400,,,,,[],48180,1,840011,1,45,20,56131,3,1,2,[8401101|8401102|8401103|8401104],[2|1|0|0],-1
8500008,8,4800,[1|5|1],[[1|5|1]],3000,,,,,[],81760,1,840011,1,50,30,56131,3,1,3,[8401101|8401102|8401103|8401104],[2|2|0|0],-1
8500009,9,5200,[2|5|3],[[2|5|3]],4800,,,,,[],134725,1,840011,1,55,35,56132,3,1,4,[8401101|8401102|8401103|8401104],[3|2|0|0],-1
8500010,10,5600,[1|5|1|2|5|5],[[1|5|1]|[2|5|5]],8400,,,,,[],190200,1,840011,1,60,40,56132,3,1,5,[8401101|8401102|8401103|8401104],[3|3|0|0],-1
8500011,11,6000,[1|5|1|2|5|5],[[1|5|1]|[2|5|5]],12000,,,,,[],275310,1,840011,1,70,45,56132,4,1,0,[8401101|8401102|8401103|8401104],[3|3|1|0],-1
8500012,12,6400,[1|5|2|2|5|5],[[1|5|2]|[2|5|5]],16200,,,,,[],355680,1,840011,1,80,50,56132,4,1,1,[8401101|8401102|8401103|8401104],[4|3|1|0],-1
8500013,13,6800,[1|5|2|2|5|10],[[1|5|2]|[2|5|10]],23400,,,,,[],478935,1,840011,1,90,55,56133,4,1,2,[8401101|8401102|8401103|8401104],[4|3|2|0],-1
8500014,14,7200,[1|5|3|2|5|10],[[1|5|3]|[2|5|10]],31200,,,,,[],587200,1,840011,1,90,60,56133,4,1,3,[8401101|8401102|8401103|8401104],[4|4|2|0],-1
8500015,15,7600,[1|5|3|2|5|15],[[1|5|3]|[2|5|15]],42000,,,,,[],706475,1,840011,1,90,65,56133,4,1,4,[8401101|8401102|8401103|8401104],[4|4|2|0],-1
8500016,16,8000,[1|5|4|2|5|15],[[1|5|4]|[2|5|15]],53400,,,,,[],893760,1,840011,1,90,70,56133,4,1,5,[8401101|8401102|8401103|8401104],[4|4|3|0],-1
8500017,17,8400,[1|5|5|2|5|15],[[1|5|5]|[2|5|15]],65400,,,,,[],1044680,1,840011,1,90,75,56133,5,1,0,[8401101|8401102|8401103|8401104],[4|4|3|1],-1
8500018,18,8800,[1|5|3|2|5|10],[[1|5|3]|[2|5|10]],73200,,,,,[],1152480,1,840011,1,95,80,56133,5,1,1,[8401101|8401102|8401103|8401104],[4|4|3|1],-1
8500019,19,9200,[1|5|4|2|5|15],[[1|5|4]|[2|5|15]],84600,,,,,[],1264200,1,840011,1,100,80,56133,5,1,2,[8401101|8401102|8401103|8401104],[4|4|3|1],-1
8500020,20,9600,[1|5|5|2|5|20],[[1|5|5]|[2|5|20]],99600,,,,,[],1379840,1,840011,1,105,85,56133,5,1,3,[8401101|8401102|8401103|8401104],[4|4|3|1],-1
8500021,21,10000,[1|5|6|2|5|20],[[1|5|6]|[2|5|20]],115200,,,,,[],1499400,1,840011,1,110,85,56133,5,1,4,[8401101|8401102|8401103|8401104],[4|4|3|1],-1
8500022,22,10400,[1|5|8|2|5|30],[[1|5|8]|[2|5|30]],138000,,,,,[],1622880,1,840011,1,115,90,56133,5,1,5,[8401101|8401102|8401103|8401104],[4|4|3|1],-1
8500023,23,10800,[1|5|8|2|5|30],[[1|5|8]|[2|5|30]],160800,,,,,[],1750280,1,840011,1,120,95,56134,6,1,0,[8401101|8401102|8401103|8401104],[4|4|3|1],-1
8510005,5,3600,,[],-1,,,,,[],6675,1,840012,1,35,0,56141,3,1,0,[8401201|8401202|8401203|8401204],[1|1|0|0],-1
8510006,6,4000,[1|5|1],[[1|5|1]],600,,,,,[],21360,1,840012,1,40,10,56141,3,1,1,[8401201|8401202|8401203|8401204],[1|1|0|0],-1
8510007,7,4400,[2|5|3],[[2|5|3]],2400,,,,,[],48180,1,840012,1,45,20,56141,3,1,2,[8401201|8401202|8401203|8401204],[2|1|0|0],-1
8510008,8,4800,[1|5|1],[[1|5|1]],3000,,,,,[],81760,1,840012,1,50,30,56141,3,1,3,[8401201|8401202|8401203|8401204],[2|2|0|0],-1
8510009,9,5200,[2|5|3],[[2|5|3]],4800,,,,,[],134725,1,840012,1,55,35,56142,3,1,4,[8401201|8401202|8401203|8401204],[3|2|0|0],-1
8510010,10,5600,[1|5|1|2|5|5],[[1|5|1]|[2|5|5]],8400,,,,,[],190200,1,840012,1,60,40,56142,3,1,5,[8401201|8401202|8401203|8401204],[3|3|0|0],-1
8510011,11,6000,[1|5|1|2|5|5],[[1|5|1]|[2|5|5]],12000,,,,,[],275310,1,840012,1,70,45,56142,4,1,0,[8401201|8401202|8401203|8401204],[3|3|1|0],-1
8510012,12,6400,[1|5|2|2|5|5],[[1|5|2]|[2|5|5]],16200,,,,,[],355680,1,840012,1,80,50,56142,4,1,1,[8401201|8401202|8401203|8401204],[4|3|1|0],-1
8510013,13,6800,[1|5|2|2|5|10],[[1|5|2]|[2|5|10]],23400,,,,,[],478935,1,840012,1,90,55,56143,4,1,2,[8401201|8401202|8401203|8401204],[4|3|2|0],-1
8510014,14,7200,[1|5|3|2|5|10],[[1|5|3]|[2|5|10]],31200,,,,,[],587200,1,840012,1,90,60,56143,4,1,3,[8401201|8401202|8401203|8401204],[4|4|2|0],-1
8510015,15,7600,[1|5|3|2|5|15],[[1|5|3]|[2|5|15]],42000,,,,,[],706475,1,840012,1,90,65,56143,4,1,4,[8401201|8401202|8401203|8401204],[4|4|2|0],-1
8510016,16,8000,[1|5|4|2|5|15],[[1|5|4]|[2|5|15]],53400,,,,,[],893760,1,840012,1,90,70,56143,4,1,5,[8401201|8401202|8401203|8401204],[4|4|3|0],-1
8510017,17,8400,[1|5|5|2|5|15],[[1|5|5]|[2|5|15]],65400,,,,,[],1044680,1,840012,1,90,75,56143,5,1,0,[8401201|8401202|8401203|8401204],[4|4|3|1],-1
8510018,18,8800,[1|5|3|2|5|10],[[1|5|3]|[2|5|10]],73200,,,,,[],1152480,1,840012,1,95,80,56143,5,1,1,[8401201|8401202|8401203|8401204],[4|4|3|1],-1
8510019,19,9200,[1|5|4|2|5|15],[[1|5|4]|[2|5|15]],84600,,,,,[],1264200,1,840012,1,100,80,56143,5,1,2,[8401201|8401202|8401203|8401204],[4|4|3|1],-1
8510020,20,9600,[1|5|5|2|5|20],[[1|5|5]|[2|5|20]],99600,,,,,[],1379840,1,840012,1,105,85,56143,5,1,3,[8401201|8401202|8401203|8401204],[4|4|3|1],-1
8510021,21,10000,[1|5|6|2|5|20],[[1|5|6]|[2|5|20]],115200,,,,,[],1499400,1,840012,1,110,85,56143,5,1,4,[8401201|8401202|8401203|8401204],[4|4|3|1],-1
8510022,22,10400,[1|5|8|2|5|30],[[1|5|8]|[2|5|30]],138000,,,,,[],1622880,1,840012,1,115,90,56143,5,1,5,[8401201|8401202|8401203|8401204],[4|4|3|1],-1
8510023,23,10800,[1|5|8|2|5|30],[[1|5|8]|[2|5|30]],160800,,,,,[],1750280,1,840012,1,120,95,56144,6,1,0,[8401201|8401202|8401203|8401204],[4|4|3|1],-1
8511005,5,3600,,[],-1,,,,,[],6675,1,840013,1,35,0,56151,3,1,0,[8401301|8401302|8401303|8401304],[1|1|0|0],-1
8511006,6,4000,[1|5|1],[[1|5|1]],600,,,,,[],21360,1,840013,1,40,10,56151,3,1,1,[8401301|8401302|8401303|8401304],[1|1|0|0],-1
8511007,7,4400,[2|5|3],[[2|5|3]],2400,,,,,[],48180,1,840013,1,45,20,56151,3,1,2,[8401301|8401302|8401303|8401304],[2|1|0|0],-1
8511008,8,4800,[1|5|1],[[1|5|1]],3000,,,,,[],81760,1,840013,1,50,30,56151,3,1,3,[8401301|8401302|8401303|8401304],[2|2|0|0],-1
8511009,9,5200,[2|5|3],[[2|5|3]],4800,,,,,[],134725,1,840013,1,55,35,56152,3,1,4,[8401301|8401302|8401303|8401304],[3|2|0|0],-1
8511010,10,5600,[1|5|1|2|5|5],[[1|5|1]|[2|5|5]],8400,,,,,[],190200,1,840013,1,60,40,56152,3,1,5,[8401301|8401302|8401303|8401304],[3|3|0|0],-1
8511011,11,6000,[1|5|1|2|5|5],[[1|5|1]|[2|5|5]],12000,,,,,[],275310,1,840013,1,70,45,56152,4,1,0,[8401301|8401302|8401303|8401304],[3|3|1|0],-1
8511012,12,6400,[1|5|2|2|5|5],[[1|5|2]|[2|5|5]],16200,,,,,[],355680,1,840013,1,80,50,56152,4,1,1,[8401301|8401302|8401303|8401304],[4|3|1|0],-1
8511013,13,6800,[1|5|2|2|5|10],[[1|5|2]|[2|5|10]],23400,,,,,[],478935,1,840013,1,90,55,56153,4,1,2,[8401301|8401302|8401303|8401304],[4|3|2|0],-1
8511014,14,7200,[1|5|3|2|5|10],[[1|5|3]|[2|5|10]],31200,,,,,[],587200,1,840013,1,90,60,56153,4,1,3,[8401301|8401302|8401303|8401304],[4|4|2|0],-1
8511015,15,7600,[1|5|3|2|5|15],[[1|5|3]|[2|5|15]],42000,,,,,[],706475,1,840013,1,90,65,56153,4,1,4,[8401301|8401302|8401303|8401304],[4|4|2|0],-1
8511016,16,8000,[1|5|4|2|5|15],[[1|5|4]|[2|5|15]],53400,,,,,[],893760,1,840013,1,90,70,56153,4,1,5,[8401301|8401302|8401303|8401304],[4|4|3|0],-1
8511017,17,8400,[1|5|5|2|5|15],[[1|5|5]|[2|5|15]],65400,,,,,[],1044680,1,840013,1,90,75,56153,5,1,0,[8401301|8401302|8401303|8401304],[4|4|3|1],-1
8511018,18,8800,[1|5|3|2|5|10],[[1|5|3]|[2|5|10]],73200,,,,,[],1152480,1,840013,1,95,80,56153,5,1,1,[8401301|8401302|8401303|8401304],[4|4|3|1],-1
8511019,19,9200,[1|5|4|2|5|15],[[1|5|4]|[2|5|15]],84600,,,,,[],1264200,1,840013,1,100,80,56153,5,1,2,[8401301|8401302|8401303|8401304],[4|4|3|1],-1
8511020,20,9600,[1|5|5|2|5|20],[[1|5|5]|[2|5|20]],99600,,,,,[],1379840,1,840013,1,105,85,56153,5,1,3,[8401301|8401302|8401303|8401304],[4|4|3|1],-1
8511021,21,10000,[1|5|6|2|5|20],[[1|5|6]|[2|5|20]],115200,,,,,[],1499400,1,840013,1,110,85,56153,5,1,4,[8401301|8401302|8401303|8401304],[4|4|3|1],-1
8511022,22,10400,[1|5|8|2|5|30],[[1|5|8]|[2|5|30]],138000,,,,,[],1622880,1,840013,1,115,90,56153,5,1,5,[8401301|8401302|8401303|8401304],[4|4|3|1],-1
8511023,23,10800,[1|5|8|2|5|30],[[1|5|8]|[2|5|30]],160800,,,,,[],1750280,1,840013,1,120,95,56154,6,1,0,[8401301|8401302|8401303|8401304],[4|4|3|1],-1
8512005,5,3600,,[],-1,,,,,[],6675,1.2,840014,1.2,35,0,56161,3,1.2,0,[8401401|8401402|8401403|8401404],[1|1|0|0],-1
8512006,6,4000,[1|5|1],[[1|5|1]],600,,,,,[],21360,1.2,840014,1.2,40,10,56161,3,1.2,1,[8401401|8401402|8401403|8401404],[1|1|0|0],-1
8512007,7,4400,[2|5|3],[[2|5|3]],2400,,,,,[],48180,1.2,840014,1.2,45,20,56161,3,1.2,2,[8401401|8401402|8401403|8401404],[2|1|0|0],-1
8512008,8,4800,[1|5|1],[[1|5|1]],3000,,,,,[],81760,1.2,840014,1.2,50,30,56161,3,1.2,3,[8401401|8401402|8401403|8401404],[2|2|0|0],-1
8512009,9,5200,[2|5|3],[[2|5|3]],4800,,,,,[],134725,1.2,840014,1.2,55,35,56162,3,1.2,4,[8401401|8401402|8401403|8401404],[3|2|0|0],-1
8512010,10,5600,[1|5|1|2|5|5],[[1|5|1]|[2|5|5]],8400,,,,,[],190200,1.2,840014,1.2,60,40,56162,3,1.2,5,[8401401|8401402|8401403|8401404],[3|3|0|0],-1
8512011,11,6000,[1|5|1|2|5|5],[[1|5|1]|[2|5|5]],12000,,,,,[],275310,1.2,840014,1.2,70,45,56162,4,1.2,0,[8401401|8401402|8401403|8401404],[3|3|1|0],-1
8512012,12,6400,[1|5|2|2|5|5],[[1|5|2]|[2|5|5]],16200,,,,,[],355680,1.2,840014,1.2,80,50,56162,4,1.2,1,[8401401|8401402|8401403|8401404],[4|3|1|0],-1
8512013,13,6800,[1|5|2|2|5|10],[[1|5|2]|[2|5|10]],23400,,,,,[],478935,1.2,840014,1.2,90,55,56163,4,1.2,2,[8401401|8401402|8401403|8401404],[4|3|2|0],-1
8512014,14,7200,[1|5|3|2|5|10],[[1|5|3]|[2|5|10]],31200,,,,,[],587200,1.2,840014,1.2,90,60,56163,4,1.2,3,[8401401|8401402|8401403|8401404],[4|4|2|0],-1
8512015,15,7600,[1|5|3|2|5|15],[[1|5|3]|[2|5|15]],42000,,,,,[],706475,1.2,840014,1.2,90,65,56163,4,1.2,4,[8401401|8401402|8401403|8401404],[4|4|2|0],-1
8512016,16,8000,[1|5|4|2|5|15],[[1|5|4]|[2|5|15]],53400,,,,,[],893760,1.2,840014,1.2,90,70,56163,4,1.2,5,[8401401|8401402|8401403|8401404],[4|4|3|0],-1
8512017,17,8400,[1|5|5|2|5|15],[[1|5|5]|[2|5|15]],65400,,,,,[],1044680,1.2,840014,1.2,90,75,56163,5,1.2,0,[8401401|8401402|8401403|8401404],[4|4|3|1],-1
8512018,18,8800,[1|5|3|2|5|10],[[1|5|3]|[2|5|10]],73200,,,,,[],1152480,1.2,840014,1.2,95,80,56163,5,1.2,1,[8401401|8401402|8401403|8401404],[4|4|3|1],-1
8512019,19,9200,[1|5|4|2|5|15],[[1|5|4]|[2|5|15]],84600,,,,,[],1264200,1.2,840014,1.2,100,80,56163,5,1.2,2,[8401401|8401402|8401403|8401404],[4|4|3|1],-1
8512020,20,9600,[1|5|5|2|5|20],[[1|5|5]|[2|5|20]],99600,,,,,[],1379840,1.2,840014,1.2,105,85,56163,5,1.2,3,[8401401|8401402|8401403|8401404],[4|4|3|1],-1
8512021,21,10000,[1|5|6|2|5|20],[[1|5|6]|[2|5|20]],115200,,,,,[],1499400,1.2,840014,1.2,110,85,56163,5,1.2,4,[8401401|8401402|8401403|8401404],[4|4|3|1],-1
8512022,22,10400,[1|5|8|2|5|30],[[1|5|8]|[2|5|30]],138000,,,,,[],1622880,1.2,840014,1.2,115,90,56163,5,1.2,5,[8401401|8401402|8401403|8401404],[4|4|3|1],-1
8512023,23,10800,[1|5|8|2|5|30],[[1|5|8]|[2|5|30]],160800,,,,,[],1750280,1.2,840014,1.2,120,95,56164,6,1.2,0,[8401401|8401402|8401403|8401404],[4|4|3|1],-1
8513005,5,3600,,[],-1,,,,,[],6675,0.9,840015,0.9,35,0,56171,3,0.9,0,[8401501|8401502|8401503|8401504],[1|1|0|0],-1
8513006,6,4000,[1|5|1],[[1|5|1]],600,,,,,[],21360,0.9,840015,0.9,40,10,56171,3,0.9,1,[8401501|8401502|8401503|8401504],[1|1|0|0],-1
8513007,7,4400,[2|5|3],[[2|5|3]],2400,,,,,[],48180,0.9,840015,0.9,45,20,56171,3,0.9,2,[8401501|8401502|8401503|8401504],[2|1|0|0],-1
8513008,8,4800,[1|5|1],[[1|5|1]],3000,,,,,[],81760,0.9,840015,0.9,50,30,56171,3,0.9,3,[8401501|8401502|8401503|8401504],[2|2|0|0],-1
8513009,9,5200,[2|5|3],[[2|5|3]],4800,,,,,[],134725,0.9,840015,0.9,55,35,56172,3,0.9,4,[8401501|8401502|8401503|8401504],[3|2|0|0],-1
8513010,10,5600,[1|5|1|2|5|5],[[1|5|1]|[2|5|5]],8400,,,,,[],190200,0.9,840015,0.9,60,40,56172,3,0.9,5,[8401501|8401502|8401503|8401504],[3|3|0|0],-1
8513011,11,6000,[1|5|1|2|5|5],[[1|5|1]|[2|5|5]],12000,,,,,[],275310,0.9,840015,0.9,70,45,56172,4,0.9,0,[8401501|8401502|8401503|8401504],[3|3|1|0],-1
8513012,12,6400,[1|5|2|2|5|5],[[1|5|2]|[2|5|5]],16200,,,,,[],355680,0.9,840015,0.9,80,50,56172,4,0.9,1,[8401501|8401502|8401503|8401504],[4|3|1|0],-1
8513013,13,6800,[1|5|2|2|5|10],[[1|5|2]|[2|5|10]],23400,,,,,[],478935,0.9,840015,0.9,90,55,56173,4,0.9,2,[8401501|8401502|8401503|8401504],[4|3|2|0],-1
8513014,14,7200,[1|5|3|2|5|10],[[1|5|3]|[2|5|10]],31200,,,,,[],587200,0.9,840015,0.9,90,60,56173,4,0.9,3,[8401501|8401502|8401503|8401504],[4|4|2|0],-1
8513015,15,7600,[1|5|3|2|5|15],[[1|5|3]|[2|5|15]],42000,,,,,[],706475,0.9,840015,0.9,90,65,56173,4,0.9,4,[8401501|8401502|8401503|8401504],[4|4|2|0],-1
8513016,16,8000,[1|5|4|2|5|15],[[1|5|4]|[2|5|15]],53400,,,,,[],893760,0.9,840015,0.9,90,70,56173,4,0.9,5,[8401501|8401502|8401503|8401504],[4|4|3|0],-1
8513017,17,8400,[1|5|5|2|5|15],[[1|5|5]|[2|5|15]],65400,,,,,[],1044680,0.9,840015,0.9,90,75,56173,5,0.9,0,[8401501|8401502|8401503|8401504],[4|4|3|1],-1
8513018,18,8800,[1|5|3|2|5|10],[[1|5|3]|[2|5|10]],73200,,,,,[],1152480,0.9,840015,0.9,95,80,56173,5,0.9,1,[8401501|8401502|8401503|8401504],[4|4|3|1],-1
8513019,19,9200,[1|5|4|2|5|15],[[1|5|4]|[2|5|15]],84600,,,,,[],1264200,0.9,840015,0.9,100,80,56173,5,0.9,2,[8401501|8401502|8401503|8401504],[4|4|3|1],-1
8513020,20,9600,[1|5|5|2|5|20],[[1|5|5]|[2|5|20]],99600,,,,,[],1379840,0.9,840015,0.9,105,85,56173,5,0.9,3,[8401501|8401502|8401503|8401504],[4|4|3|1],-1
8513021,21,10000,[1|5|6|2|5|20],[[1|5|6]|[2|5|20]],115200,,,,,[],1499400,0.9,840015,0.9,110,85,56173,5,0.9,4,[8401501|8401502|8401503|8401504],[4|4|3|1],-1
8513022,22,10400,[1|5|8|2|5|30],[[1|5|8]|[2|5|30]],138000,,,,,[],1622880,0.9,840015,0.9,115,90,56173,5,0.9,5,[8401501|8401502|8401503|8401504],[4|4|3|1],-1
8513023,23,10800,[1|5|8|2|5|30],[[1|5|8]|[2|5|30]],160800,,,,,[],1750280,0.9,840015,0.9,120,95,56174,6,0.9,0,[8401501|8401502|8401503|8401504],[4|4|3|1],-1
851405,5,3600,,[],-1,,,,,[],6675,1.2,840016,1.2,35,0,56181,3,1.2,0,[8401601|8401602|8401603|8401604],[1|1|0|0],-1
851406,6,4000,[1|5|1],[[1|5|1]],600,,,,,[],21360,1.2,840016,1.2,40,10,56181,3,1.2,1,[8401601|8401602|8401603|8401604],[1|1|0|0],-1
851407,7,4400,[2|5|3],[[2|5|3]],2400,,,,,[],48180,1.2,840016,1.2,45,20,56181,3,1.2,2,[8401601|8401602|8401603|8401604],[2|1|0|0],-1
851408,8,4800,[1|5|1],[[1|5|1]],3000,,,,,[],81760,1.2,840016,1.2,50,30,56181,3,1.2,3,[8401601|8401602|8401603|8401604],[2|2|0|0],-1
851409,9,5200,[2|5|3],[[2|5|3]],4800,,,,,[],134725,1.2,840016,1.2,55,35,56182,3,1.2,4,[8401601|8401602|8401603|8401604],[3|2|0|0],-1
851410,10,5600,[1|5|1|2|5|5],[[1|5|1]|[2|5|5]],8400,,,,,[],190200,1.2,840016,1.2,60,40,56182,3,1.2,5,[8401601|8401602|8401603|8401604],[3|3|0|0],-1
851411,11,6000,[1|5|1|2|5|5],[[1|5|1]|[2|5|5]],12000,,,,,[],275310,1.2,840016,1.2,70,45,56182,4,1.2,0,[8401601|8401602|8401603|8401604],[3|3|1|0],-1
851412,12,6400,[1|5|2|2|5|5],[[1|5|2]|[2|5|5]],16200,,,,,[],355680,1.2,840016,1.2,80,50,56182,4,1.2,1,[8401601|8401602|8401603|8401604],[4|3|1|0],-1
851413,13,6800,[1|5|2|2|5|10],[[1|5|2]|[2|5|10]],23400,,,,,[],478935,1.2,840016,1.2,90,55,56183,4,1.2,2,[8401601|8401602|8401603|8401604],[4|3|2|0],-1
851414,14,7200,[1|5|3|2|5|10],[[1|5|3]|[2|5|10]],31200,,,,,[],587200,1.2,840016,1.2,90,60,56183,4,1.2,3,[8401601|8401602|8401603|8401604],[4|4|2|0],-1
851415,15,7600,[1|5|3|2|5|15],[[1|5|3]|[2|5|15]],42000,,,,,[],706475,1.2,840016,1.2,90,65,56183,4,1.2,4,[8401601|8401602|8401603|8401604],[4|4|2|0],-1
851416,16,8000,[1|5|4|2|5|15],[[1|5|4]|[2|5|15]],53400,,,,,[],893760,1.2,840016,1.2,90,70,56183,4,1.2,5,[8401601|8401602|8401603|8401604],[4|4|3|0],-1
851417,17,8400,[1|5|5|2|5|15],[[1|5|5]|[2|5|15]],65400,,,,,[],1044680,1.2,840016,1.2,90,75,56183,5,1.2,0,[8401601|8401602|8401603|8401604],[4|4|3|1],-1
851418,18,8800,[1|5|3|2|5|10],[[1|5|3]|[2|5|10]],73200,,,,,[],1152480,1.2,840016,1.2,95,80,56183,5,1.2,1,[8401601|8401602|8401603|8401604],[4|4|3|1],-1
851419,19,9200,[1|5|4|2|5|15],[[1|5|4]|[2|5|15]],84600,,,,,[],1264200,1.2,840016,1.2,100,80,56183,5,1.2,2,[8401601|8401602|8401603|8401604],[4|4|3|1],-1
851420,20,9600,[1|5|5|2|5|20],[[1|5|5]|[2|5|20]],99600,,,,,[],1379840,1.2,840016,1.2,105,85,56183,5,1.2,3,[8401601|8401602|8401603|8401604],[4|4|3|1],-1
851421,21,10000,[1|5|6|2|5|20],[[1|5|6]|[2|5|20]],115200,,,,,[],1499400,1.2,840016,1.2,110,85,56183,5,1.2,4,[8401601|8401602|8401603|8401604],[4|4|3|1],-1
851422,22,10400,[1|5|8|2|5|30],[[1|5|8]|[2|5|30]],138000,,,,,[],1622880,1.2,840016,1.2,115,90,56183,5,1.2,5,[8401601|8401602|8401603|8401604],[4|4|3|1],-1
851423,23,10800,[1|5|8|2|5|30],[[1|5|8]|[2|5|30]],160800,,,,,[],1750280,1.2,840016,1.2,120,95,56184,6,1.2,0,[8401601|8401602|8401603|8401604],[4|4|3|1],-1
