id,building,building_level,buildLevels,group,reward_id
4010105,110,[0|5],[0|5],40101,40101
4010205,110,[0|5],[0|5],40102,40102
4010305,110,[0|5],[0|5],40103,40103
4010405,110,[0|5],[0|5],40104,40104
4010505,110,[0|5],[0|5],40105,40105
4010605,110,[0|5],[0|5],40106,40106
4010705,110,[0|5],[0|5],40107,40107
4010110,110,[6|10],[6|10],40101,40111
4010210,110,[6|10],[6|10],40102,40112
4010310,110,[6|10],[6|10],40103,40113
4010410,110,[6|10],[6|10],40104,40114
4010510,110,[6|10],[6|10],40105,40115
4010610,110,[6|10],[6|10],40106,40116
4010710,110,[6|10],[6|10],40107,40117
4010115,110,[11|15],[11|15],40101,40121
4010215,110,[11|15],[11|15],40102,40122
4010315,110,[11|15],[11|15],40103,40123
4010415,110,[11|15],[11|15],40104,40124
4010515,110,[11|15],[11|15],40105,40125
4010615,110,[11|15],[11|15],40106,40126
4010715,110,[11|15],[11|15],40107,40127
4010120,110,[16|20],[16|20],40101,40131
4010220,110,[16|20],[16|20],40102,40132
4010320,110,[16|20],[16|20],40103,40133
4010420,110,[16|20],[16|20],40104,40134
4010520,110,[16|20],[16|20],40105,40135
4010620,110,[16|20],[16|20],40106,40136
4010720,110,[16|20],[16|20],40107,40137
4010125,110,[21|25],[21|25],40101,40141
4010225,110,[21|25],[21|25],40102,40142
4010325,110,[21|25],[21|25],40103,40143
4010425,110,[21|25],[21|25],40104,40144
4010525,110,[21|25],[21|25],40105,40145
4010625,110,[21|25],[21|25],40106,40146
4010725,110,[21|25],[21|25],40107,40147
4010130,110,[26|30],[26|30],40101,40151
4010230,110,[26|30],[26|30],40102,40152
4010330,110,[26|30],[26|30],40103,40153
4010430,110,[26|30],[26|30],40104,40154
4010530,110,[26|30],[26|30],40105,40155
4010630,110,[26|30],[26|30],40106,40156
4010730,110,[26|30],[26|30],40107,40157
4010135,110,[31|35],[31|35],40101,40161
4010235,110,[31|35],[31|35],40102,40162
4010335,110,[31|35],[31|35],40103,40163
4010435,110,[31|35],[31|35],40104,40164
4010535,110,[31|35],[31|35],40105,40165
4010635,110,[31|35],[31|35],40106,40166
4010735,110,[31|35],[31|35],40107,40167
4010140,110,[36|40],[36|40],40101,40171
4010240,110,[36|40],[36|40],40102,40172
4010340,110,[36|40],[36|40],40103,40173
4010440,110,[36|40],[36|40],40104,40174
4010540,110,[36|40],[36|40],40105,40175
4010640,110,[36|40],[36|40],40106,40176
4010740,110,[36|40],[36|40],40107,40177
4010145,110,[41|45],[41|45],40101,40181
4010245,110,[41|45],[41|45],40102,40182
4010345,110,[41|45],[41|45],40103,40183
4010445,110,[41|45],[41|45],40104,40184
4010545,110,[41|45],[41|45],40105,40185
4010645,110,[41|45],[41|45],40106,40186
4010745,110,[41|45],[41|45],40107,40187
4010199,110,[46|99],[46|99],40101,40191
4010299,110,[46|99],[46|99],40102,40192
4010399,110,[46|99],[46|99],40103,40193
4010499,110,[46|99],[46|99],40104,40194
4010599,110,[46|99],[46|99],40105,40195
4010699,110,[46|99],[46|99],40106,40196
4010799,110,[46|99],[46|99],40107,40197
4020199,106,[0|99],[0|99],40201,40201
4020299,106,[0|99],[0|99],40202,40202
4020399,106,[0|99],[0|99],40203,40203
4020499,106,[0|99],[0|99],40204,40204
4020599,106,[0|99],[0|99],40205,40205
4020699,106,[0|99],[0|99],40206,40206
4020799,106,[0|99],[0|99],40207,40207
4030199,107,[0|99],[0|99],40301,40301
4030299,107,[0|99],[0|99],40302,40302
4030399,107,[0|99],[0|99],40303,40303
4030499,107,[0|99],[0|99],40304,40304
4030599,107,[0|99],[0|99],40305,40305
4030699,107,[0|99],[0|99],40306,40306
4030799,107,[0|99],[0|99],40307,40307
4040199,117,[0|99],[0|99],40401,40401
4040299,117,[0|99],[0|99],40402,40402
4040399,117,[0|99],[0|99],40403,40403
4040499,117,[0|99],[0|99],40404,40404
4040599,117,[0|99],[0|99],40405,40405
4040699,117,[0|99],[0|99],40406,40406
4040799,117,[0|99],[0|99],40407,40407
691105,117,[0|5],[0|5],6911,6751
691110,117,[6|10],[6|10],6911,6752
691115,117,[11|15],[11|15],6911,6753
691120,117,[16|20],[16|20],6911,6754
691125,117,[21|25],[21|25],6911,6755
691130,117,[26|30],[26|30],6911,6756
691135,117,[31|35],[31|35],6911,6757
691140,117,[36|40],[36|40],6911,6758
691145,117,[41|45],[41|45],6911,6759
691199,117,[46|99],[46|99],6911,6760
691205,117,[0|5],[0|5],6912,6761
691210,117,[6|10],[6|10],6912,6762
691215,117,[11|15],[11|15],6912,6763
691220,117,[16|20],[16|20],6912,6764
691225,117,[21|25],[21|25],6912,6765
691230,117,[26|30],[26|30],6912,6766
691235,117,[31|35],[31|35],6912,6767
691240,117,[36|40],[36|40],6912,6768
691245,117,[41|45],[41|45],6912,6769
691299,117,[46|99],[46|99],6912,6770
691305,117,[0|5],[0|5],6913,6781
691310,117,[6|10],[6|10],6913,6782
691315,117,[11|15],[11|15],6913,6783
691320,117,[16|20],[16|20],6913,6784
691325,117,[21|25],[21|25],6913,6785
691330,117,[26|30],[26|30],6913,6786
691335,117,[31|35],[31|35],6913,6787
691340,117,[36|40],[36|40],6913,6788
691345,117,[41|45],[41|45],6913,6789
691399,117,[46|99],[46|99],6913,6790
691405,117,[0|5],[0|5],6914,6771
691410,117,[6|10],[6|10],6914,6772
691415,117,[11|15],[11|15],6914,6773
691420,117,[16|20],[16|20],6914,6774
691425,117,[21|25],[21|25],6914,6775
691430,117,[26|30],[26|30],6914,6776
691435,117,[31|35],[31|35],6914,6777
691440,117,[36|40],[36|40],6914,6778
691445,117,[41|45],[41|45],6914,6779
691499,117,[46|99],[46|99],6914,6780
507169305,117,[0|5],[0|5],5071693,507169301
507169310,117,[6|10],[6|10],5071693,507169302
507169315,117,[11|15],[11|15],5071693,507169303
507169320,117,[16|20],[16|20],5071693,507169304
507169325,117,[21|25],[21|25],5071693,507169305
507169330,117,[26|30],[26|30],5071693,507169306
507169335,117,[31|35],[31|35],5071693,507169307
507169340,117,[36|40],[36|40],5071693,507169308
507169345,117,[41|45],[41|45],5071693,507169309
507169399,117,[46|99],[46|99],5071693,507169310
691505,117,[0|5],[0|5],6915,7271
691510,117,[6|10],[6|10],6915,7272
691515,117,[11|15],[11|15],6915,7273
691520,117,[16|20],[16|20],6915,7274
691525,117,[21|25],[21|25],6915,7275
691530,117,[26|30],[26|30],6915,7276
691535,117,[31|35],[31|35],6915,7277
691540,117,[36|40],[36|40],6915,7278
691545,117,[41|45],[41|45],6915,7279
691599,117,[46|99],[46|99],6915,7280
691605,117,[0|5],[0|5],6916,7281
691610,117,[6|10],[6|10],6916,7282
691615,117,[11|15],[11|15],6916,7283
691620,117,[16|20],[16|20],6916,7284
691625,117,[21|25],[21|25],6916,7285
691630,117,[26|30],[26|30],6916,7286
691635,117,[31|35],[31|35],6916,7287
691640,117,[36|40],[36|40],6916,7288
691645,117,[41|45],[41|45],6916,7289
691699,117,[46|99],[46|99],6916,7290
691705,117,[0|5],[0|5],6917,7291
691710,117,[6|10],[6|10],6917,7292
691715,117,[11|15],[11|15],6917,7293
691720,117,[16|20],[16|20],6917,7294
691725,117,[21|25],[21|25],6917,7295
691730,117,[26|30],[26|30],6917,7296
691735,117,[31|35],[31|35],6917,7297
691740,117,[36|40],[36|40],6917,7298
691745,117,[41|45],[41|45],6917,7299
691799,117,[46|99],[46|99],6917,7300
692199,117,[0|99],[0|99],6921,6791
692299,117,[0|99],[0|99],6922,6792
692399,117,[0|99],[0|99],6923,6793
692499,117,[0|99],[0|99],6924,6794
692599,117,[0|99],[0|99],6925,6795
692699,117,[0|99],[0|99],6926,6796
692799,117,[0|99],[0|99],6927,6797
692899,117,[0|99],[0|99],6928,6798
692999,117,[0|99],[0|99],6929,6799
693099,117,[0|99],[0|99],6930,6800
693199,117,[0|99],[0|99],6931,7311
693299,117,[0|99],[0|99],6932,7312
693399,117,[0|99],[0|99],6933,7313
693499,117,[0|99],[0|99],6934,7314
693599,117,[0|99],[0|99],6935,7315
693699,117,[0|99],[0|99],6936,7316
693799,117,[0|99],[0|99],6937,7317
693899,117,[0|99],[0|99],6938,7318
693999,117,[0|99],[0|99],6939,7319
694099,117,[0|99],[0|99],6940,7320
694199,117,[0|99],[0|99],6941,7321
694299,117,[0|99],[0|99],6942,7322
694399,117,[0|99],[0|99],6943,7323
694499,117,[0|99],[0|99],6944,7324
694599,117,[0|99],[0|99],6945,7325
694699,117,[0|99],[0|99],6946,7326
694799,117,[0|99],[0|99],6947,7327
694899,117,[0|99],[0|99],6948,7328
694999,117,[0|99],[0|99],6949,7329
695099,117,[0|99],[0|99],6950,7330
695199,117,[0|99],[0|99],6951,7341
695299,117,[0|99],[0|99],6952,7342
695399,117,[0|99],[0|99],6953,7343
695499,117,[0|99],[0|99],6954,7344
695599,117,[0|99],[0|99],6955,7345
695699,117,[0|99],[0|99],6956,7346
695799,117,[0|99],[0|99],6957,7347
695899,117,[0|99],[0|99],6958,7348
695999,117,[0|99],[0|99],6959,7349
696099,117,[0|99],[0|99],6960,7350
696199,117,[0|99],[0|99],6961,7501
696299,117,[0|99],[0|99],6962,7502
696399,117,[0|99],[0|99],6963,7503
696499,117,[0|99],[0|99],6964,7504
696599,117,[0|99],[0|99],6965,7505
696699,117,[0|99],[0|99],6966,7506
696799,117,[0|99],[0|99],6967,7507
696899,117,[0|99],[0|99],6968,7508
696999,117,[0|99],[0|99],6969,7509
697099,117,[0|99],[0|99],6970,7510
697199,117,[0|99],[0|99],6971,107911
697299,117,[0|99],[0|99],6972,107912
697399,117,[0|99],[0|99],6973,107913
697499,117,[0|99],[0|99],6974,107914
697599,117,[0|99],[0|99],6975,107915
4500105,106,[0|5],[0|5],45001,45001
4500110,106,[6|10],[6|10],45001,45011
4500115,106,[11|15],[11|15],45001,45021
4500120,106,[16|20],[16|20],45001,45031
4500125,106,[21|25],[21|25],45001,45041
4500130,106,[26|30],[26|30],45001,45051
4500135,106,[31|35],[31|35],45001,45061
4500140,106,[36|40],[36|40],45001,45071
4500145,106,[41|45],[41|45],45001,45081
4500199,106,[46|99],[46|99],45001,45091
4510105,107,[0|5],[0|5],45101,45101
4510110,107,[6|10],[6|10],45101,45111
4510115,107,[11|15],[11|15],45101,45121
4510120,107,[16|20],[16|20],45101,45131
4510125,107,[21|25],[21|25],45101,45141
4510130,107,[26|30],[26|30],45101,45151
4510135,107,[31|35],[31|35],45101,45161
4510140,107,[36|40],[36|40],45101,45171
4510145,107,[41|45],[41|45],45101,45181
4510199,107,[46|99],[46|99],45101,45191
8610199,117,[0|999],[0|999],86101,86101
2600099,117,[0|99],[0|99],26000,26000
2600105,117,[0|5],[0|5],26001,26001
2600205,117,[0|5],[0|5],26002,26002
2600305,117,[0|5],[0|5],26003,26003
2600405,117,[0|5],[0|5],26004,26004
2600505,117,[0|5],[0|5],26005,26005
2600108,117,[6|8],[6|8],26001,26006
2600208,117,[6|8],[6|8],26002,26007
2600308,117,[6|8],[6|8],26003,26008
2600408,117,[6|8],[6|8],26004,26009
2600508,117,[6|8],[6|8],26005,26010
2600110,117,[9|10],[9|10],26001,26011
2600210,117,[9|10],[9|10],26002,26012
2600310,117,[9|10],[9|10],26003,26013
2600410,117,[9|10],[9|10],26004,26014
2600510,117,[9|10],[9|10],26005,26015
2600113,117,[11|13],[11|13],26001,26016
2600213,117,[11|13],[11|13],26002,26017
2600313,117,[11|13],[11|13],26003,26018
2600413,117,[11|13],[11|13],26004,26019
2600513,117,[11|13],[11|13],26005,26020
2600115,117,[14|15],[14|15],26001,26021
2600215,117,[14|15],[14|15],26002,26022
2600315,117,[14|15],[14|15],26003,26023
2600415,117,[14|15],[14|15],26004,26024
2600515,117,[14|15],[14|15],26005,26025
2600118,117,[16|18],[16|18],26001,26026
2600218,117,[16|18],[16|18],26002,26027
2600318,117,[16|18],[16|18],26003,26028
2600418,117,[16|18],[16|18],26004,26029
2600518,117,[16|18],[16|18],26005,26030
2600120,117,[19|20],[19|20],26001,26031
2600220,117,[19|20],[19|20],26002,26032
2600320,117,[19|20],[19|20],26003,26033
2600420,117,[19|20],[19|20],26004,26034
2600520,117,[19|20],[19|20],26005,26035
2600123,117,[21|23],[21|23],26001,26036
2600223,117,[21|23],[21|23],26002,26037
2600323,117,[21|23],[21|23],26003,26038
2600423,117,[21|23],[21|23],26004,26039
2600523,117,[21|23],[21|23],26005,26040
2600125,117,[24|25],[24|25],26001,26041
2600225,117,[24|25],[24|25],26002,26042
2600325,117,[24|25],[24|25],26003,26043
2600425,117,[24|25],[24|25],26004,26044
2600525,117,[24|25],[24|25],26005,26045
2600128,117,[26|28],[26|28],26001,26046
2600228,117,[26|28],[26|28],26002,26047
2600328,117,[26|28],[26|28],26003,26048
2600428,117,[26|28],[26|28],26004,26049
2600528,117,[26|28],[26|28],26005,26050
2600130,117,[29|30],[29|30],26001,26051
2600230,117,[29|30],[29|30],26002,26052
2600330,117,[29|30],[29|30],26003,26053
2600430,117,[29|30],[29|30],26004,26054
2600530,117,[29|30],[29|30],26005,26055
2600133,117,[31|33],[31|33],26001,26056
2600233,117,[31|33],[31|33],26002,26057
2600333,117,[31|33],[31|33],26003,26058
2600433,117,[31|33],[31|33],26004,26059
2600533,117,[31|33],[31|33],26005,26060
2600135,117,[34|35],[34|35],26001,26061
2600235,117,[34|35],[34|35],26002,26062
2600335,117,[34|35],[34|35],26003,26063
2600435,117,[34|35],[34|35],26004,26064
2600535,117,[34|35],[34|35],26005,26065
2600138,117,[36|38],[36|38],26001,26066
2600238,117,[36|38],[36|38],26002,26067
2600338,117,[36|38],[36|38],26003,26068
2600438,117,[36|38],[36|38],26004,26069
2600538,117,[36|38],[36|38],26005,26070
2600199,117,[39|99],[39|99],26001,26071
2600299,117,[39|99],[39|99],26002,26072
2600399,117,[39|99],[39|99],26003,26073
2600499,117,[39|99],[39|99],26004,26074
2600599,117,[39|99],[39|99],26005,26075
2610105,117,[0|5],[0|5],26101,26101
2610205,117,[0|5],[0|5],26102,26102
2610305,117,[0|5],[0|5],26103,26103
2610405,117,[0|5],[0|5],26104,26104
2610505,117,[0|5],[0|5],26105,26105
2610108,117,[6|8],[6|8],26101,26106
2610208,117,[6|8],[6|8],26102,26107
2610308,117,[6|8],[6|8],26103,26108
2610408,117,[6|8],[6|8],26104,26109
2610508,117,[6|8],[6|8],26105,26110
2610110,117,[9|10],[9|10],26101,26111
2610210,117,[9|10],[9|10],26102,26112
2610310,117,[9|10],[9|10],26103,26113
2610410,117,[9|10],[9|10],26104,26114
2610510,117,[9|10],[9|10],26105,26115
2610113,117,[11|13],[11|13],26101,26116
2610213,117,[11|13],[11|13],26102,26117
2610313,117,[11|13],[11|13],26103,26118
2610413,117,[11|13],[11|13],26104,26119
2610513,117,[11|13],[11|13],26105,26120
2610115,117,[14|15],[14|15],26101,26121
2610215,117,[14|15],[14|15],26102,26122
2610315,117,[14|15],[14|15],26103,26123
2610415,117,[14|15],[14|15],26104,26124
2610515,117,[14|15],[14|15],26105,26125
2610118,117,[16|18],[16|18],26101,26126
2610218,117,[16|18],[16|18],26102,26127
2610318,117,[16|18],[16|18],26103,26128
2610418,117,[16|18],[16|18],26104,26129
2610518,117,[16|18],[16|18],26105,26130
2610120,117,[19|20],[19|20],26101,26131
2610220,117,[19|20],[19|20],26102,26132
2610320,117,[19|20],[19|20],26103,26133
2610420,117,[19|20],[19|20],26104,26134
2610520,117,[19|20],[19|20],26105,26135
2610123,117,[21|23],[21|23],26101,26136
2610223,117,[21|23],[21|23],26102,26137
2610323,117,[21|23],[21|23],26103,26138
2610423,117,[21|23],[21|23],26104,26139
2610523,117,[21|23],[21|23],26105,26140
2610125,117,[24|25],[24|25],26101,26141
2610225,117,[24|25],[24|25],26102,26142
2610325,117,[24|25],[24|25],26103,26143
2610425,117,[24|25],[24|25],26104,26144
2610525,117,[24|25],[24|25],26105,26145
2610128,117,[26|28],[26|28],26101,26146
2610228,117,[26|28],[26|28],26102,26147
2610328,117,[26|28],[26|28],26103,26148
2610428,117,[26|28],[26|28],26104,26149
2610528,117,[26|28],[26|28],26105,26150
2610130,117,[29|30],[29|30],26101,26151
2610230,117,[29|30],[29|30],26102,26152
2610330,117,[29|30],[29|30],26103,26153
2610430,117,[29|30],[29|30],26104,26154
2610530,117,[29|30],[29|30],26105,26155
2610133,117,[31|33],[31|33],26101,26156
2610233,117,[31|33],[31|33],26102,26157
2610333,117,[31|33],[31|33],26103,26158
2610433,117,[31|33],[31|33],26104,26159
2610533,117,[31|33],[31|33],26105,26160
2610135,117,[34|35],[34|35],26101,26161
2610235,117,[34|35],[34|35],26102,26162
2610335,117,[34|35],[34|35],26103,26163
2610435,117,[34|35],[34|35],26104,26164
2610535,117,[34|35],[34|35],26105,26165
2610138,117,[36|38],[36|38],26101,26166
2610238,117,[36|38],[36|38],26102,26167
2610338,117,[36|38],[36|38],26103,26168
2610438,117,[36|38],[36|38],26104,26169
2610538,117,[36|38],[36|38],26105,26170
2610199,117,[39|99],[39|99],26101,26171
2610299,117,[39|99],[39|99],26102,26172
2610399,117,[39|99],[39|99],26103,26173
2610499,117,[39|99],[39|99],26104,26174
2610599,117,[39|99],[39|99],26105,26175
2670099,117,[0|99],[0|99],26700,26700
2670105,117,[0|5],[0|5],26701,26701
2670205,117,[0|5],[0|5],26702,26702
2670305,117,[0|5],[0|5],26703,26703
2670405,117,[0|5],[0|5],26704,26704
2670505,117,[0|5],[0|5],26705,26705
2670108,117,[6|8],[6|8],26701,26706
2670208,117,[6|8],[6|8],26702,26707
2670308,117,[6|8],[6|8],26703,26708
2670408,117,[6|8],[6|8],26704,26709
2670508,117,[6|8],[6|8],26705,26710
2670110,117,[9|10],[9|10],26701,26711
2670210,117,[9|10],[9|10],26702,26712
2670310,117,[9|10],[9|10],26703,26713
2670410,117,[9|10],[9|10],26704,26714
2670510,117,[9|10],[9|10],26705,26715
2670113,117,[11|13],[11|13],26701,26716
2670213,117,[11|13],[11|13],26702,26717
2670313,117,[11|13],[11|13],26703,26718
2670413,117,[11|13],[11|13],26704,26719
2670513,117,[11|13],[11|13],26705,26720
2670115,117,[14|15],[14|15],26701,26721
2670215,117,[14|15],[14|15],26702,26722
2670315,117,[14|15],[14|15],26703,26723
2670415,117,[14|15],[14|15],26704,26724
2670515,117,[14|15],[14|15],26705,26725
2670118,117,[16|18],[16|18],26701,26726
2670218,117,[16|18],[16|18],26702,26727
2670318,117,[16|18],[16|18],26703,26728
2670418,117,[16|18],[16|18],26704,26729
2670518,117,[16|18],[16|18],26705,26730
2670120,117,[19|20],[19|20],26701,26731
2670220,117,[19|20],[19|20],26702,26732
2670320,117,[19|20],[19|20],26703,26733
2670420,117,[19|20],[19|20],26704,26734
2670520,117,[19|20],[19|20],26705,26735
2670123,117,[21|23],[21|23],26701,26736
2670223,117,[21|23],[21|23],26702,26737
2670323,117,[21|23],[21|23],26703,26738
2670423,117,[21|23],[21|23],26704,26739
2670523,117,[21|23],[21|23],26705,26740
2670125,117,[24|25],[24|25],26701,26741
2670225,117,[24|25],[24|25],26702,26742
2670325,117,[24|25],[24|25],26703,26743
2670425,117,[24|25],[24|25],26704,26744
2670525,117,[24|25],[24|25],26705,26745
2670128,117,[26|28],[26|28],26701,26746
2670228,117,[26|28],[26|28],26702,26747
2670328,117,[26|28],[26|28],26703,26748
2670428,117,[26|28],[26|28],26704,26749
2670528,117,[26|28],[26|28],26705,26750
2670130,117,[29|30],[29|30],26701,26751
2670230,117,[29|30],[29|30],26702,26752
2670330,117,[29|30],[29|30],26703,26753
2670430,117,[29|30],[29|30],26704,26754
2670530,117,[29|30],[29|30],26705,26755
2670133,117,[31|33],[31|33],26701,26756
2670233,117,[31|33],[31|33],26702,26757
2670333,117,[31|33],[31|33],26703,26758
2670433,117,[31|33],[31|33],26704,26759
2670533,117,[31|33],[31|33],26705,26760
2670135,117,[34|35],[34|35],26701,26761
2670235,117,[34|35],[34|35],26702,26762
2670335,117,[34|35],[34|35],26703,26763
2670435,117,[34|35],[34|35],26704,26764
2670535,117,[34|35],[34|35],26705,26765
2670138,117,[36|38],[36|38],26701,26766
2670238,117,[36|38],[36|38],26702,26767
2670338,117,[36|38],[36|38],26703,26768
2670438,117,[36|38],[36|38],26704,26769
2670538,117,[36|38],[36|38],26705,26770
2670199,117,[39|99],[39|99],26701,26771
2670299,117,[39|99],[39|99],26702,26772
2670399,117,[39|99],[39|99],26703,26773
2670499,117,[39|99],[39|99],26704,26774
2670599,117,[39|99],[39|99],26705,26775
2680105,117,[0|5],[0|5],26801,26801
2680108,117,[6|8],[6|8],26801,26802
2680110,117,[9|10],[9|10],26801,26803
2680113,117,[11|13],[11|13],26801,26804
2680115,117,[14|15],[14|15],26801,26805
2680118,117,[16|18],[16|18],26801,26806
2680120,117,[19|20],[19|20],26801,26807
2680123,117,[21|23],[21|23],26801,26808
2680125,117,[24|25],[24|25],26801,26809
2680128,117,[26|28],[26|28],26801,26810
2680130,117,[29|30],[29|30],26801,26811
2680133,117,[31|33],[31|33],26801,26812
2680135,117,[34|35],[34|35],26801,26813
2680138,117,[36|38],[36|38],26801,26814
2680199,117,[39|99],[39|99],26801,26815
2680205,117,[0|5],[0|5],26802,26841
2680208,117,[6|8],[6|8],26802,26842
2680210,117,[9|10],[9|10],26802,26843
2680213,117,[11|13],[11|13],26802,26844
2680215,117,[14|15],[14|15],26802,26845
2680218,117,[16|18],[16|18],26802,26846
2680220,117,[19|20],[19|20],26802,26847
2680223,117,[21|23],[21|23],26802,26848
2680225,117,[24|25],[24|25],26802,26849
2680228,117,[26|28],[26|28],26802,26850
2680230,117,[29|30],[29|30],26802,26851
2680233,117,[31|33],[31|33],26802,26852
2680235,117,[34|35],[34|35],26802,26853
2680238,117,[36|38],[36|38],26802,26854
2680299,117,[39|99],[39|99],26802,26855
2680305,117,[0|5],[0|5],26803,26861
2680308,117,[6|8],[6|8],26803,26862
2680310,117,[9|10],[9|10],26803,26863
2680313,117,[11|13],[11|13],26803,26864
2680315,117,[14|15],[14|15],26803,26865
2680318,117,[16|18],[16|18],26803,26866
2680320,117,[19|20],[19|20],26803,26867
2680323,117,[21|23],[21|23],26803,26868
2680325,117,[24|25],[24|25],26803,26869
2680328,117,[26|28],[26|28],26803,26870
2680330,117,[29|30],[29|30],26803,26871
2680333,117,[31|33],[31|33],26803,26872
2680335,117,[34|35],[34|35],26803,26873
2680338,117,[36|38],[36|38],26803,26874
2680399,117,[39|99],[39|99],26803,26875
2680405,117,[0|5],[0|5],26804,26881
2680408,117,[6|8],[6|8],26804,26882
2680410,117,[9|10],[9|10],26804,26883
2680413,117,[11|13],[11|13],26804,26884
2680415,117,[14|15],[14|15],26804,26885
2680418,117,[16|18],[16|18],26804,26886
2680420,117,[19|20],[19|20],26804,26887
2680423,117,[21|23],[21|23],26804,26888
2680425,117,[24|25],[24|25],26804,26889
2680428,117,[26|28],[26|28],26804,26890
2680430,117,[29|30],[29|30],26804,26891
2680433,117,[31|33],[31|33],26804,26892
2680435,117,[34|35],[34|35],26804,26893
2680438,117,[36|38],[36|38],26804,26894
2680499,117,[39|99],[39|99],26804,26895
2682105,117,[0|5],[0|5],26821,26821
2682108,117,[6|8],[6|8],26821,26822
2682110,117,[9|10],[9|10],26821,26823
2682113,117,[11|13],[11|13],26821,26824
2682115,117,[14|15],[14|15],26821,26825
2682118,117,[16|18],[16|18],26821,26826
2682120,117,[19|20],[19|20],26821,26827
2682123,117,[21|23],[21|23],26821,26828
2682125,117,[24|25],[24|25],26821,26829
2682128,117,[26|28],[26|28],26821,26830
2682130,117,[29|30],[29|30],26821,26831
2682133,117,[31|33],[31|33],26821,26832
2682135,117,[34|35],[34|35],26821,26833
2682138,117,[36|38],[36|38],26821,26834
2682199,117,[39|99],[39|99],26821,26835
2682205,117,[0|5],[0|5],26822,26901
2682208,117,[6|8],[6|8],26822,26902
2682210,117,[9|10],[9|10],26822,26903
2682213,117,[11|13],[11|13],26822,26904
2682215,117,[14|15],[14|15],26822,26905
2682218,117,[16|18],[16|18],26822,26906
2682220,117,[19|20],[19|20],26822,26907
2682223,117,[21|23],[21|23],26822,26908
2682225,117,[24|25],[24|25],26822,26909
2682228,117,[26|28],[26|28],26822,26910
2682230,117,[29|30],[29|30],26822,26911
2682233,117,[31|33],[31|33],26822,26912
2682235,117,[34|35],[34|35],26822,26913
2682238,117,[36|38],[36|38],26822,26914
2682299,117,[39|99],[39|99],26822,26915
2682305,117,[0|5],[0|5],26823,26921
2682308,117,[6|8],[6|8],26823,26922
2682310,117,[9|10],[9|10],26823,26923
2682313,117,[11|13],[11|13],26823,26924
2682315,117,[14|15],[14|15],26823,26925
2682318,117,[16|18],[16|18],26823,26926
2682320,117,[19|20],[19|20],26823,26927
2682323,117,[21|23],[21|23],26823,26928
2682325,117,[24|25],[24|25],26823,26929
2682328,117,[26|28],[26|28],26823,26930
2682330,117,[29|30],[29|30],26823,26931
2682333,117,[31|33],[31|33],26823,26932
2682335,117,[34|35],[34|35],26823,26933
2682338,117,[36|38],[36|38],26823,26934
2682399,117,[39|99],[39|99],26823,26935
2682405,117,[0|5],[0|5],26824,26941
2682408,117,[6|8],[6|8],26824,26942
2682410,117,[9|10],[9|10],26824,26943
2682413,117,[11|13],[11|13],26824,26944
2682415,117,[14|15],[14|15],26824,26945
2682418,117,[16|18],[16|18],26824,26946
2682420,117,[19|20],[19|20],26824,26947
2682423,117,[21|23],[21|23],26824,26948
2682425,117,[24|25],[24|25],26824,26949
2682428,117,[26|28],[26|28],26824,26950
2682430,117,[29|30],[29|30],26824,26951
2682433,117,[31|33],[31|33],26824,26952
2682435,117,[34|35],[34|35],26824,26953
2682438,117,[36|38],[36|38],26824,26954
2682499,117,[39|99],[39|99],26824,26955
2700199,117,[0|99],[0|99],27001,27001
2700299,117,[0|99],[0|99],27002,27002
2700399,117,[0|99],[0|99],27003,27003
2700499,117,[0|99],[0|99],27004,27004
2700599,117,[0|99],[0|99],27005,27005
2701199,117,[0|99],[0|99],27011,27011
2701299,117,[0|99],[0|99],27012,27012
2701399,117,[0|99],[0|99],27013,27013
2701499,117,[0|99],[0|99],27014,27014
2701599,117,[0|99],[0|99],27015,27015
2702199,117,[0|99],[0|99],27021,27021
2702299,117,[0|99],[0|99],27022,27022
2702399,117,[0|99],[0|99],27023,27023
2702499,117,[0|99],[0|99],27024,27024
2702599,117,[0|99],[0|99],27025,27025
2703199,117,[0|99],[0|99],27031,27031
2703299,117,[0|99],[0|99],27032,27032
2703399,117,[0|99],[0|99],27033,27033
2703499,117,[0|99],[0|99],27034,27034
2703599,117,[0|99],[0|99],27035,27035
2704199,117,[0|99],[0|99],27041,27041
2704299,117,[0|99],[0|99],27042,27042
2704399,117,[0|99],[0|99],27043,27043
2704499,117,[0|99],[0|99],27044,27044
2704599,117,[0|99],[0|99],27045,27045
2705199,117,[0|99],[0|99],27051,27051
2705299,117,[0|99],[0|99],27052,27052
2705399,117,[0|99],[0|99],27053,27053
2705499,117,[0|99],[0|99],27054,27054
2705599,117,[0|99],[0|99],27055,27055
2706199,117,[0|99],[0|99],27061,27061
2706299,117,[0|99],[0|99],27062,27062
2706399,117,[0|99],[0|99],27063,27063
2706499,117,[0|99],[0|99],27064,27064
2706599,117,[0|99],[0|99],27065,27065
2707199,117,[0|99],[0|99],27071,27071
2707299,117,[0|99],[0|99],27072,27072
2707399,117,[0|99],[0|99],27073,27073
2707499,117,[0|99],[0|99],27074,27074
2707599,117,[0|99],[0|99],27075,27075
2708199,117,[0|99],[0|99],27081,27081
2708299,117,[0|99],[0|99],27082,27082
2708399,117,[0|99],[0|99],27083,27083
2708499,117,[0|99],[0|99],27084,27084
2708599,117,[0|99],[0|99],27085,27085
2710199,117,[0|99],[0|99],27101,27101
2710299,117,[0|99],[0|99],27102,27102
2710399,117,[0|99],[0|99],27103,27103
2710499,117,[0|99],[0|99],27104,27104
2710599,117,[0|99],[0|99],27105,27105
2711199,117,[0|99],[0|99],27111,27111
2711299,117,[0|99],[0|99],27112,27112
2711399,117,[0|99],[0|99],27113,27113
2711499,117,[0|99],[0|99],27114,27114
2711599,117,[0|99],[0|99],27115,27115
2712199,117,[0|99],[0|99],27121,27121
2712299,117,[0|99],[0|99],27122,27122
2712399,117,[0|99],[0|99],27123,27123
2712499,117,[0|99],[0|99],27124,27124
2712599,117,[0|99],[0|99],27125,27125
2713199,117,[0|99],[0|99],27131,27131
2713299,117,[0|99],[0|99],27132,27132
2713399,117,[0|99],[0|99],27133,27133
2713499,117,[0|99],[0|99],27134,27134
2713599,117,[0|99],[0|99],27135,27135
2630099,117,[0|99],[0|99],26300,26300
2630105,117,[0|5],[0|5],26301,26301
2630205,117,[0|5],[0|5],26302,26302
2630305,117,[0|5],[0|5],26303,26303
2630405,117,[0|5],[0|5],26304,26304
2630505,117,[0|5],[0|5],26305,26305
2630108,117,[6|8],[6|8],26301,26306
2630208,117,[6|8],[6|8],26302,26307
2630308,117,[6|8],[6|8],26303,26308
2630408,117,[6|8],[6|8],26304,26309
2630508,117,[6|8],[6|8],26305,26310
2630110,117,[9|10],[9|10],26301,26311
2630210,117,[9|10],[9|10],26302,26312
2630310,117,[9|10],[9|10],26303,26313
2630410,117,[9|10],[9|10],26304,26314
2630510,117,[9|10],[9|10],26305,26315
2630113,117,[11|13],[11|13],26301,26316
2630213,117,[11|13],[11|13],26302,26317
2630313,117,[11|13],[11|13],26303,26318
2630413,117,[11|13],[11|13],26304,26319
2630513,117,[11|13],[11|13],26305,26320
2630115,117,[14|15],[14|15],26301,26321
2630215,117,[14|15],[14|15],26302,26322
2630315,117,[14|15],[14|15],26303,26323
2630415,117,[14|15],[14|15],26304,26324
2630515,117,[14|15],[14|15],26305,26325
2630118,117,[16|18],[16|18],26301,26326
2630218,117,[16|18],[16|18],26302,26327
2630318,117,[16|18],[16|18],26303,26328
2630418,117,[16|18],[16|18],26304,26329
2630518,117,[16|18],[16|18],26305,26330
2630120,117,[19|20],[19|20],26301,26331
2630220,117,[19|20],[19|20],26302,26332
2630320,117,[19|20],[19|20],26303,26333
2630420,117,[19|20],[19|20],26304,26334
2630520,117,[19|20],[19|20],26305,26335
2630123,117,[21|23],[21|23],26301,26336
2630223,117,[21|23],[21|23],26302,26337
2630323,117,[21|23],[21|23],26303,26338
2630423,117,[21|23],[21|23],26304,26339
2630523,117,[21|23],[21|23],26305,26340
2630125,117,[24|25],[24|25],26301,26341
2630225,117,[24|25],[24|25],26302,26342
2630325,117,[24|25],[24|25],26303,26343
2630425,117,[24|25],[24|25],26304,26344
2630525,117,[24|25],[24|25],26305,26345
2630128,117,[26|28],[26|28],26301,26346
2630228,117,[26|28],[26|28],26302,26347
2630328,117,[26|28],[26|28],26303,26348
2630428,117,[26|28],[26|28],26304,26349
2630528,117,[26|28],[26|28],26305,26350
2630130,117,[29|30],[29|30],26301,26351
2630230,117,[29|30],[29|30],26302,26352
2630330,117,[29|30],[29|30],26303,26353
2630430,117,[29|30],[29|30],26304,26354
2630530,117,[29|30],[29|30],26305,26355
2630133,117,[31|33],[31|33],26301,26356
2630233,117,[31|33],[31|33],26302,26357
2630333,117,[31|33],[31|33],26303,26358
2630433,117,[31|33],[31|33],26304,26359
2630533,117,[31|33],[31|33],26305,26360
2630135,117,[34|35],[34|35],26301,26361
2630235,117,[34|35],[34|35],26302,26362
2630335,117,[34|35],[34|35],26303,26363
2630435,117,[34|35],[34|35],26304,26364
2630535,117,[34|35],[34|35],26305,26365
2630138,117,[36|38],[36|38],26301,26366
2630238,117,[36|38],[36|38],26302,26367
2630338,117,[36|38],[36|38],26303,26368
2630438,117,[36|38],[36|38],26304,26369
2630538,117,[36|38],[36|38],26305,26370
2630199,117,[39|99],[39|99],26301,26371
2630299,117,[39|99],[39|99],26302,26372
2630399,117,[39|99],[39|99],26303,26373
2630499,117,[39|99],[39|99],26304,26374
2630599,117,[39|99],[39|99],26305,26375
2660099,117,[0|99],[0|99],26600,26600
2660105,117,[0|5],[0|5],26601,26601
2660205,117,[0|5],[0|5],26602,26602
2660305,117,[0|5],[0|5],26603,26603
2660405,117,[0|5],[0|5],26604,26604
2660505,117,[0|5],[0|5],26605,26605
2660108,117,[6|8],[6|8],26601,26606
2660208,117,[6|8],[6|8],26602,26607
2660308,117,[6|8],[6|8],26603,26608
2660408,117,[6|8],[6|8],26604,26609
2660508,117,[6|8],[6|8],26605,26610
2660110,117,[9|10],[9|10],26601,26611
2660210,117,[9|10],[9|10],26602,26612
2660310,117,[9|10],[9|10],26603,26613
2660410,117,[9|10],[9|10],26604,26614
2660510,117,[9|10],[9|10],26605,26615
2660113,117,[11|13],[11|13],26601,26616
2660213,117,[11|13],[11|13],26602,26617
2660313,117,[11|13],[11|13],26603,26618
2660413,117,[11|13],[11|13],26604,26619
2660513,117,[11|13],[11|13],26605,26620
2660115,117,[14|15],[14|15],26601,26621
2660215,117,[14|15],[14|15],26602,26622
2660315,117,[14|15],[14|15],26603,26623
2660415,117,[14|15],[14|15],26604,26624
2660515,117,[14|15],[14|15],26605,26625
2660118,117,[16|18],[16|18],26601,26626
2660218,117,[16|18],[16|18],26602,26627
2660318,117,[16|18],[16|18],26603,26628
2660418,117,[16|18],[16|18],26604,26629
2660518,117,[16|18],[16|18],26605,26630
2660120,117,[19|20],[19|20],26601,26631
2660220,117,[19|20],[19|20],26602,26632
2660320,117,[19|20],[19|20],26603,26633
2660420,117,[19|20],[19|20],26604,26634
2660520,117,[19|20],[19|20],26605,26635
2660123,117,[21|23],[21|23],26601,26636
2660223,117,[21|23],[21|23],26602,26637
2660323,117,[21|23],[21|23],26603,26638
2660423,117,[21|23],[21|23],26604,26639
2660523,117,[21|23],[21|23],26605,26640
2660125,117,[24|25],[24|25],26601,26641
2660225,117,[24|25],[24|25],26602,26642
2660325,117,[24|25],[24|25],26603,26643
2660425,117,[24|25],[24|25],26604,26644
2660525,117,[24|25],[24|25],26605,26645
2660128,117,[26|28],[26|28],26601,26646
2660228,117,[26|28],[26|28],26602,26647
2660328,117,[26|28],[26|28],26603,26648
2660428,117,[26|28],[26|28],26604,26649
2660528,117,[26|28],[26|28],26605,26650
2660130,117,[29|30],[29|30],26601,26651
2660230,117,[29|30],[29|30],26602,26652
2660330,117,[29|30],[29|30],26603,26653
2660430,117,[29|30],[29|30],26604,26654
2660530,117,[29|30],[29|30],26605,26655
2660133,117,[31|33],[31|33],26601,26656
2660233,117,[31|33],[31|33],26602,26657
2660333,117,[31|33],[31|33],26603,26658
2660433,117,[31|33],[31|33],26604,26659
2660533,117,[31|33],[31|33],26605,26660
2660135,117,[34|35],[34|35],26601,26661
2660235,117,[34|35],[34|35],26602,26662
2660335,117,[34|35],[34|35],26603,26663
2660435,117,[34|35],[34|35],26604,26664
2660535,117,[34|35],[34|35],26605,26665
2660138,117,[36|38],[36|38],26601,26666
2660238,117,[36|38],[36|38],26602,26667
2660338,117,[36|38],[36|38],26603,26668
2660438,117,[36|38],[36|38],26604,26669
2660538,117,[36|38],[36|38],26605,26670
2660199,117,[39|99],[39|99],26601,26671
2660299,117,[39|99],[39|99],26602,26672
2660399,117,[39|99],[39|99],26603,26673
2660499,117,[39|99],[39|99],26604,26674
2660599,117,[39|99],[39|99],26605,26675
2850099,117,[0|99],[0|99],28500,28500
2850105,117,[0|5],[0|5],28501,28501
2850205,117,[0|5],[0|5],28502,28502
2850305,117,[0|5],[0|5],28503,28503
2850405,117,[0|5],[0|5],28504,28504
2850505,117,[0|5],[0|5],28505,28505
2850108,117,[6|8],[6|8],28501,28506
2850208,117,[6|8],[6|8],28502,28507
2850308,117,[6|8],[6|8],28503,28508
2850408,117,[6|8],[6|8],28504,28509
2850508,117,[6|8],[6|8],28505,28510
2850110,117,[9|10],[9|10],28501,28511
2850210,117,[9|10],[9|10],28502,28512
2850310,117,[9|10],[9|10],28503,28513
2850410,117,[9|10],[9|10],28504,28514
2850510,117,[9|10],[9|10],28505,28515
2850113,117,[11|13],[11|13],28501,28516
2850213,117,[11|13],[11|13],28502,28517
2850313,117,[11|13],[11|13],28503,28518
2850413,117,[11|13],[11|13],28504,28519
2850513,117,[11|13],[11|13],28505,28520
2850115,117,[14|15],[14|15],28501,28521
2850215,117,[14|15],[14|15],28502,28522
2850315,117,[14|15],[14|15],28503,28523
2850415,117,[14|15],[14|15],28504,28524
2850515,117,[14|15],[14|15],28505,28525
2850118,117,[16|18],[16|18],28501,28526
2850218,117,[16|18],[16|18],28502,28527
2850318,117,[16|18],[16|18],28503,28528
2850418,117,[16|18],[16|18],28504,28529
2850518,117,[16|18],[16|18],28505,28530
2850120,117,[19|20],[19|20],28501,28531
2850220,117,[19|20],[19|20],28502,28532
2850320,117,[19|20],[19|20],28503,28533
2850420,117,[19|20],[19|20],28504,28534
2850520,117,[19|20],[19|20],28505,28535
2850123,117,[21|23],[21|23],28501,28536
2850223,117,[21|23],[21|23],28502,28537
2850323,117,[21|23],[21|23],28503,28538
2850423,117,[21|23],[21|23],28504,28539
2850523,117,[21|23],[21|23],28505,28540
2850125,117,[24|25],[24|25],28501,28541
2850225,117,[24|25],[24|25],28502,28542
2850325,117,[24|25],[24|25],28503,28543
2850425,117,[24|25],[24|25],28504,28544
2850525,117,[24|25],[24|25],28505,28545
2850128,117,[26|28],[26|28],28501,28546
2850228,117,[26|28],[26|28],28502,28547
2850328,117,[26|28],[26|28],28503,28548
2850428,117,[26|28],[26|28],28504,28549
2850528,117,[26|28],[26|28],28505,28550
2850130,117,[29|30],[29|30],28501,28551
2850230,117,[29|30],[29|30],28502,28552
2850330,117,[29|30],[29|30],28503,28553
2850430,117,[29|30],[29|30],28504,28554
2850530,117,[29|30],[29|30],28505,28555
2850133,117,[31|33],[31|33],28501,28556
2850233,117,[31|33],[31|33],28502,28557
2850333,117,[31|33],[31|33],28503,28558
2850433,117,[31|33],[31|33],28504,28559
2850533,117,[31|33],[31|33],28505,28560
2850135,117,[34|35],[34|35],28501,28561
2850235,117,[34|35],[34|35],28502,28562
2850335,117,[34|35],[34|35],28503,28563
2850435,117,[34|35],[34|35],28504,28564
2850535,117,[34|35],[34|35],28505,28565
2850138,117,[36|38],[36|38],28501,28566
2850238,117,[36|38],[36|38],28502,28567
2850338,117,[36|38],[36|38],28503,28568
2850438,117,[36|38],[36|38],28504,28569
2850538,117,[36|38],[36|38],28505,28570
2850199,117,[39|99],[39|99],28501,28571
2850299,117,[39|99],[39|99],28502,28572
2850399,117,[39|99],[39|99],28503,28573
2850499,117,[39|99],[39|99],28504,28574
2850599,117,[39|99],[39|99],28505,28575
2910199,117,[0|99],[0|99],29101,29101
2910299,117,[0|99],[0|99],29102,29102
2910399,117,[0|99],[0|99],29103,29103
2910499,117,[0|99],[0|99],29104,29104
2910599,117,[0|99],[0|99],29105,29105
2910699,117,[0|99],[0|99],29106,29106
2910799,117,[0|99],[0|99],29107,29107
2910899,117,[0|99],[0|99],29108,29108
2910999,117,[0|99],[0|99],29109,29109
2911099,117,[0|99],[0|99],29110,29110
2911199,117,[0|99],[0|99],29111,29111
2911299,117,[0|99],[0|99],29112,29112
2911399,117,[0|99],[0|99],29113,29113
2911499,117,[0|99],[0|99],29114,29114
2911599,117,[0|99],[0|99],29115,29115
2911699,117,[0|99],[0|99],29116,29116
2911799,117,[0|99],[0|99],29117,29117
2911899,117,[0|99],[0|99],29118,29118
2911999,117,[0|99],[0|99],29119,29119
2912099,117,[0|99],[0|99],29120,29120
2912199,117,[0|99],[0|99],29121,29121
2912299,117,[0|99],[0|99],29122,29122
2912399,117,[0|99],[0|99],29123,29123
2912499,117,[0|99],[0|99],29124,29124
2912599,117,[0|99],[0|99],29125,29125
2912699,117,[0|99],[0|99],29126,29126
2912799,117,[0|99],[0|99],29127,29127
2912899,117,[0|99],[0|99],29128,29128
2912999,117,[0|99],[0|99],29129,29129
2913099,117,[0|99],[0|99],29130,29130
2913199,117,[0|99],[0|99],29131,29131
2913299,117,[0|99],[0|99],29132,29132
2913399,117,[0|99],[0|99],29133,29133
2913499,117,[0|99],[0|99],29134,29134
2913599,117,[0|99],[0|99],29135,29135
2913699,117,[0|99],[0|99],29136,29136
2913799,117,[0|99],[0|99],29137,29137
2913899,117,[0|99],[0|99],29138,29138
2913999,117,[0|99],[0|99],29139,29139
2914099,117,[0|99],[0|99],29140,29140
2914199,117,[0|99],[0|99],29141,29141
2914299,117,[0|99],[0|99],29142,29142
2914399,117,[0|99],[0|99],29143,29143
2914499,117,[0|99],[0|99],29144,29144
2914599,117,[0|99],[0|99],29145,29145
2914699,117,[0|99],[0|99],29146,29146
2914799,117,[0|99],[0|99],29147,29147
2914899,117,[0|99],[0|99],29148,29148
2914999,117,[0|99],[0|99],29149,29149
2915099,117,[0|99],[0|99],29150,29150
2915199,117,[0|99],[0|99],29151,29151
2915299,117,[0|99],[0|99],29152,29152
2915399,117,[0|99],[0|99],29153,29153
2915499,117,[0|99],[0|99],29154,29154
2915599,117,[0|99],[0|99],29155,29155
2915699,117,[0|99],[0|99],29156,29156
2915799,117,[0|99],[0|99],29157,29157
2915899,117,[0|99],[0|99],29158,29158
2915999,117,[0|99],[0|99],29159,29159
2916099,117,[0|99],[0|99],29160,29160
2916199,117,[0|99],[0|99],29161,29161
2916299,117,[0|99],[0|99],29162,29162
2916399,117,[0|99],[0|99],29163,29163
2916499,117,[0|99],[0|99],29164,29164
2916599,117,[0|99],[0|99],29165,29165
2916699,117,[0|99],[0|99],29166,29166
2916799,117,[0|99],[0|99],29167,29167
2916899,117,[0|99],[0|99],29168,29168
2916999,117,[0|99],[0|99],29169,29169
2917099,117,[0|99],[0|99],29170,29170
2917199,117,[0|99],[0|99],29171,29171
2917299,117,[0|99],[0|99],29172,29172
2917399,117,[0|99],[0|99],29173,29173
2917499,117,[0|99],[0|99],29174,29174
2917599,117,[0|99],[0|99],29175,29175
2917699,117,[0|99],[0|99],29176,29176
2917799,117,[0|99],[0|99],29177,29177
2917899,117,[0|99],[0|99],29178,29178
2917999,117,[0|99],[0|99],29179,29179
2918099,117,[0|99],[0|99],29180,29180
2918199,117,[0|99],[0|99],29181,29181
2918299,117,[0|99],[0|99],29182,29182
2918399,117,[0|99],[0|99],29183,29183
2918499,117,[0|99],[0|99],29184,29184
2918599,117,[0|99],[0|99],29185,29185
2918699,117,[0|99],[0|99],29186,29186
2918799,117,[0|99],[0|99],29187,29187
2918899,117,[0|99],[0|99],29188,29188
2918999,117,[0|99],[0|99],29189,29189
2919099,117,[0|99],[0|99],29190,29190
2919199,117,[0|99],[0|99],29191,29191
2919299,117,[0|99],[0|99],29192,29192
2919399,117,[0|99],[0|99],29193,29193
2919499,117,[0|99],[0|99],29194,29194
2919599,117,[0|99],[0|99],29195,29195
2919699,117,[0|99],[0|99],29196,29196
2919799,117,[0|99],[0|99],29197,29197
2919899,117,[0|99],[0|99],29198,29198
2919999,117,[0|99],[0|99],29199,29199
2920099,117,[0|99],[0|99],29200,29200
2920199,117,[0|99],[0|99],29201,29201
2920299,117,[0|99],[0|99],29202,29202
2920399,117,[0|99],[0|99],29203,29203
2920499,117,[0|99],[0|99],29204,29204
2920599,117,[0|99],[0|99],29205,29205
2920699,117,[0|99],[0|99],29206,29206
2920799,117,[0|99],[0|99],29207,29207
2920899,117,[0|99],[0|99],29208,29208
2920999,117,[0|99],[0|99],29209,29209
2921099,117,[0|99],[0|99],29210,29210
2921199,117,[0|99],[0|99],29211,29211
2921299,117,[0|99],[0|99],29212,29212
2921399,117,[0|99],[0|99],29213,29213
2921499,117,[0|99],[0|99],29214,29214
2921599,117,[0|99],[0|99],29215,29215
2921699,117,[0|99],[0|99],29216,29216
2921799,117,[0|99],[0|99],29217,29217
2921899,117,[0|99],[0|99],29218,29218
2921999,117,[0|99],[0|99],29219,29219
2922099,117,[0|99],[0|99],29220,29220
2922199,117,[0|99],[0|99],29221,29221
2922299,117,[0|99],[0|99],29222,29222
2922399,117,[0|99],[0|99],29223,29223
2922499,117,[0|99],[0|99],29224,29224
2922599,117,[0|99],[0|99],29225,29225
2922699,117,[0|99],[0|99],29226,29226
2922799,117,[0|99],[0|99],29227,29227
2922899,117,[0|99],[0|99],29228,29228
2922999,117,[0|99],[0|99],29229,29229
2923099,117,[0|99],[0|99],29230,29230
2923199,117,[0|99],[0|99],29231,29231
2923299,117,[0|99],[0|99],29232,29232
2923399,117,[0|99],[0|99],29233,29233
2923499,117,[0|99],[0|99],29234,29234
2923599,117,[0|99],[0|99],29235,29235
2923699,117,[0|99],[0|99],29236,29236
2923799,117,[0|99],[0|99],29237,29237
2923899,117,[0|99],[0|99],29238,29238
2923999,117,[0|99],[0|99],29239,29239
2924099,117,[0|99],[0|99],29240,29240
2924199,117,[0|99],[0|99],29241,29241
2924299,117,[0|99],[0|99],29242,29242
2924399,117,[0|99],[0|99],29243,29243
2924499,117,[0|99],[0|99],29244,29244
2924599,117,[0|99],[0|99],29245,29245
2924699,117,[0|99],[0|99],29246,29246
2924799,117,[0|99],[0|99],29247,29247
2924899,117,[0|99],[0|99],29248,29248
2924999,117,[0|99],[0|99],29249,29249
2925099,117,[0|99],[0|99],29250,29250
2925199,117,[0|99],[0|99],29251,29251
2925299,117,[0|99],[0|99],29252,29252
2925399,117,[0|99],[0|99],29253,29253
2925499,117,[0|99],[0|99],29254,29254
2925599,117,[0|99],[0|99],29255,29255
2925699,117,[0|99],[0|99],29256,29256
2925799,117,[0|99],[0|99],29257,29257
2925899,117,[0|99],[0|99],29258,29258
2925999,117,[0|99],[0|99],29259,29259
2926099,117,[0|99],[0|99],29260,29260
2926199,117,[0|99],[0|99],29261,29261
2926299,117,[0|99],[0|99],29262,29262
2926399,117,[0|99],[0|99],29263,29263
2926499,117,[0|99],[0|99],29264,29264
2926599,117,[0|99],[0|99],29265,29265
2926699,117,[0|99],[0|99],29266,29266
2926799,117,[0|99],[0|99],29267,29267
2926899,117,[0|99],[0|99],29268,29268
2926999,117,[0|99],[0|99],29269,29269
2927099,117,[0|99],[0|99],29270,29270
2927199,117,[0|99],[0|99],29271,29271
2927299,117,[0|99],[0|99],29272,29272
2927399,117,[0|99],[0|99],29273,29273
2927499,117,[0|99],[0|99],29274,29274
2927599,117,[0|99],[0|99],29275,29275
2927699,117,[0|99],[0|99],29276,29276
2927799,117,[0|99],[0|99],29277,29277
2927899,117,[0|99],[0|99],29278,29278
2927999,117,[0|99],[0|99],29279,29279
2928099,117,[0|99],[0|99],29280,29280
2928199,117,[0|99],[0|99],29281,29281
2928299,117,[0|99],[0|99],29282,29282
2928399,117,[0|99],[0|99],29283,29283
2928499,117,[0|99],[0|99],29284,29284
2928599,117,[0|99],[0|99],29285,29285
2928699,117,[0|99],[0|99],29286,29286
2928799,117,[0|99],[0|99],29287,29287
2928899,117,[0|99],[0|99],29288,29288
2928999,117,[0|99],[0|99],29289,29289
2929099,117,[0|99],[0|99],29290,29290
2929199,117,[0|99],[0|99],29291,29291
2929299,117,[0|99],[0|99],29292,29292
2929399,117,[0|99],[0|99],29293,29293
2929499,117,[0|99],[0|99],29294,29294
2929599,117,[0|99],[0|99],29295,29295
2929699,117,[0|99],[0|99],29296,29296
2929799,117,[0|99],[0|99],29297,29297
2929899,117,[0|99],[0|99],29298,29298
2929999,117,[0|99],[0|99],29299,29299
2930099,117,[0|99],[0|99],29300,29300
410199,117,[0|99],[0|99],4101,9064011
411199,117,[0|99],[0|99],4111,9064116
4070199,106,[0|99],[0|99],40701,40701
4070299,107,[0|99],[0|99],40702,40702
4070305,117,[0|5],[0|5],40703,40703
4070310,117,[6|10],[6|10],40703,40704
4070315,117,[11|15],[11|15],40703,40705
4070320,117,[16|20],[16|20],40703,40706
4070325,117,[21|25],[21|25],40703,40707
4070330,117,[26|30],[26|30],40703,40708
4070335,117,[31|35],[31|35],40703,40709
4070399,117,[36|99],[36|99],40703,40710
4071199,107,[0|99],[0|99],40711,40711
4071299,107,[0|99],[0|99],40712,40712
4071399,107,[0|99],[0|99],40713,40713
4071499,107,[0|99],[0|99],40714,40714
2990405,117,[0|5],[0|5],29904,29901
2990410,117,[6|10],[6|10],29904,29902
2990415,117,[11|15],[11|15],29904,29903
2990420,117,[16|20],[16|20],29904,29904
2990425,117,[21|25],[21|25],29904,29905
2990430,117,[26|30],[26|30],29904,29906
2990435,117,[31|35],[31|35],29904,29907
2990499,117,[36|99],[36|99],29904,29908
2990505,117,[0|5],[0|5],29905,29911
2990510,117,[6|10],[6|10],29905,29912
2990515,117,[11|15],[11|15],29905,29913
2990520,117,[16|20],[16|20],29905,29914
2990525,117,[21|25],[21|25],29905,29915
2990530,117,[26|30],[26|30],29905,29916
2990535,117,[31|35],[31|35],29905,29917
2990599,117,[36|99],[36|99],29905,29918
131000005,117,[0|5],[0|5],1310000,1310001
131000008,117,[6|8],[6|8],1310000,1310002
131000010,117,[9|10],[9|10],1310000,1310003
131000013,117,[11|13],[11|13],1310000,1310004
131000015,117,[14|15],[14|15],1310000,1310005
131000018,117,[16|18],[16|18],1310000,1310006
131000020,117,[19|20],[19|20],1310000,1310007
131000023,117,[21|23],[21|23],1310000,1310008
131000025,117,[24|25],[24|25],1310000,1310009
131000028,117,[26|28],[26|28],1310000,1310010
131000030,117,[29|30],[29|30],1310000,1310011
131000033,117,[31|33],[31|33],1310000,1310012
131000035,117,[34|35],[34|35],1310000,1310013
131000038,117,[36|38],[36|38],1310000,1310014
131000099,117,[39|99],[39|99],1310000,1310015
131010005,117,[0|5],[0|5],1310100,1310101
131010008,117,[6|8],[6|8],1310100,1310102
131010010,117,[9|10],[9|10],1310100,1310103
131010013,117,[11|13],[11|13],1310100,1310104
131010015,117,[14|15],[14|15],1310100,1310105
131010018,117,[16|18],[16|18],1310100,1310106
131010020,117,[19|20],[19|20],1310100,1310107
131010023,117,[21|23],[21|23],1310100,1310108
131010025,117,[24|25],[24|25],1310100,1310109
131010028,117,[26|28],[26|28],1310100,1310110
131010030,117,[29|30],[29|30],1310100,1310111
131010033,117,[31|33],[31|33],1310100,1310112
131010035,117,[34|35],[34|35],1310100,1310113
131010038,117,[36|38],[36|38],1310100,1310114
131010099,117,[39|99],[39|99],1310100,1310115
131020005,117,[0|5],[0|5],1310200,1310201
131020008,117,[6|8],[6|8],1310200,1310202
131020010,117,[9|10],[9|10],1310200,1310203
131020013,117,[11|13],[11|13],1310200,1310204
131020015,117,[14|15],[14|15],1310200,1310205
131020018,117,[16|18],[16|18],1310200,1310206
131020020,117,[19|20],[19|20],1310200,1310207
131020023,117,[21|23],[21|23],1310200,1310208
131020025,117,[24|25],[24|25],1310200,1310209
131020028,117,[26|28],[26|28],1310200,1310210
131020030,117,[29|30],[29|30],1310200,1310211
131020033,117,[31|33],[31|33],1310200,1310212
131020035,117,[34|35],[34|35],1310200,1310213
131020038,117,[36|38],[36|38],1310200,1310214
131020099,117,[39|99],[39|99],1310200,1310215
131030005,117,[0|5],[0|5],1310300,1310301
131030008,117,[6|8],[6|8],1310300,1310302
131030010,117,[9|10],[9|10],1310300,1310303
131030013,117,[11|13],[11|13],1310300,1310304
131030015,117,[14|15],[14|15],1310300,1310305
131030018,117,[16|18],[16|18],1310300,1310306
131030020,117,[19|20],[19|20],1310300,1310307
131030023,117,[21|23],[21|23],1310300,1310308
131030025,117,[24|25],[24|25],1310300,1310309
131030028,117,[26|28],[26|28],1310300,1310310
131030030,117,[29|30],[29|30],1310300,1310311
131030033,117,[31|33],[31|33],1310300,1310312
131030035,117,[34|35],[34|35],1310300,1310313
131030038,117,[36|38],[36|38],1310300,1310314
131030099,117,[39|99],[39|99],1310300,1310315
131040005,117,[0|5],[0|5],1310400,1310401
131040008,117,[6|8],[6|8],1310400,1310402
131040010,117,[9|10],[9|10],1310400,1310403
131040013,117,[11|13],[11|13],1310400,1310404
131040015,117,[14|15],[14|15],1310400,1310405
131040018,117,[16|18],[16|18],1310400,1310406
131040020,117,[19|20],[19|20],1310400,1310407
131040023,117,[21|23],[21|23],1310400,1310408
131040025,117,[24|25],[24|25],1310400,1310409
131040028,117,[26|28],[26|28],1310400,1310410
131040030,117,[29|30],[29|30],1310400,1310411
131040033,117,[31|33],[31|33],1310400,1310412
131040035,117,[34|35],[34|35],1310400,1310413
131040038,117,[36|38],[36|38],1310400,1310414
131040099,117,[39|99],[39|99],1310400,1310415
131050005,117,[0|5],[0|5],1310500,1310501
131050008,117,[6|8],[6|8],1310500,1310502
131050010,117,[9|10],[9|10],1310500,1310503
131050013,117,[11|13],[11|13],1310500,1310504
131050015,117,[14|15],[14|15],1310500,1310505
131050018,117,[16|18],[16|18],1310500,1310506
131050020,117,[19|20],[19|20],1310500,1310507
131050023,117,[21|23],[21|23],1310500,1310508
131050025,117,[24|25],[24|25],1310500,1310509
131050028,117,[26|28],[26|28],1310500,1310510
131050030,117,[29|30],[29|30],1310500,1310511
131050033,117,[31|33],[31|33],1310500,1310512
131050035,117,[34|35],[34|35],1310500,1310513
131050038,117,[36|38],[36|38],1310500,1310514
131050099,117,[39|99],[39|99],1310500,1310515
405115101,117,[0|99],[0|99],405115101,405115101
405115102,117,[0|99],[0|99],405115102,405115102
405115103,117,[0|99],[0|99],405115103,405115103
405115104,117,[0|99],[0|99],405115104,405115104
405115105,117,[0|99],[0|99],405115105,405115105
406280801,117,[0|99],[0|99],406280801,406280801
406280802,117,[0|99],[0|99],406280802,406280802
406280803,117,[0|99],[0|99],406280803,406280803
406280804,117,[0|99],[0|99],406280804,406280804
406280805,117,[0|99],[0|99],406280805,406280805
411265001,117,[0|99],[0|99],411265001,411265001
412245101,117,[0|99],[0|99],412245101,412245101
412245102,117,[0|99],[0|99],412245102,412245102
412245103,117,[0|99],[0|99],412245103,412245103
412245104,117,[0|99],[0|99],412245104,412245104
412245105,117,[0|99],[0|99],412245105,412245105
508151001,117,[0|99],[0|99],508151001,508151001
508151002,117,[0|99],[0|99],508151002,508151002
508151003,117,[0|99],[0|99],508151003,508151003
508151004,117,[0|99],[0|99],508151004,508151004
508151005,117,[0|99],[0|99],508151005,508151005
508186001,117,[0|99],[0|99],503245555,503245555
508186002,117,[0|99],[0|99],503245555,508186002
508187001,117,[0|99],[0|99],503245556,503245556
508187002,117,[0|99],[0|99],503245556,508187002
508188001,117,[0|99],[0|99],503245557,503245557
508188101,117,[0|99],[0|99],503245558,503245558
604239001,117,[0|99],[0|99],604239001,604239001
604239002,117,[0|99],[0|99],604239002,604239002
