id,group_limit,group_limit_num,group_order,group_pre,tab_id,task_count
101,-1,,101,-1,101,8
102,-1,,102,-1,101,8
103,-1,,103,-1,101,8
104,-1,,104,-1,101,8
105,-1,,105,-1,101,8
106,-1,,105,-1,212,1
107,-1,,104,-1,212,1
201,-1,,201,-1,102,7
203,-1,,203,-1,102,8
204,-1,,204,-1,102,8
205,-1,,205,-1,102,8
206,-1,,206,-1,102,8
301,-1,,301,-1,103,5
302,-1,,302,-1,103,6
303,-1,,303,-1,103,6
304,-1,,304,-1,103,8
305,-1,,305,-1,103,10
311,-1,,311,-1,103,5
313,-1,,313,-1,103,5
315,-1,,315,-1,103,5
401,-1,,401,-1,104,9
402,-1,,402,-1,104,9
501,-1,,501,-1,105,7
502,-1,,502,-1,105,7
503,-1,,503,-1,105,7
504,-1,,504,-1,105,7
505,-1,,505,-1,105,7
506,-1,,506,-1,105,5
507,-1,,507,-1,105,7
508,-1,,508,-1,105,4
509,-1,,509,-1,105,4
510,-1,,510,-1,105,4
511,-1,,511,-1,105,4
512,-1,,512,-1,105,4
1101,-1,,1101,-1,201,3
1103,-1,,1103,-1,201,4
1104,-1,,1104,-1,201,5
1105,-1,,1105,-1,201,6
1201,-1,,1201,-1,202,3
1202,-1,,1202,-1,202,6
1203,-1,,1203,-1,202,7
1204,-1,,1204,-1,202,8
1205,-1,,1205,-1,202,8
1301,-1,,1301,-1,203,3
1302,-1,,1302,-1,203,6
1303,-1,,1303,-1,203,8
1304,-1,,1304,-1,203,8
1305,-1,,1305,-1,203,8
1402,-1,,1402,-1,204,6
1403,-1,,1403,-1,204,6
1404,-1,,1404,-1,204,8
1405,-1,,1405,-1,204,8
1502,-1,,1502,-1,205,6
1503,-1,,1503,-1,205,9
1504,-1,,1504,-1,205,8
1505,-1,,1505,-1,205,8
1601,-1,,1601,-1,206,1
1602,-1,,1602,-1,206,1
1603,-1,,1603,-1,206,1
1604,-1,,1604,-1,206,1
1605,-1,,1605,-1,206,1
1606,-1,,1606,-1,206,1
1607,-1,,1607,-1,206,1
1608,-1,,1608,-1,206,1
1609,-1,,1609,-1,206,1
1610,-1,,1610,-1,206,1
1611,-1,,1611,-1,206,1
1612,-1,,1612,-1,206,1
1613,-1,,1613,-1,206,1
1614,-1,,1614,-1,206,1
1615,-1,,1615,-1,206,1
1616,-1,,1616,-1,206,1
1617,-1,,1617,-1,206,1
1618,-1,,1618,-1,206,1
1619,-1,,1619,-1,206,1
1620,-1,,1620,-1,206,1
1621,-1,,1621,-1,206,1
1622,-1,,1622,-1,206,1
1623,-1,,1623,-1,206,1
1624,-1,,1624,-1,206,1
1625,-1,,1625,-1,206,1
1626,-1,,1626,-1,206,1
1627,-1,,1627,-1,206,1
1628,-1,,1628,-1,206,1
1629,-1,,1629,-1,206,1
1630,-1,,1630,-1,206,1
1631,-1,,1631,-1,206,1
1632,-1,,1632,-1,206,1
1633,-1,,1633,-1,206,1
1634,-1,,1634,-1,206,1
1635,-1,,1635,-1,206,1
1636,-1,,1636,-1,206,1
1637,-1,,1637,-1,206,1
1638,-1,,1638,-1,206,1
1639,-1,,1639,-1,206,1
1640,-1,,1640,-1,206,1
1701,-1,,1701,-1,207,1
1702,-1,,1702,-1,207,1
1703,-1,,1703,-1,207,1
1704,-1,,1704,-1,207,1
1705,-1,,1705,-1,207,1
1706,-1,,1706,-1,207,1
1707,-1,,1707,-1,207,1
1708,-1,,1708,-1,207,1
1709,-1,,1709,-1,207,1
1710,-1,,1710,-1,207,1
1711,-1,,1711,-1,207,1
1712,-1,,1712,-1,207,1
1713,-1,,1713,-1,207,1
1714,-1,,1714,-1,207,1
1715,-1,,1715,-1,207,1
1716,-1,,1716,-1,207,1
1717,-1,,1717,-1,207,1
1718,-1,,1718,-1,207,1
1719,-1,,1719,-1,207,1
1720,-1,,1720,-1,207,1
1721,-1,,1721,-1,207,1
1722,-1,,1722,-1,207,1
1723,-1,,1723,-1,207,1
1724,-1,,1724,-1,207,1
1725,-1,,1725,-1,207,1
1726,-1,,1726,-1,207,1
1727,-1,,1727,-1,207,1
1728,-1,,1728,-1,207,1
1729,-1,,1729,-1,207,1
1730,-1,,1730,-1,207,1
1731,-1,,1731,-1,207,1
1732,-1,,1732,-1,207,1
1733,-1,,1733,-1,207,1
1734,-1,,1734,-1,207,1
1735,-1,,1735,-1,207,1
1736,-1,,1736,-1,207,1
1737,-1,,1737,-1,207,1
1738,-1,,1738,-1,207,1
1739,-1,,1739,-1,207,1
1740,-1,,1740,-1,207,1
1801,-1,,1801,-1,208,1
1802,-1,,1802,-1,208,1
1803,-1,,1803,-1,208,1
1804,-1,,1804,-1,208,1
1805,-1,,1805,-1,208,1
1806,-1,,1806,-1,208,1
1807,-1,,1807,-1,208,1
1808,-1,,1808,-1,208,1
1809,-1,,1809,-1,208,1
1810,-1,,1810,-1,208,1
1811,-1,,1811,-1,208,1
1812,-1,,1812,-1,208,1
1813,-1,,1813,-1,208,1
1814,-1,,1814,-1,208,1
1815,-1,,1815,-1,208,1
1816,-1,,1816,-1,208,1
1817,-1,,1817,-1,208,1
1818,-1,,1818,-1,208,1
1819,-1,,1819,-1,208,1
1820,-1,,1820,-1,208,1
1821,-1,,1821,-1,208,1
1822,-1,,1822,-1,208,1
1823,-1,,1823,-1,208,1
1824,-1,,1824,-1,208,1
1825,-1,,1825,-1,208,1
1826,-1,,1826,-1,208,1
1827,-1,,1827,-1,208,1
1828,-1,,1828,-1,208,1
1829,-1,,1829,-1,208,1
1830,-1,,1830,-1,208,1
1831,-1,,1831,-1,208,1
1832,-1,,1832,-1,208,1
1833,-1,,1833,-1,208,1
1834,-1,,1834,-1,208,1
1835,-1,,1835,-1,208,1
1836,-1,,1836,-1,208,1
1837,-1,,1837,-1,208,1
1838,-1,,1838,-1,208,1
1839,-1,,1839,-1,208,1
1840,-1,,1840,-1,208,1
1901,-1,,1901,-1,209,1
1902,-1,,1902,-1,209,1
1903,-1,,1903,-1,209,1
1904,-1,,1904,-1,209,1
1905,-1,,1905,-1,209,1
1906,-1,,1906,-1,209,1
1907,-1,,1907,-1,209,1
1908,-1,,1908,-1,209,1
1909,-1,,1909,-1,209,1
1910,-1,,1910,-1,209,1
1911,-1,,1911,-1,209,1
1912,-1,,1912,-1,209,1
1913,-1,,1913,-1,209,1
1914,-1,,1914,-1,209,1
1915,-1,,1915,-1,209,1
1916,-1,,1916,-1,209,1
1917,-1,,1917,-1,209,1
1918,-1,,1918,-1,209,1
1919,-1,,1919,-1,209,1
1920,-1,,1920,-1,209,1
1921,-1,,1921,-1,209,1
1922,-1,,1922,-1,209,1
1923,-1,,1923,-1,209,1
1924,-1,,1924,-1,209,1
1925,-1,,1925,-1,209,1
1926,-1,,1926,-1,209,1
1927,-1,,1927,-1,209,1
1928,-1,,1928,-1,209,1
1929,-1,,1929,-1,209,1
1930,-1,,1930,-1,209,1
1931,-1,,1931,-1,209,1
1932,-1,,1932,-1,209,1
1933,-1,,1933,-1,209,1
1934,-1,,1934,-1,209,1
1935,-1,,1935,-1,209,1
1936,-1,,1936,-1,209,1
1937,-1,,1937,-1,209,1
1938,-1,,1938,-1,209,1
1939,-1,,1939,-1,209,1
1940,-1,,1940,-1,209,1
2001,-1,,2001,-1,210,1
2002,-1,,2002,-1,210,1
2003,-1,,2003,-1,210,1
2004,-1,,2004,-1,210,1
2005,-1,,2005,-1,210,1
2006,-1,,2006,-1,210,1
2007,-1,,2007,-1,210,1
2008,-1,,2008,-1,210,1
2009,-1,,2009,-1,210,1
2010,-1,,2010,-1,210,1
2011,-1,,2011,-1,210,1
2012,-1,,2012,-1,210,1
2013,-1,,2013,-1,210,1
2014,-1,,2014,-1,210,1
2015,-1,,2015,-1,210,1
2016,-1,,2016,-1,210,1
2017,-1,,2017,-1,210,1
2018,-1,,2018,-1,210,1
2019,-1,,2019,-1,210,1
2020,-1,,2020,-1,210,1
2021,-1,,2021,-1,210,1
2022,-1,,2022,-1,210,1
2023,-1,,2023,-1,210,1
2024,-1,,2024,-1,210,1
2025,-1,,2025,-1,210,1
2026,-1,,2026,-1,210,1
2027,-1,,2027,-1,210,1
2028,-1,,2028,-1,210,1
2029,-1,,2029,-1,210,1
2030,-1,,2030,-1,210,1
2031,-1,,2031,-1,210,1
2032,-1,,2032,-1,210,1
2033,-1,,2033,-1,210,1
2034,-1,,2034,-1,210,1
2035,-1,,2035,-1,210,1
2036,-1,,2036,-1,210,1
2037,-1,,2037,-1,210,1
2038,-1,,2038,-1,210,1
2039,-1,,2039,-1,210,1
2040,-1,,2040,-1,210,1
2101,-1,,2101,-1,211,1
2102,-1,,2102,-1,211,1
2103,-1,,2103,-1,211,1
2104,-1,,2104,-1,211,1
2105,-1,,2105,-1,211,1
2106,-1,,2106,-1,211,1
2107,-1,,2107,-1,211,1
2108,-1,,2108,-1,211,1
2109,-1,,2109,-1,211,1
2110,-1,,2110,-1,211,1
2111,-1,,2111,-1,211,1
2112,-1,,2112,-1,211,1
2113,-1,,2113,-1,211,1
2114,-1,,2114,-1,211,1
2115,-1,,2115,-1,211,1
2116,-1,,2116,-1,211,1
2117,-1,,2117,-1,211,1
2118,-1,,2118,-1,211,1
2119,-1,,2119,-1,211,1
2120,-1,,2120,-1,211,1
2121,-1,,2121,-1,211,1
2122,-1,,2122,-1,211,1
2123,-1,,2123,-1,211,1
2124,-1,,2124,-1,211,1
2125,-1,,2125,-1,211,1
2126,-1,,2126,-1,211,1
2127,-1,,2127,-1,211,1
2128,-1,,2128,-1,211,1
2129,-1,,2129,-1,211,1
2130,-1,,2130,-1,211,1
2131,-1,,2131,-1,211,1
2132,-1,,2132,-1,211,1
2133,-1,,2133,-1,211,1
2134,-1,,2134,-1,211,1
2135,-1,,2135,-1,211,1
2136,-1,,2136,-1,211,1
2137,-1,,2137,-1,211,1
2138,-1,,2138,-1,211,1
2139,-1,,2139,-1,211,1
2140,-1,,2140,-1,211,1
2201,-1,,107,-1,212,1
2202,-1,,102,-1,212,1
2203,-1,,101,-1,212,1
